ticker,company,day,close,volume
HDMT,현도자동차,1,71135.81,114574
HLPM,혜린제약,1,40817.75,293538
HRBI,현려바이오,1,55467.7,301880
JCSC,지찬반도체,1,78072.98,231743
JHFD,주현식품,1,24011.79,169099
MHCH,문호화학,1,44663.13,248113
SHEN,수하에너지,1,59309.42,169075
SYTR,성윤물산,1,27443.63,311437
THCT,태호건설,1,31889.57,207864
THTC,태환통신,1,37406.59,243542
YJBK,유진문고,1,18431.44,116946
YWEL,영욱전자,1,51583.7,92172
HDMT,현도자동차,2,72456.91,149278
HLPM,혜린제약,2,39742.78,503404
HRBI,현려바이오,2,56080.75,361756
JCSC,지찬반도체,2,76359.71,335546
JHFD,주현식품,2,24085.35,162226
MHCH,문호화학,2,44437.29,236033
SHEN,수하에너지,2,58763.94,188656
SYTR,성윤물산,2,26959.07,347361
THCT,태호건설,2,31856.2,177250
THTC,태환통신,2,36905.2,247438
YJBK,유진문고,2,18914.54,184471
YWEL,영욱전자,2,53289.38,136443
HDMT,현도자동차,3,73965.94,176215
HLPM,혜린제약,3,38767.65,372444
HRBI,현려바이오,3,56826.43,345203
JCSC,지찬반도체,3,74850.51,323584
JHFD,주현식품,3,24211.52,153183
MHCH,문호화학,3,44314.09,183853
SHEN,수하에너지,3,58357.11,279352
SYTR,성윤물산,3,26542.62,351020
THCT,태호건설,3,31906.23,207542
THTC,태환통신,3,36497.83,293364
YJBK,유진문고,3,19439.51,164590
YWEL,영욱전자,3,55117.57,146390
HDMT,현도자동차,4,75662.07,216347
HLPM,혜린제약,4,37901.27,437563
HRBI,현려바이오,4,57710.59,314598
JCSC,지찬반도체,4,73523.67,447450
JHFD,주현식품,4,24404.64,201408
MHCH,문호화학,4,44310.47,222337
SHEN,수하에너지,4,58101.18,197800
SYTR,성윤물산,4,26195.38,304968
THCT,태호건설,4,32034.66,190619
THTC,태환통신,4,36186.86,232534
YJBK,유진문고,4,20014.84,132892
YWEL,영욱전자,4,57074.28,147568
HDMT,현도자동차,5,77539.71,139038
HLPM,혜린제약,5,37131.34,449120
HRBI,현려바이오,5,58740.04,390399
JCSC,지찬반도체,5,72400.39,370308
JHFD,주현식품,5,24657.9,202964
MHCH,문호화학,5,44416.97,205147
SHEN,수하에너지,5,57994.46,197346
SYTR,성윤물산,5,25917.9,272492
THCT,태호건설,5,32241.67,223624
THTC,태환통신,5,35969.05,200280
YJBK,유진문고,5,20636.86,140108
YWEL,영욱전자,5,59171.45,166244
HDMT,현도자동차,6,79624.58,178893
HLPM,혜린제약,6,36457.82,413873
HRBI,현려바이오,6,59930.92,324067
JCSC,지찬반도체,6,71454.31,357637
JHFD,주현식품,6,24977.72,186663
MHCH,문호화학,6,44633.27,218564
SHEN,수하에너지,6,58038.32,258882
SYTR,성윤물산,6,25704.31,265268
THCT,태호건설,6,32531.11,196301
THTC,태환통신,6,35845.63,209815
YJBK,유진문고,6,21310.76,151665
YWEL,영욱전자,6,61406.77,146505
HDMT,현도자동차,7,81914.08,156835
HLPM,혜린제약,7,35874.47,445808
HRBI,현려바이오,7,61262.41,368754
JCSC,지찬반도체,7,70693.14,325392
JHFD,주현식품,7,25360.59,149873
MHCH,문호화학,7,44966.33,246634
SHEN,수하에너지,7,58220.91,206747
SYTR,성윤물산,7,25557.64,323370
THCT,태호건설,7,32903.87,156823
THTC,태환통신,7,35801.03,293497
YJBK,유진문고,7,22039.91,140712
YWEL,영욱전자,7,63769.22,151986
HDMT,현도자동차,8,84403.29,232234
HLPM,혜린제약,8,35395.0,322864
HRBI,현려바이오,8,62756.12,326477
JCSC,지찬반도체,8,70108.26,257558
JHFD,주현식품,8,25804.41,162915
MHCH,문호화학,8,45412.18,168692
SHEN,수하에너지,8,58556.37,275126
SYTR,성윤물산,8,25480.8,313223
THCT,태호건설,8,33354.47,227243
THTC,태환통신,8,35851.88,194541
YJBK,유진문고,8,22819.0,196255
YWEL,영욱전자,8,66255.11,133663
HDMT,현도자동차,9,87089.72,198244
HLPM,혜린제약,9,34997.59,285086
HRBI,현려바이오,9,64393.96,283227
JCSC,지찬반도체,9,69716.43,287427
JHFD,주현식품,9,26314.02,178493
MHCH,문호화학,9,45972.62,211660
SHEN,수하에너지,9,59041.22,230840
SYTR,성윤물산,9,25463.0,289493
THCT,태호건설,9,33891.57,199463
THTC,태환통신,9,35986.68,308062
YJBK,유진문고,9,23649.33,146941
YWEL,영욱전자,9,68874.33,126122
HDMT,현도자동차,10,89991.55,235318
HLPM,혜린제약,10,34696.99,292039
HRBI,현려바이오,10,66196.08,303188
JCSC,지찬반도체,10,69486.66,287647
JHFD,주현식품,10,26889.6,229669
MHCH,문호화학,10,46641.74,186660
SHEN,수하에너지,10,59672.58,303531
SYTR,성윤물산,10,25511.99,256165
THCT,태호건설,10,34519.34,255253
THTC,태환통신,10,36220.63,305821
YJBK,유진문고,10,24532.81,138163
YWEL,영욱전자,10,71618.27,132500
HDMT,현도자동차,11,93122.78,238499
HLPM,혜린제약,11,34476.35,411639
HRBI,현려바이오,11,68170.52,312006
JCSC,지찬반도체,11,69448.48,259454
JHFD,주현식품,11,27532.7,247910
MHCH,문호화학,11,47439.08,181623
SHEN,수하에너지,11,60448.63,304171
SYTR,성윤물산,11,25617.92,348902
THCT,태호건설,11,35228.64,192076
THTC,태환통신,11,36549.22,238385
YJBK,유진문고,11,25467.14,146114
YWEL,영욱전자,11,74492.89,150852
HDMT,현도자동차,12,96458.83,155659
HLPM,혜린제약,12,34347.81,361732
HRBI,현려바이오,12,70305.95,364958
JCSC,지찬반도체,12,69584.16,238151
JHFD,주현식품,12,28247.31,209170
MHCH,문호화학,12,48344.14,228624
SHEN,수하에너지,12,61386.68,231779
SYTR,성윤물산,12,25794.31,330074
THCT,태호건설,12,36025.37,182840
THTC,태환통신,12,36970.03,259690
YJBK,유진문고,12,26456.5,183528
YWEL,영욱전자,12,77461.63,162720
HDMT,현도자동차,13,100012.09,217973
HLPM,혜린제약,13,34308.75,317936
HRBI,현려바이오,13,72625.66,291893
JCSC,지찬반도체,13,69898.34,365730
JHFD,주현식품,13,29029.97,230298
MHCH,문호화학,13,49367.84,209263
SHEN,수하에너지,13,62482.42,300421
SYTR,성윤물산,13,26033.45,354476
THCT,태호건설,13,36913.52,228864
THTC,태환통신,13,37469.1,307592
YJBK,유진문고,13,27502.82,149301
YWEL,영욱전자,13,80541.86,143121
HDMT,현도자동차,14,103799.9,163370
HLPM,혜린제약,14,34352.0,339846
HRBI,현려바이오,14,75123.06,447847
JCSC,지찬반도체,14,70379.5,310313
JHFD,주현식품,14,29885.93,207382
MHCH,문호화학,14,50521.77,216109
SHEN,수하에너지,14,63739.48,335451
SYTR,성윤물산,14,26337.42,341030
THCT,태호건설,14,37901.77,276160
THTC,태환통신,14,38064.17,332181
YJBK,유진문고,14,28601.5,179716
YWEL,영욱전자,14,83727.86,163826
HDMT,현도자동차,15,107792.62,241284
HLPM,혜린제약,15,34478.52,397198
HRBI,현려바이오,15,77788.22,419298
JCSC,지찬반도체,15,71032.78,304853
JHFD,주현식품,15,30819.81,222201
MHCH,문호화학,15,51803.48,313069
SHEN,수하에너지,15,65139.03,217276
SYTR,성윤물산,15,26707.13,313611
THCT,태호건설,15,38983.9,283439
THTC,태환통신,15,38758.93,272778
YJBK,유진문고,15,29740.95,174571
YWEL,영욱전자,15,86987.38,165004
HDMT,현도자동차,16,111985.9,156042
HLPM,혜린제약,16,34694.28,267497
HRBI,현려바이오,16,80639.35,316000
JCSC,지찬반도체,16,71863.49,276711
JHFD,주현식품,16,31822.72,225102
MHCH,문호화학,16,53225.23,278425
SHEN,수하에너지,16,66713.54,342954
SYTR,성윤물산,16,27147.0,252889
THCT,태호건설,16,40155.24,248366
THTC,태환통신,16,39551.16,305888
YJBK,유진문고,16,30932.32,182399
YWEL,영욱전자,16,90325.77,157300
HDMT,현도자동차,17,116418.81,222446
HLPM,혜린제약,17,34998.62,304804
HRBI,현려바이오,17,83679.48,386492
JCSC,지찬반도체,17,72868.5,401622
JHFD,주현식품,17,32910.73,207453
MHCH,문호화학,17,54767.83,275905
SHEN,수하에너지,17,68461.84,239959
SYTR,성윤물산,17,27655.69,376049
THCT,태호건설,17,41428.13,282038
THTC,태환통신,17,40442.56,326782
YJBK,유진문고,17,32164.34,174047
YWEL,영욱전자,17,93721.15,147773
HDMT,현도자동차,18,121060.16,194284
HLPM,혜린제약,18,35387.09,407410
HRBI,현려바이오,18,86892.77,386581
JCSC,지찬반도체,18,74063.52,386495
JHFD,주현식품,18,34066.08,183353
MHCH,문호화학,18,56456.58,239896
SHEN,수하에너지,18,70376.43,364815
SYTR,성윤물산,18,28238.89,299410
THCT,태호건설,18,42803.77,216147
THTC,태환통신,18,41438.56,299948
YJBK,유진문고,18,33440.53,135130
YWEL,영욱전자,18,97165.93,115063
HDMT,현도자동차,19,125920.61,158915
HLPM,혜린제약,19,35865.3,449466
HRBI,현려바이오,19,90291.58,415571
JCSC,지찬반도체,19,75459.25,450484
JHFD,주현식품,19,35308.54,185107
MHCH,문호화학,19,58281.72,291109
SHEN,수하에너지,19,72465.01,238225
SYTR,성윤물산,19,28883.58,340847
THCT,태호건설,19,44286.17,299415
THTC,태환통신,19,42538.9,341387
YJBK,유진문고,19,34750.12,177623
YWEL,영욱전자,19,100625.89,154741
HDMT,현도자동차,20,130954.36,205131
HLPM,혜린제약,20,36436.86,370051
HRBI,현려바이오,20,93851.61,386008
JCSC,지찬반도체,20,77021.43,414891
JHFD,주현식품,20,36632.5,189543
MHCH,문호화학,20,60243.64,312195
SHEN,수하에너지,20,74732.78,247662
SYTR,성윤물산,20,29602.03,439839
THCT,태호건설,20,45859.44,246594
THTC,태환통신,20,43742.43,377819
YJBK,유진문고,20,36085.14,199989
YWEL,영욱전자,20,104095.99,117033
HDMT,현도자동차,21,136173.53,252165
HLPM,혜린제약,21,37099.66,467983
HRBI,현려바이오,21,97593.95,468587
JCSC,지찬반도체,21,78798.27,464725
JHFD,주현식품,21,38036.61,191353
MHCH,문호화학,21,62354.63,272517
SHEN,수하에너지,21,77178.13,262820
SYTR,성윤물산,21,30394.83,461788
THCT,태호건설,21,47545.61,259783
THTC,태환통신,21,45053.52,269576
YJBK,유진문고,21,37451.28,191957
YWEL,영욱전자,21,107556.09,137021
HDMT,현도자동차,22,141525.18,220588
HLPM,혜린제약,22,37859.55,373874
HRBI,현려바이오,22,101487.46,368500
JCSC,지찬반도체,22,80766.15,384336
JHFD,주현식품,22,39512.48,220635
MHCH,문호화학,22,64604.52,314138
SHEN,수하에너지,22,79813.72,291043
SYTR,성윤물산,22,31269.88,375572
THCT,태호건설,22,49330.67,227176
THTC,태환통신,22,46482.07,281198
YJBK,유진문고,22,38837.47,178801
YWEL,영욱전자,22,110963.37,126425
HDMT,현도자동차,23,147038.92,200615
HLPM,혜린제약,23,38715.91,406651
HRBI,현려바이오,23,105536.82,321996
JCSC,지찬반도체,23,82930.67,436823
JHFD,주현식품,23,41070.76,180341
MHCH,문호화학,23,66994.4,334485
SHEN,수하에너지,23,82652.61,389750
SYTR,성윤물산,23,32218.46,312390
THCT,태호건설,23,51232.24,198722
THTC,태환통신,23,48024.6,367686
YJBK,유진문고,23,40235.87,202221
YWEL,영욱전자,23,114301.87,120938
HDMT,현도자동차,24,152683.42,218806
HLPM,혜린제약,24,39665.49,476134
HRBI,현려바이오,24,109742.42,437566
JCSC,지찬반도체,24,85306.23,418201
JHFD,주현식품,24,42699.85,214808
MHCH,문호화학,24,69542.27,225223
SHEN,수하에너지,24,85671.56,342386
SYTR,성윤물산,24,33243.87,334832
THCT,태호건설,24,53243.86,211010
THTC,태환통신,24,49683.23,404318
YJBK,유진문고,24,41633.24,186066
YWEL,영욱전자,24,117542.53,134625
HDMT,현도자동차,25,158422.68,215054
HLPM,혜린제약,25,40718.76,427657
HRBI,현려바이오,25,114086.19,466629
JCSC,지찬반도체,25,87893.86,330095
JHFD,주현식품,25,44412.95,246799
MHCH,문호화학,25,72240.31,288639
SHEN,수하에너지,25,88884.97,361741
SYTR,성윤물산,25,34354.94,407864
THCT,태호건설,25,55360.55,300365
THTC,태환통신,25,51454.54,332360
YJBK,유진문고,25,43024.11,160268
YWEL,영욱전자,25,120660.68,139906
HDMT,현도자동차,26,164206.17,208178
HLPM,혜린제약,26,41870.5,351048
HRBI,현려바이오,26,118532.95,431656
JCSC,지찬반도체,26,90723.55,476579
JHFD,주현식품,26,46193.03,193275
MHCH,문호화학,26,75070.83,289399
SHEN,수하에너지,26,92283.85,299298
SYTR,성윤물산,26,35552.34,474970
THCT,태호건설,26,57573.22,205423
THTC,태환통신,26,53346.61,390685
YJBK,유진문고,26,44393.66,187414
YWEL,영욱전자,26,123628.94,140512
HDMT,현도자동차,27,170021.18,180522
HLPM,혜린제약,27,43131.44,530316
HRBI,현려바이오,27,123072.76,467259
JCSC,지찬반도체,27,93752.49,390385
JHFD,주현식품,27,48037.51,207446
MHCH,문호화학,27,78043.91,320686
SHEN,수하에너지,27,95904.87,396217
SYTR,성윤물산,27,36830.9,356167
THCT,태호건설,27,59884.03,240180
THTC,태환통신,27,55349.9,326683
YJBK,유진문고,27,45741.4,190411
YWEL,영욱전자,27,126409.62,126405
HDMT,현도자동차,28,175812.62,210059
HLPM,혜린제약,28,44490.88,489587
HRBI,현려바이오,28,127708.32,331314
JCSC,지찬반도체,28,97000.84,334914
JHFD,주현식품,28,49939.36,249811
MHCH,문호화학,28,81163.43,267111
SHEN,수하에너지,28,99686.46,324453
SYTR,성윤물산,28,38187.25,414483
THCT,태호건설,28,62274.28,329237
THTC,태환통신,28,57488.54,361523
YJBK,유진문고,28,47053.31,197620
YWEL,영욱전자,28,128974.68,154150
HDMT,현도자동차,29,181567.34,185810
HLPM,혜린제약,29,45958.1,485198
HRBI,현려바이오,29,132423.83,406863
JCSC,지찬반도체,29,100495.2,385108
JHFD,주현식품,29,51900.97,189700
MHCH,문호화학,29,84413.2,288636
SHEN,수하에너지,29,103642.28,347865
SYTR,성윤물산,29,39630.18,317874
THCT,태호건설,29,64757.19,307039
THTC,태환통신,29,59733.07,384215
YJBK,유진문고,29,48321.55,126874
YWEL,영욱전자,29,131322.02,140242
HDMT,현도자동차,30,187254.69,159022
HLPM,혜린제약,30,47545.69,404296
HRBI,현려바이오,30,137164.29,307714
JCSC,지찬반도체,30,104198.36,404476
JHFD,주현식품,30,53901.18,286617
MHCH,문호화학,30,87788.39,351984
SHEN,수하에너지,30,107762.61,356662
SYTR,성윤물산,30,41161.6,413631
THCT,태호건설,30,67315.12,277626
THTC,태환통신,30,62094.75,418479
YJBK,유진문고,30,49522.01,147719
YWEL,영욱전자,30,133425.27,140548
HDMT,현도자동차,31,192814.81,202425
HLPM,혜린제약,31,49239.91,439540
HRBI,현려바이오,31,141910.51,373556
JCSC,지찬반도체,31,108147.67,371256
JHFD,주현식품,31,55942.61,275805
MHCH,문호화학,31,91266.24,343892
SHEN,수하에너지,31,112087.33,301667
SYTR,성윤물산,31,42773.4,321918
THCT,태호건설,31,69954.64,228422
THTC,태환통신,31,64568.4,391847
YJBK,유진문고,31,50665.58,123225
YWEL,영욱전자,31,135230.98,133635
HDMT,현도자동차,32,198219.98,150344
HLPM,혜린제약,32,51052.0,560464
HRBI,현려바이오,32,146643.05,451682
JCSC,지찬반도체,32,112325.61,547832
JHFD,주현식품,32,58016.13,288170
MHCH,문호화학,32,94854.88,247118
SHEN,수하에너지,32,116523.72,268923
SYTR,성윤물산,32,44466.26,459688
THCT,태호건설,32,72630.56,206166
THTC,태환통신,32,67156.4,417872
YJBK,유진문고,32,51717.46,119495
YWEL,영욱전자,32,136743.75,93522
HDMT,현도자동차,33,203368.73,195670
HLPM,혜린제약,33,52963.11,551057
HRBI,현려바이오,33,151320.54,300235
JCSC,지찬반도체,33,116728.7,485137
JHFD,주현식품,33,60101.67,235440
MHCH,문호화학,33,98519.38,223132
SHEN,수하에너지,33,121117.48,328571
SYTR,성윤물산,33,46237.02,482817
THCT,태호건설,33,75358.26,246381
THTC,태환통신,33,69838.49,306572
YJBK,유진문고,33,52676.76,174804
YWEL,영욱전자,33,137956.86,127353
HDMT,현도자동차,34,208259.84,152741
HLPM,혜린제약,34,54987.76,551615
HRBI,현려바이오,34,155914.22,267130
JCSC,지찬반도체,34,121354.07,361530
JHFD,주현식품,34,62192.95,176086
MHCH,문호화학,34,102274.97,271879
SHEN,수하에너지,34,125850.43,331680
SYTR,성윤물산,34,48086.11,395096
THCT,태호건설,34,78109.75,273337
THTC,태환통신,34,72613.18,285930
YJBK,유진문고,34,53542.74,111863
YWEL,영욱전자,34,138818.41,134302
HDMT,현도자동차,35,212879.8,148392
HLPM,혜린제약,35,57131.33,536849
HRBI,현려바이오,35,160343.03,297621
JCSC,지찬반도체,35,126181.84,496936
JHFD,주현식품,35,64283.32,202476
MHCH,문호화학,35,106078.83,294465
SHEN,수하에너지,35,130711.5,372784
SYTR,성윤물산,35,50000.17,442117
THCT,태호건설,35,80875.07,287846
THTC,태환통신,35,75489.41,366172
YJBK,유진문고,35,54299.59,174257
YWEL,영욱전자,35,139356.04,104307
HDMT,현도자동차,36,217108.48,159751
HLPM,혜린제약,36,59390.21,402419
HRBI,현려바이오,36,164604.21,277696
JCSC,지찬반도체,36,131229.13,400611
JHFD,주현식품,36,66348.08,269023
MHCH,문호화학,36,109945.6,247866
SHEN,수하에너지,36,135631.01,343999
SYTR,성윤물산,36,52005.26,331441
THCT,태호건설,36,83669.46,268627
THTC,태환통신,36,78441.11,319609
YJBK,유진문고,36,54926.33,126320
YWEL,영욱전자,36,139533.84,116590
HDMT,현도자동차,37,220962.21,186144
HLPM,혜린제약,37,61755.55,497422
HRBI,현려바이오,37,168678.19,354670
JCSC,지찬반도체,37,136477.92,505626
JHFD,주현식품,37,68366.23,167184
MHCH,문호화학,37,113798.57,293347
SHEN,수하에너지,37,140637.83,395041
SYTR,성윤물산,37,54050.32,337108
THCT,태호건설,37,86424.74,255803
THTC,태환통신,37,81448.65,364014
YJBK,유진문고,37,55439.25,135529
YWEL,영욱전자,37,139362.24,104443
HDMT,현도자동차,38,224351.45,158524
HLPM,혜린제약,38,64223.0,529892
HRBI,현려바이오,38,172484.88,320741
JCSC,지찬반도체,38,141888.81,516101
JHFD,주현식품,38,70329.31,256322
MHCH,문호화학,38,117629.92,324789
SHEN,수하에너지,38,145679.69,242564
SYTR,성윤물산,38,56157.38,395356
THCT,태호건설,38,89142.51,278802
THTC,태환통신,38,84508.69,283135
YJBK,유진문고,38,55812.22,114369
YWEL,영욱전자,38,138835.18,83396
HDMT,현도자동차,39,227277.91,167650
HLPM,혜린제약,39,66801.83,530665
HRBI,현려바이오,39,176021.29,380940
JCSC,지찬반도체,39,147508.39,427928
JHFD,주현식품,39,72223.27,223351
MHCH,문호화학,39,121442.24,237576
SHEN,수하에너지,39,150736.27,272071
SYTR,성윤물산,39,58302.02,402838
THCT,태호건설,39,91783.65,265948
THTC,태환통신,39,87596.18,303315
YJBK,유진문고,39,56051.87,100799
YWEL,영욱전자,39,137954.93,124760
HDMT,현도자동차,40,229655.32,129540
HLPM,혜린제약,40,69456.17,427281
HRBI,현려바이오,40,179238.06,333161
JCSC,지찬반도체,40,153211.44,348009
JHFD,주현식품,40,74035.95,174364
MHCH,문호화학,40,125202.45,264453
SHEN,수하에너지,40,155776.39,350599
SYTR,성윤물산,40,60486.49,409327
THCT,태호건설,40,94360.16,295299
THTC,태환통신,40,90717.45,361641
YJBK,유진문고,40,56160.53,142020
YWEL,영욱전자,40,136736.56,115401
HDMT,현도자동차,41,231567.78,123303
HLPM,혜린제약,41,72202.23,391694
HRBI,현려바이오,41,182106.31,345292
JCSC,지찬반도체,41,159052.4,382548
JHFD,주현식품,41,75754.42,156799
MHCH,문호화학,41,128851.48,228456
SHEN,수하에너지,41,160742.59,244832
SYTR,성윤물산,41,62696.23,460053
THCT,태호건설,41,96844.87,208957
THTC,태환통신,41,93836.49,261074
YJBK,유진문고,41,56122.54,117077
YWEL,영욱전자,41,135221.2,99668
HDMT,현도자동차,42,232925.8,139660
HLPM,혜린제약,42,75006.68,389205
HRBI,현려바이오,42,184621.78,286245
JCSC,지찬반도체,42,164987.56,444288
JHFD,주현식품,42,77344.2,213681
MHCH,문호화학,42,132384.01,299083
SHEN,수하에너지,42,165590.12,340154
SYTR,성윤물산,42,64910.36,311559
THCT,태호건설,42,99208.81,195142
THTC,태환통신,42,96930.24,352201
YJBK,유진문고,42,55947.46,128356
YWEL,영욱전자,42,133372.5,118288
HDMT,현도자동차,43,233716.19,130953
HLPM,혜린제약,43,77894.44,578848
HRBI,현려바이오,43,186738.82,337566
JCSC,지찬반도체,43,171013.99,524123
JHFD,주현식품,43,78807.42,234478
MHCH,문호화학,43,135765.4,259295
SHEN,수하에너지,43,170327.7,307398
SYTR,성윤물산,43,67110.14,316282
THCT,태호건설,43,101425.74,254139
THTC,태환통신,43,99990.64,341031
YJBK,유진문고,43,55627.66,154509
YWEL,영욱전자,43,131262.94,112905
HDMT,현도자동차,44,233905.55,111558
HLPM,혜린제약,44,80825.72,488769
HRBI,현려바이오,44,188404.46,240097
JCSC,지찬반도체,44,177058.44,393869
JHFD,주현식품,44,80105.11,194056
MHCH,문호화학,44,138965.89,199126
SHEN,수하에너지,44,174871.86,261626
SYTR,성윤물산,44,69311.48,451461
THCT,태호건설,44,103466.97,242125
THTC,태환통신,44,102974.39,296929
YJBK,유진문고,44,55175.92,150657
YWEL,영욱전자,44,128864.76,112721
HDMT,현도자동차,45,233495.1,138283
HLPM,혜린제약,45,83794.04,453717
HRBI,현려바이오,45,189629.15,317864
JCSC,지찬반도체,45,183075.63,418931
JHFD,주현식품,45,81239.6,147794
MHCH,문호화학,45,141944.82,239020
SHEN,수하에너지,45,179241.94,318339
SYTR,성윤물산,45,71469.09,399294
THCT,태호건설,45,105311.76,225938
THTC,태환통신,45,105870.71,359676
YJBK,유진문고,45,54589.48,145783
YWEL,영욱전자,45,126234.22,126831
HDMT,현도자동차,46,232508.96,112092
HLPM,혜린제약,46,86788.23,485221
HRBI,현려바이오,46,190373.23,290920
JCSC,지찬반도체,46,189100.37,338660
JHFD,주현식품,46,82198.56,178614
MHCH,문호화학,46,144669.95,194746
SHEN,수하에너지,46,183341.57,338815
SYTR,성윤물산,46,73592.84,435042
THCT,태호건설,46,106959.99,205397
THTC,태환통신,46,108651.84,259023
YJBK,유진문고,46,53882.14,158607
YWEL,영욱전자,46,123415.79,134904
HDMT,현도자동차,47,230932.98,133906
HLPM,혜린제약,47,89774.52,439704
HRBI,현려바이오,47,190630.93,220443
JCSC,지찬반도체,47,194998.91,356545
JHFD,주현식품,47,82969.2,215841
MHCH,문호화학,47,147129.28,286958
SHEN,수하에너지,47,187116.74,319825
SYTR,성윤물산,47,75645.31,462996
THCT,태호건설,47,108379.7,196237
THTC,태환통신,47,111298.74,325317
YJBK,유진문고,47,53059.85,120246
YWEL,영욱전자,47,120394.47,124127
HDMT,현도자동차,48,228838.92,149529
HLPM,혜린제약,48,92746.96,408702
HRBI,현려바이오,48,190458.03,198287
JCSC,지찬반도체,48,200768.37,419081
JHFD,주현식품,48,83561.96,148887
MHCH,문호화학,48,149308.73,264434
SHEN,수하에너지,48,190581.41,264653
SYTR,성윤물산,48,77620.14,446610
THCT,태호건설,48,109569.48,191689
THTC,태환통신,48,113787.33,309419
YJBK,유진문고,48,52128.88,152325
YWEL,영욱전자,48,117208.92,150218
HDMT,현도자동차,49,226189.14,177519
HLPM,혜린제약,49,95681.14,341042
HRBI,현려바이오,49,189775.61,229413
JCSC,지찬반도체,49,206374.75,447452
JHFD,주현식품,49,83911.56,182725
MHCH,문호화학,49,151153.69,194482
SHEN,수하에너지,49,193684.87,282762
SYTR,성윤물산,49,79483.51,373366
THCT,태호건설,49,110469.37,205626
THTC,태환통신,49,116080.13,289268
YJBK,유진문고,49,51093.53,176588
YWEL,영욱전자,49,113898.25,162294
HDMT,현도자동차,50,223058.84,177989
HLPM,혜린제약,50,98549.51,380689
HRBI,현려바이오,50,188618.3,341983
JCSC,지찬반도체,50,211737.7,370472
JHFD,주현식품,50,84069.15,123513
MHCH,문호화학,50,152694.68,254287
SHEN,수하에너지,50,196375.66,196726
SYTR,성윤물산,50,81240.22,412867
THCT,태호건설,50,111147.36,226704
THTC,태환통신,50,118168.72,280304
YJBK,유진문고,50,49968.39,185610
YWEL,영욱전자,50,110489.25,111443
HDMT,현도자동차,51,219465.46,195411
HLPM,혜린제약,51,101338.24,415447
HRBI,현려바이오,51,187029.37,217877
JCSC,지찬반도체,51,216807.86,366287
JHFD,주현식품,51,84018.72,144571
MHCH,문호화학,51,153847.91,178824
SHEN,수하에너지,51,198656.81,229334
SYTR,성윤물산,51,82849.01,293808
THCT,태호건설,51,111562.03,147614
THTC,태환통신,51,120025.18,353261
YJBK,유진문고,51,48763.17,124316
YWEL,영욱전자,51,107013.14,109427
HDMT,현도자동차,52,215393.23,142325
HLPM,혜린제약,52,104014.48,405854
HRBI,현려바이오,52,184986.1,222004
JCSC,지찬반도체,52,221620.88,420797
JHFD,주현식품,52,83777.02,140515
MHCH,문호화학,52,154627.36,171977
SHEN,수하에너지,52,200475.09,251218
SYTR,성윤물산,52,84306.02,365054
THCT,태호건설,52,111660.26,207182
THTC,태환통신,52,121632.29,248686
YJBK,유진문고,52,47511.83,131427
YWEL,영욱전자,52,103500.6,125032
HDMT,현도자동차,53,210948.73,186364
HLPM,혜린제약,53,106561.0,315976
HRBI,현려바이오,53,182551.01,360538
JCSC,지찬반도체,53,226038.17,290267
JHFD,주현식품,53,83337.44,201776
MHCH,문호화학,53,155001.46,189730
SHEN,수하에너지,53,201844.9,221256
SYTR,성윤물산,53,85605.02,289473
THCT,태호건설,53,111501.88,156852
THTC,태환통신,53,122959.07,270507
YJBK,유진문고,53,46190.31,143838
YWEL,영욱전자,53,99943.18,121265
HDMT,현도자동차,54,206100.17,171329
HLPM,혜린제약,54,108958.12,393891
HRBI,현려바이오,54,179698.76,343405
JCSC,지찬반도체,54,230044.23,276431
JHFD,주현식품,54,82672.39,195028
MHCH,문호화학,54,154994.92,162176
SHEN,수하에너지,54,202685.21,226243
SYTR,성윤물산,54,86722.31,330596
THCT,태호건설,54,111061.13,149423
THTC,태환통신,54,123995.21,198696
YJBK,유진문고,54,44827.45,156425
YWEL,영욱전자,54,96362.16,131983
HDMT,현도자동차,55,200985.26,215398
HLPM,혜린제약,55,111176.31,315406
HRBI,현려바이오,55,176504.11,318314
JCSC,지찬반도체,55,233577.26,404358
JHFD,주현식품,55,81810.87,172700
MHCH,문호화학,55,154618.73,166699
SHEN,수하에너지,55,203052.35,173968
SYTR,성윤물산,55,87644.84,287843
THCT,태호건설,55,110323.56,224250
THTC,태환통신,55,124753.3,234711
YJBK,유진문고,55,43417.89,178469
YWEL,영욱전자,55,92824.3,163656
HDMT,현도자동차,56,195617.12,157964
HLPM,혜린제약,56,113170.02,350616
HRBI,현려바이오,56,172907.12,350140
JCSC,지찬반도체,56,236607.7,415003
JHFD,주현식품,56,80757.16,220979
MHCH,문호화학,56,153856.05,211953
SHEN,수하에너지,56,202884.33,230184
SYTR,성윤물산,56,88353.48,264890
THCT,태호건설,56,109322.65,191512
THTC,태환통신,56,125210.47,267522
YJBK,유진문고,56,41993.45,163275
YWEL,영욱전자,56,89345.86,171250
HDMT,현도자동차,57,190000.22,170971
HLPM,혜린제약,57,114967.01,438379
HRBI,현려바이오,57,169050.95,345405
JCSC,지찬반도체,57,239106.48,350592
JHFD,주현식품,57,79525.76,146794
MHCH,문호화학,57,152732.78,198202
SHEN,수하에너지,57,202227.59,274946
SYTR,성윤물산,57,88835.24,318167
THCT,태호건설,57,108064.98,179158
THTC,태환통신,57,125352.87,288644
YJBK,유진문고,57,40563.12,171228
YWEL,영욱전자,57,85922.44,133415
HDMT,현도자동차,58,184202.49,204051
HLPM,혜린제약,58,116518.8,364000
HRBI,현려바이오,58,164929.4,336904
JCSC,지찬반도체,58,241047.49,297429
JHFD,주현식품,58,78135.31,158010
MHCH,문호화학,58,151224.12,173799
SHEN,수하에너지,58,201073.8,250519
SYTR,성윤물산,58,89114.93,350704
THCT,태호건설,58,106575.97,163559
THTC,태환통신,58,125165.2,247184
YJBK,유진문고,58,39131.88,153985
YWEL,영욱전자,58,82560.8,131941
HDMT,현도자동차,59,178330.93,237010
HLPM,혜린제약,59,117803.53,434907
HRBI,현려바이오,59,160569.24,419651
JCSC,지찬반도체,59,242422.68,304946
JHFD,주현식품,59,76590.52,179804
MHCH,문호화학,59,149400.15,218725
SHEN,수하에너지,59,199421.62,205803
SYTR,성윤물산,59,89169.37,348227
THCT,태호건설,59,104847.49,192870
THTC,태환통신,59,124675.35,244707
YJBK,유진문고,59,37710.6,146505
YWEL,영욱전자,59,79285.57,134563
HDMT,현도자동차,60,172406.12,197825
HLPM,혜린제약,60,118835.41,325757
HRBI,현려바이오,60,156048.46,352360
JCSC,지찬반도체,60,243260.46,368947
JHFD,주현식품,60,74932.31,239366
MHCH,문호화학,60,147215.14,228574
SHEN,수하에너지,60,197296.82,284321
SYTR,성윤물산,60,89013.77,331187
THCT,태호건설,60,102929.09,223303
THTC,태환통신,60,123880.76,266611
YJBK,유진문고,60,36300.64,159664
YWEL,영욱전자,60,76126.66,168039
HDMT,현도자동차,61,166395.89,213506
HLPM,혜린제약,61,119563.6,396484
HRBI,현려바이오,61,151398.98,330508
JCSC,지찬반도체,61,243452.98,363557
JHFD,주현식품,61,73152.44,212776
MHCH,문호화학,61,144722.41,269712
SHEN,수하에너지,61,194725.33,206102
SYTR,성윤물산,61,88630.8,310551
THCT,태호건설,61,100809.4,273544
THTC,태환통신,61,122778.83,320835
YJBK,유진문고,61,34912.82,150873
YWEL,영욱전자,61,73081.67,179229
HDMT,현도자동차,62,160423.93,209163
HLPM,혜린제약,62,120047.58,336989
HRBI,현려바이오,62,146640.35,440531
JCSC,지찬반도체,62,243022.65,268902
JHFD,주현식품,62,71259.13,245748
MHCH,문호화학,62,141938.27,185734
SHEN,수하에너지,62,191700.97,236865
SYTR,성윤물산,62,88017.04,228088
THCT,태호건설,62,98526.43,255598
THTC,태환통신,62,121392.09,319404
YJBK,유진문고,62,33554.65,214620
YWEL,영욱전자,62,70158.52,145735
HDMT,현도자동차,63,154492.36,222352
HLPM,혜린제약,63,120191.92,346342
HRBI,현려바이오,63,141818.64,297089
JCSC,지찬반도체,63,241956.45,362115
JHFD,주현식품,63,69277.36,245159
MHCH,문호화학,63,138909.33,259288
SHEN,수하에너지,63,188289.87,276247
SYTR,성윤물산,63,87199.85,381604
THCT,태호건설,63,96080.02,178666
THTC,태환통신,63,119730.96,296593
YJBK,유진문고,63,32232.41,192556
YWEL,영욱전자,63,67368.61,176922
HDMT,현도자동차,64,148617.95,182830
HLPM,혜린제약,64,120019.09,253172
HRBI,현려바이오,64,136976.72,430625
JCSC,지찬반도체,64,240322.75,244807
JHFD,주현식품,64,67246.21,245852
MHCH,문호화학,64,135638.8,212628
SHEN,수하에너지,64,184529.75,316681
SYTR,성윤물산,64,86167.18,288206
THCT,태호건설,64,93514.82,259150
THTC,태환통신,64,117813.77,286402
YJBK,유진문고,64,30954.42,142426
YWEL,영욱전자,64,64712.34,172531
HDMT,현도자동차,65,142898.55,173918
HLPM,혜린제약,65,119562.73,342960
HRBI,현려바이오,65,132114.54,444921
JCSC,지찬반도체,65,238083.25,377157
JHFD,주현식품,65,65147.57,214718
MHCH,문호화학,65,132182.83,255555
SHEN,수하에너지,65,180429.05,224647
SYTR,성윤물산,65,84967.17,357432
THCT,태호건설,65,90869.17,278884
THTC,태환통신,65,115650.69,270977
YJBK,유진문고,65,29714.3,220254
YWEL,영욱전자,65,62184.34,154846
HDMT,현도자동차,66,137343.59,219238
HLPM,혜린제약,66,118831.87,380657
HRBI,현려바이오,66,127269.24,389055
JCSC,지찬반도체,66,235273.82,327882
JHFD,주현식품,66,63014.25,236729
MHCH,문호화학,66,128552.4,225314
SHEN,수하에너지,66,176050.88,284278
SYTR,성윤물산,66,83563.31,381169
THCT,태호건설,66,88126.19,286586
THTC,태환통신,66,113284.06,343525
YJBK,유진문고,66,28526.97,156397
YWEL,영욱전자,66,59792.51,176706
HDMT,현도자동차,67,131901.12,162238
HLPM,혜린제약,67,117801.35,439691
HRBI,현려바이오,67,122504.11,418667
JCSC,지찬반도체,67,231932.39,359312
JHFD,주현식품,67,60862.94,256462
MHCH,문호화학,67,124836.48,303444
SHEN,수하에너지,67,171454.14,239979
SYTR,성윤물산,67,82007.27,407547
THCT,태호건설,67,85338.76,296676
THTC,태환통신,67,110727.85,340596
YJBK,유진문고,67,27389.69,204288
YWEL,영욱전자,67,57547.94,158026
HDMT,현도자동차,68,126640.97,170158
HLPM,혜린제약,68,116498.26,345927
HRBI,현려바이오,68,117828.37,404256
JCSC,지찬반도체,68,228119.47,352297
JHFD,주현식품,68,58717.87,264393
MHCH,문호화학,68,120992.27,285448
SHEN,수하에너지,68,166643.6,365647
SYTR,성윤물산,68,80311.34,277724
THCT,태호건설,68,82505.93,202120
THTC,태환통신,68,107992.56,380394
YJBK,유진문고,68,26302.25,184467
YWEL,영욱전자,68,55435.44,152679
HDMT,현도자동차,69,121574.88,232924
HLPM,혜린제약,69,114913.68,348465
HRBI,현려바이오,69,113250.05,403076
JCSC,지찬반도체,69,223898.22,315506
JHFD,주현식품,69,56575.3,241303
MHCH,문호화학,69,117085.1,287106
SHEN,수하에너지,69,161691.2,294377
SYTR,성윤물산,69,78461.08,395285
THCT,태호건설,69,79653.05,268638
THTC,태환통신,69,105104.72,373578
YJBK,유진문고,69,25275.66,206532
YWEL,영욱전자,69,53463.06,139059
HDMT,현도자동차,70,116700.23,249255
HLPM,혜린제약,70,113095.35,411742
HRBI,현려바이오,70,108805.34,434386
JCSC,지찬반도체,70,219230.76,459383
JHFD,주현식품,70,54461.6,268017
MHCH,문호화학,70,113128.05,350312
SHEN,수하에너지,70,156656.11,343237
SYTR,성윤물산,70,76507.57,350125
THCT,태호건설,70,76813.45,201483
THTC,태환통신,70,102114.16,249954
YJBK,유진문고,70,24303.35,205417
YWEL,영욱전자,70,51623.61,166876
HDMT,현도자동차,71,112035.26,215988
HLPM,혜린제약,71,111028.29,297866
HRBI,현려바이오,71,104495.62,470200
JCSC,지찬반도체,71,214226.64,301685
JHFD,주현식품,71,52379.35,197328
MHCH,문호화학,71,109150.85,239107
SHEN,수하에너지,71,151513.42,308945
SYTR,성윤물산,71,74464.31,277995
THCT,태호건설,71,73988.13,281123
THTC,태환통신,71,99021.54,360043
YJBK,유진문고,71,23384.27,174732
YWEL,영욱전자,71,49919.89,167654
HDMT,현도자동차,72,107603.74,200382
HLPM,혜린제약,72,108767.44,332572
HRBI,현려바이오,72,100335.62,387989
JCSC,지찬반도체,72,208878.81,384456
JHFD,주현식품,72,50340.18,181268
MHCH,문호화학,72,105187.48,274077
SHEN,수하에너지,72,146295.86,276726
SYTR,성윤물산,72,72334.05,355321
THCT,태호건설,72,71193.21,297670
THTC,태환통신,72,95876.0,398906
YJBK,유진문고,72,22517.64,154547
YWEL,영욱전자,72,48343.07,124485
HDMT,현도자동차,73,103411.68,252916
HLPM,혜린제약,73,106326.23,408512
HRBI,현려바이오,73,96323.82,395873
JCSC,지찬반도체,73,203259.77,422152
JHFD,주현식품,73,48351.75,248324
MHCH,문호화학,73,101272.04,358718
SHEN,수하에너지,73,141119.98,378088
SYTR,성윤물산,73,70133.45,415545
THCT,태호건설,73,68462.52,261578
THTC,태환통신,73,92691.77,378266
YJBK,유진문고,73,21706.55,140308
YWEL,영욱전자,73,46889.43,122393
HDMT,현도자동차,74,99462.34,158053
HLPM,혜린제약,74,103720.65,490515
HRBI,현려바이오,74,92487.82,356448
JCSC,지찬반도체,74,197438.25,469276
JHFD,주현식품,74,46428.98,262909
MHCH,문호화학,74,97420.65,351056
SHEN,수하에너지,74,135965.06,380938
SYTR,성윤물산,74,67892.59,441014
THCT,태호건설,74,65789.05,223987
THTC,태환통신,74,89500.36,321519
YJBK,유진문고,74,20955.07,178511
YWEL,영욱전자,74,45568.83,110488
HDMT,현도자동차,75,95726.15,193138
HLPM,혜린제약,75,100991.02,434746
HRBI,현려바이오,75,88821.67,408584
JCSC,지찬반도체,75,191422.63,438610
JHFD,주현식품,75,44580.42,217990
MHCH,문호화학,75,93651.2,252580
SHEN,수하에너지,75,130857.14,273047
SYTR,성윤물산,75,65630.52,334626
THCT,태호건설,75,63190.82,204002
THTC,태환통신,75,86299.85,375437
YJBK,유진문고,75,20259.7,131366
YWEL,영욱전자,75,44356.31,144811
HDMT,현도자동차,76,92219.83,168297
HLPM,혜린제약,76,98132.68,379178
HRBI,현려바이오,76,85361.32,321391
JCSC,지찬반도체,76,185309.81,339810
JHFD,주현식품,76,42799.87,294079
MHCH,문호화학,76,89976.83,250925
SHEN,수하에너지,76,125863.23,348972
SYTR,성윤물산,76,63368.92,423208
THCT,태호건설,76,60669.06,268551
THTC,태환통신,76,83126.42,386204
YJBK,유진문고,76,19609.59,206257
YWEL,영욱전자,76,43269.51,108010
HDMT,현도자동차,77,88929.39,197330
HLPM,혜린제약,77,95200.87,329941
HRBI,현려바이오,77,82082.97,322061
JCSC,지찬반도체,77,179115.79,332648
JHFD,주현식품,77,41093.73,220255
MHCH,문호화학,77,86410.24,313796
SHEN,수하에너지,77,120953.08,369708
SYTR,성윤물산,77,61107.25,337585
THCT,태호건설,77,58245.42,270129
THTC,태환통신,77,80005.68,410039
YJBK,유진문고,77,19012.02,124268
YWEL,영욱전자,77,42301.04,96037
HDMT,현도자동차,78,85900.11,175834
HLPM,혜린제약,78,92198.8,475210
HRBI,현려바이오,78,78992.34,424012
JCSC,지찬반도체,78,172890.99,484146
JHFD,주현식품,78,39466.6,199238
MHCH,문호화학,78,82970.39,365806
SHEN,수하에너지,78,116199.2,296382
SYTR,성윤물산,78,58862.24,489229
THCT,태호건설,78,55917.67,331162
THTC,태환통신,78,76938.06,272805
YJBK,유진문고,78,18467.65,164292
YWEL,영욱전자,78,41438.59,128491
HDMT,현도자동차,79,83090.74,222056
HLPM,혜린제약,79,89146.6,510229
HRBI,현려바이오,79,76075.54,320032
JCSC,지찬반도체,79,166711.3,503293
JHFD,주현식품,79,37915.77,216271
MHCH,문호화학,79,79649.57,296557
SHEN,수하에너지,79,111584.23,282788
SYTR,성윤물산,79,56630.15,444702
THCT,태호건설,79,53705.57,224064
THTC,태환통신,79,73932.83,275399
YJBK,유진문고,79,17969.61,134750
YWEL,영욱전자,79,40690.35,121956
HDMT,현도자동차,80,80498.23,194556
HLPM,혜린제약,80,86069.84,425422
HRBI,현려바이오,80,73356.68,324403
JCSC,지찬반도체,80,160573.74,329570
JHFD,주현식품,80,36462.78,277137
MHCH,문호화학,80,76468.24,266316
SHEN,수하에너지,80,107136.1,402479
SYTR,성윤물산,80,54446.75,498380
THCT,태호건설,80,51586.98,264564
THTC,태환통신,80,71017.63,345007
YJBK,유진문고,80,17522.83,159623
YWEL,영욱전자,80,40038.78,110184
HDMT,현도자동차,81,78104.36,225625
HLPM,혜린제약,81,82999.09,456117
HRBI,현려바이오,81,70826.9,422904
JCSC,지찬반도체,81,154495.61,455902
JHFD,주현식품,81,35083.3,204162
MHCH,문호화학,81,73437.78,318749
SHEN,수하에너지,81,102840.78,300071
SYTR,성윤물산,81,52317.92,397956
THCT,태호건설,81,49580.66,322293
THTC,태환통신,81,68184.35,277759
YJBK,유진문고,81,17119.17,176851
YWEL,영욱전자,81,39498.96,102466
HDMT,현도자동차,82,75926.6,225604
HLPM,혜린제약,82,79946.38,518312
HRBI,현려바이오,82,68465.87,352348
JCSC,지찬반도체,82,148559.71,489445
JHFD,주현식품,82,33780.13,187617
MHCH,문호화학,82,70539.74,242526
SHEN,수하에너지,82,98727.78,298882
SYTR,성윤물산,82,50247.01,343538
THCT,태호건설,82,47679.23,209270
THTC,태환통신,82,65448.4,297436
YJBK,유진문고,82,16760.33,183187
YWEL,영욱전자,82,39058.94,101376
HDMT,현도자동차,83,73928.86,224729
HLPM,혜린제약,83,76927.38,391372
HRBI,현려바이오,83,66299.68,334907
JCSC,지찬반도체,83,142723.23,466715
JHFD,주현식품,83,32570.43,271611
MHCH,문호화학,83,67797.39,334123
SHEN,수하에너지,83,94823.16,366363
SYTR,성윤물산,83,48243.52,311989
THCT,태호건설,83,45882.99,244117
THTC,태환통신,83,62828.22,311704
YJBK,유진문고,83,16447.18,153767
YWEL,영욱전자,83,38715.4,88226
HDMT,현도자동차,84,72156.84,207152
HLPM,혜린제약,84,73964.65,465181
HRBI,현려바이오,84,64296.1,410601
JCSC,지찬반도체,84,137038.47,339749
JHFD,주현식품,84,31439.78,189364
MHCH,문호화학,84,65211.45,271751
SHEN,수하에너지,84,91112.31,358731
SYTR,성윤물산,84,46307.6,381868
THCT,태호건설,84,44210.58,254323
THTC,태환통신,84,60328.67,392397
YJBK,유진문고,84,16175.18,168808
YWEL,영욱전자,84,38470.84,93193
HDMT,현도자동차,85,70553.71,162146
HLPM,혜린제약,85,71071.44,534809
HRBI,현려바이오,85,62464.65,356816
JCSC,지찬반도체,85,131573.34,539286
JHFD,주현식품,85,30387.24,226655
MHCH,문호화학,85,62787.11,292030
SHEN,수하에너지,85,87588.76,298123
SYTR,성윤물산,85,44455.45,478976
THCT,태호건설,85,42646.35,213440
THTC,태환통신,85,57936.46,304482
YJBK,유진문고,85,15948.13,146737
YWEL,영욱전자,85,38329.59,127255
HDMT,현도자동차,86,69153.78,168066
HLPM,혜린제약,86,68260.39,452033
HRBI,현려바이오,86,60794.8,356349
JCSC,지찬반도체,86,126310.16,351726
JHFD,주현식품,86,29415.98,174519
MHCH,문호화학,86,60508.38,275422
SHEN,수하에너지,86,84278.98,321408
SYTR,성윤물산,86,42694.13,369608
THCT,태호건설,86,41178.4,230582
THTC,태환통신,86,55680.53,422255
YJBK,유진문고,86,15763.19,110171
YWEL,영욱전자,86,38284.53,89417
HDMT,현도자동차,87,67922.62,151089
HLPM,혜린제약,87,65538.15,387143
HRBI,현려바이오,87,59293.12,320686
JCSC,지찬반도체,87,121267.78,454823
JHFD,주현식품,87,28523.37,216449
MHCH,문호화학,87,58386.15,320892
SHEN,수하에너지,87,81166.18,371134
SYTR,성윤물산,87,41013.54,393835
THCT,태호건설,87,39822.06,242459
THTC,태환통신,87,53542.92,336085
YJBK,유진문고,87,15615.55,106063
YWEL,영욱전자,87,38336.28,119885
HDMT,현도자동차,88,66872.22,176874
HLPM,혜린제약,88,62903.49,529472
HRBI,현려바이오,88,57952.15,300590
JCSC,지찬반도체,88,116425.07,427097
JHFD,주현식품,88,27703.91,198616
MHCH,문호화학,88,56413.61,280278
SHEN,수하에너지,88,78269.72,375216
SYTR,성윤물산,88,39422.77,344584
THCT,태호건설,88,38568.46,300655
THTC,태환통신,88,51525.59,386388
YJBK,유진문고,88,15509.08,146651
YWEL,영욱전자,88,38479.19,89877
HDMT,현도자동차,89,65993.33,141923
HLPM,혜린제약,89,60390.03,506164
HRBI,현려바이오,89,56767.14,352254
JCSC,지찬반도체,89,111845.07,365131
JHFD,주현식품,89,26958.36,183835
MHCH,문호화학,89,54583.42,271142
SHEN,수하에너지,89,75541.26,298833
SYTR,성윤물산,89,37912.49,307066
THCT,태호건설,89,37410.85,187724
THTC,태환통신,89,49639.62,321254
YJBK,유진문고,89,15440.28,140978
YWEL,영욱전자,89,38716.53,87155
HDMT,현도자동차,90,65289.47,169807
HLPM,혜린제약,90,57973.76,545507
HRBI,현려바이오,90,55729.56,383825
JCSC,지찬반도체,90,107483.1,391598
JHFD,주현식품,90,26282.99,238328
MHCH,문호화학,90,52901.56,285369
SHEN,수하에너지,90,73012.27,381146
SYTR,성윤물산,90,36495.44,463625
THCT,태호건설,90,36361.59,189817
THTC,태환통신,90,47880.66,258321
YJBK,유진문고,90,15413.16,115404
YWEL,영욱전자,90,39057.79,107593
HDMT,현도자동차,91,64751.56,177441
HLPM,혜린제약,91,55673.84,517033
HRBI,현려바이오,91,54838.46,242240
JCSC,지찬반도체,91,103378.76,382076
JHFD,주현식품,91,25677.94,162881
MHCH,문호화학,91,51353.7,264427
SHEN,수하에너지,91,70688.73,251859
SYTR,성윤물산,91,35167.7,373096
THCT,태호건설,91,35407.39,276692
THTC,태환통신,91,46240.08,320041
YJBK,유진문고,91,15425.57,147858
YWEL,영욱전자,91,39500.19,92988
HDMT,현도자동차,92,64378.23,172040
HLPM,혜린제약,92,53499.6,406829
HRBI,현려바이오,92,54086.79,328221
JCSC,지찬반도체,92,99508.11,392859
JHFD,주현식품,92,25137.28,189769
MHCH,문호화학,92,49941.14,254815
SHEN,수하에너지,92,68541.22,374712
SYTR,성윤물산,92,33927.08,429667
THCT,태호건설,92,34543.95,183621
THTC,태환통신,92,44713.45,343351
YJBK,유진문고,92,15477.14,118896
YWEL,영욱전자,92,40031.71,133228
HDMT,현도자동차,93,64160.12,178942
HLPM,혜린제약,93,51449.58,542148
HRBI,현려바이오,93,53471.14,287288
JCSC,지찬반도체,93,95882.73,415812
JHFD,주현식품,93,24663.73,179651
MHCH,문호화학,93,48659.76,213908
SHEN,수하에너지,93,66578.44,231351
SYTR,성윤물산,93,32770.3,457614
THCT,태호건설,93,33770.05,219733
THTC,태환통신,93,43311.03,297685
YJBK,유진문고,93,15565.44,147973
YWEL,영욱전자,93,40678.51,144090
HDMT,현도자동차,94,64105.39,111546
HLPM,혜린제약,94,49514.87,496527
HRBI,현려바이오,94,52982.45,248007
JCSC,지찬반도체,94,92522.93,329381
JHFD,주현식품,94,24253.89,193757
MHCH,문호화학,94,47513.9,235475
SHEN,수하에너지,94,64785.68,239182
SYTR,성윤물산,94,31698.03,303735
THCT,태호건설,94,33090.22,236464
THTC,태환통신,94,42010.3,377692
YJBK,유진문고,94,15692.71,137934
YWEL,영욱전자,94,41427.07,142626
HDMT,현도자동차,95,64221.77,124963
HLPM,혜린제약,95,47701.59,351136
HRBI,현려바이오,95,52643.14,266265
JCSC,지찬반도체,95,89367.26,494446
JHFD,주현식품,95,23910.98,173690
MHCH,문호화학,95,46486.77,275167
SHEN,수하에너지,95,63169.26,226278
SYTR,성윤물산,95,30708.57,326863
THCT,태호건설,95,32495.24,190645
THTC,태환통신,95,40829.96,296019
YJBK,유진문고,95,15859.91,119318
YWEL,영욱전자,95,42266.94,114779
HDMT,현도자동차,96,64502.93,179161
HLPM,혜린제약,96,46002.86,348957
HRBI,현려바이오,96,52430.54,286764
JCSC,지찬반도체,96,86428.16,482027
JHFD,주현식품,96,23628.9,155645
MHCH,문호화학,96,45595.74,253217
SHEN,수하에너지,96,61721.87,339790
SYTR,성윤물산,96,29798.62,356739
THCT,태호건설,96,31981.63,172511
THTC,태환통신,96,39758.15,320462
YJBK,유진문고,96,16065.48,131533
YWEL,영욱전자,96,43222.98,116918
HDMT,현도자동차,97,64929.82,133574
HLPM,혜린제약,97,44414.24,344153
HRBI,현려바이오,97,52350.79,205843
JCSC,지찬반도체,97,83720.63,495404
JHFD,주현식품,97,23403.16,152290
MHCH,문호화학,97,44815.36,247647
SHEN,수하에너지,97,60434.36,223084
SYTR,성윤물산,97,28970.96,316578
THCT,태호건설,97,31553.89,224345
THTC,태환통신,97,38789.96,344725
YJBK,유진문고,97,16312.9,139559
YWEL,영욱전자,97,44291.06,140321
HDMT,현도자동차,98,65531.34,132119
HLPM,혜린제약,98,42947.45,360420
HRBI,현려바이오,98,52391.64,201594
JCSC,지찬반도체,98,81245.79,403860
JHFD,주현식품,98,23234.61,148716
MHCH,문호화학,98,44153.86,209748
SHEN,수하에너지,98,59309.09,280271
SYTR,성윤물산,98,28215.96,323373
THCT,태호건설,98,31208.15,164942
THTC,태환통신,98,37921.39,327224
YJBK,유진문고,98,16600.01,109296
YWEL,영욱전자,98,45462.97,148601
HDMT,현도자동차,99,66299.11,134946
HLPM,혜린제약,99,41583.66,487249
HRBI,현려바이오,99,52574.74,242336
JCSC,지찬반도체,99,78992.63,337500
JHFD,주현식품,99,23132.61,191519
MHCH,문호화학,99,43597.25,257059
SHEN,수하에너지,99,58336.99,276666
SYTR,성윤물산,99,27534.93,427623
THCT,태호건설,99,30941.42,173148
THTC,태환통신,99,37153.63,364158
YJBK,유진문고,99,16934.12,112863
YWEL,영욱전자,99,46757.92,117016
HDMT,현도자동차,100,67229.12,155845
HLPM,혜린제약,100,40336.15,446575
HRBI,현려바이오,100,52884.87,324024
JCSC,지찬반도체,100,76940.82,414088
JHFD,주현식품,100,23090.76,164842
MHCH,문호화학,100,43162.63,246414
SHEN,수하에너지,100,57514.41,200486
SYTR,성윤물산,100,26930.99,409540
THCT,태호건설,100,30755.78,210586
THTC,태환통신,100,36486.95,354459
YJBK,유진문고,100,17306.07,152930
YWEL,영욱전자,100,48159.92,126324
HDMT,현도자동차,101,68312.8,173154
HLPM,혜린제약,101,39190.41,377136
HRBI,현려바이오,101,53339.8,336248
JCSC,지찬반도체,101,75091.97,375441
JHFD,주현식품,101,23100.91,182176
MHCH,문호화학,101,42838.54,260514
SHEN,수하에너지,101,56845.14,203904
SYTR,성윤물산,101,26400.49,316612
THCT,태호건설,101,30647.77,173278
THTC,태환통신,101,35907.63,352003
YJBK,유진문고,101,17721.79,162987
YWEL,영욱전자,101,49686.86,118196
HDMT,현도자동차,102,69568.51,138475
HLPM,혜린제약,102,38151.91,364859
HRBI,현려바이오,102,53923.5,327963
JCSC,지찬반도체,102,73443.95,465330
JHFD,주현식품,102,23168.71,143792
MHCH,문호화학,102,42627.2,240506
SHEN,수하에너지,102,56321.27,267682
SYTR,성윤물산,102,25943.68,336232
THCT,태호건설,102,30621.51,204033
THTC,태환통신,102,35424.25,229434
YJBK,유진문고,102,18182.96,163482
YWEL,영욱전자,102,51325.47,146669
HDMT,현도자동차,103,71006.82,152223
HLPM,혜린제약,103,37216.18,458323
HRBI,현려바이오,103,54642.25,240220
JCSC,지찬반도체,103,71983.85,309077
JHFD,주현식품,103,23296.6,192930
MHCH,문호화학,103,42513.07,213694
SHEN,수하에너지,103,55948.06,233668
SYTR,성윤물산,103,25546.0,398852
THCT,태호건설,103,30668.43,180183
THTC,태환통신,103,35032.98,215652
YJBK,유진문고,103,18688.56,155081
YWEL,영욱전자,103,53088.21,141377
HDMT,현도자동차,104,72623.46,142014
HLPM,혜린제약,104,36381.34,396968
HRBI,현려바이오,104,55490.55,275412
JCSC,지찬반도체,104,70725.5,290362
JHFD,주현식품,104,23481.26,213225
MHCH,문호화학,104,42501.6,178383
SHEN,수하에너지,104,55705.06,284707
SYTR,성윤물산,104,25212.4,367801
THCT,태호건설,104,30796.12,203460
THTC,태환통신,104,34732.5,295919
YJBK,유진문고,104,19240.82,126570
YWEL,영욱전자,104,54986.02,143159
HDMT,현도자동차,105,74429.65,155685
HLPM,혜린제약,105,35637.03,376648
HRBI,현려바이오,105,56477.17,373464
JCSC,지찬반도체,105,69640.3,406007
JHFD,주현식품,105,23729.45,195939
MHCH,문호화학,105,42605.08,245776
SHEN,수하에너지,105,55609.37,224337
SYTR,성윤물산,105,24945.36,355209
THCT,태호건설,105,30997.53,180045
THTC,태환통신,105,34518.32,258296
YJBK,유진문고,105,19842.83,132147
YWEL,영욱전자,105,56996.44,116209
HDMT,현도자동차,106,76444.43,192400
HLPM,혜린제약,106,34987.63,305136
HRBI,현려바이오,106,57622.62,319400
JCSC,지찬반도체,106,68742.7,319052
JHFD,주현식품,106,24034.96,152071
MHCH,문호화학,106,42814.54,225568
SHEN,수하에너지,106,55649.55,239022
SYTR,성윤물산,106,24740.51,285297
THCT,태호건설,106,31280.34,185487
THTC,태환통신,106,34401.89,255443
YJBK,유진문고,106,20492.41,182925
YWEL,영욱전자,106,59140.06,140995
HDMT,현도자동차,107,78627.18,231174
HLPM,혜린제약,107,34434.87,401637
HRBI,현려바이오,107,58910.42,261427
JCSC,지찬반도체,107,68012.63,398023
JHFD,주현식품,107,24403.12,206473
MHCH,문호화학,107,43136.56,271276
SHEN,수하에너지,107,55841.44,258478
SYTR,성윤물산,107,24603.47,294418
THCT,태호건설,107,31638.82,229656
THTC,태환통신,107,34361.55,270477
YJBK,유진문고,107,21193.44,172335
YWEL,영욱전자,107,61409.4,180477
HDMT,현도자동차,108,81000.35,158604
HLPM,혜린제약,108,33970.12,373325
HRBI,현려바이오,108,60343.18,403382
JCSC,지찬반도체,108,67454.31,372452
JHFD,주현식품,108,24831.24,236195
MHCH,문호화학,108,43560.86,215770
SHEN,수하에너지,108,56162.58,216417
SYTR,성윤물산,108,24524.39,280509
THCT,태호건설,108,32072.36,228617
THTC,태환통신,108,34408.73,234778
YJBK,유진문고,108,21942.17,198454
YWEL,영욱전자,108,63803.05,169712
HDMT,현도자동차,109,83565.3,202193
HLPM,혜린제약,109,33592.95,375591
HRBI,현려바이오,109,61922.7,310815
JCSC,지찬반도체,109,67082.82,304882
JHFD,주현식품,109,25320.86,156139
MHCH,문호화학,109,44092.4,230068
SHEN,수하에너지,109,56633.81,257768
SYTR,성윤물산,109,24509.14,281926
THCT,태호건설,109,32587.14,262094
THTC,태환통신,109,34544.3,268330
YJBK,유진문고,109,22745.88,206496
YWEL,영욱전자,109,66334.75,150561
HDMT,현도자동차,110,86362.17,174070
HLPM,혜린제약,110,33300.94,381475
HRBI,현려바이오,110,63656.3,354867
JCSC,지찬반도체,110,66866.19,337700
JHFD,주현식품,110,25877.71,167818
MHCH,문호화학,110,44734.8,236005
SHEN,수하에너지,110,57241.51,253648
SYTR,성윤물산,110,24556.98,255862
THCT,태호건설,110,33188.19,220024
THTC,태환통신,110,34768.76,222166
YJBK,유진문고,110,23600.17,189474
YWEL,영욱전자,110,68981.04,184051
HDMT,현도자동차,111,89353.76,208967
HLPM,혜린제약,111,33095.44,306344
HRBI,현려바이오,111,65564.12,273959
JCSC,지찬반도체,111,66828.06,314143
JHFD,주현식품,111,26493.12,181538
MHCH,문호화학,111,45495.22,245665
SHEN,수하에너지,111,57997.09,291541
SYTR,성윤물산,111,24666.39,277432
THCT,태호건설,111,33869.72,254527
THTC,태환통신,111,35077.82,281040
YJBK,유진문고,111,24504.21,138240
YWEL,영욱전자,111,71731.19,182003
HDMT,현도자동차,112,92561.38,202137
HLPM,혜린제약,112,32974.25,280185
HRBI,현려바이오,112,67626.72,334068
JCSC,지찬반도체,112,66954.2,257582
JHFD,주현식품,112,27176.25,206261
MHCH,문호화학,112,46360.77,258178
SHEN,수하에너지,112,58896.09,281233
SYTR,성윤물산,112,24834.35,246162
THCT,태호건설,112,34639.92,237889
THTC,태환통신,112,35474.81,285128
YJBK,유진문고,112,25459.73,213624
YWEL,영욱전자,112,74582.55,113216
HDMT,현도자동차,113,95976.97,195078
HLPM,혜린제약,113,32931.97,278118
HRBI,현려바이오,113,69853.24,353486
JCSC,지찬반도체,113,67252.86,300533
JHFD,주현식품,113,27930.25,254094
MHCH,문호화학,113,47353.58,223736
SHEN,수하에너지,113,59937.91,285952
SYTR,성윤물산,113,25064.69,334210
THCT,태호건설,113,35496.04,212045
THTC,태환통신,113,35960.47,335707
YJBK,유진문고,113,26460.73,159104
YWEL,영욱전자,113,77569.9,148015
HDMT,현도자동차,114,99602.47,186640
HLPM,혜린제약,114,32974.23,332313
HRBI,현려바이오,114,72247.52,445569
JCSC,지찬반도체,114,67712.77,321786
JHFD,주현식품,114,28749.58,235779
MHCH,문호화학,114,48465.26,254936
SHEN,수하에너지,114,61126.78,283747
SYTR,성윤물산,114,25358.72,274484
THCT,태호건설,114,36442.42,239310
THTC,태환통신,114,36537.6,296014
YJBK,유진문고,114,27515.75,196499
YWEL,영욱전자,114,80638.48,175635
HDMT,현도자동차,115,103429.2,155949
HLPM,혜린제약,115,33093.96,358729
HRBI,현려바이오,115,74812.43,372303
JCSC,지찬반도체,115,68343.12,321936
JHFD,주현식품,115,29646.43,247581
MHCH,문호화학,115,49695.07,293411
SHEN,수하에너지,115,62476.49,246871
SYTR,성윤물산,115,25717.69,271242
THCT,태호건설,115,37478.05,281894
THTC,태환통신,115,37203.63,322860
YJBK,유진문고,115,28611.61,188186
YWEL,영욱전자,115,83782.12,117589
HDMT,현도자동차,116,107476.6,229536
HLPM,혜린제약,116,33300.35,375299
HRBI,현려바이오,116,77553.0,329604
JCSC,지찬반도체,116,69151.44,364157
JHFD,주현식품,116,30615.03,242161
MHCH,문호화학,116,51056.81,312646
SHEN,수하에너지,116,63979.19,348152
SYTR,성윤물산,116,26140.7,298577
THCT,태호건설,116,38606.39,214773
THTC,태환통신,116,37974.86,351252
YJBK,유진문고,116,29758.18,196605
YWEL,영욱전자,116,87001.99,121488
HDMT,현도자동차,117,111720.99,237253
HLPM,혜린제약,117,33592.78,291654
HRBI,현려바이오,117,80463.81,303194
JCSC,지찬반도체,117,70138.01,407491
JHFD,주현식품,117,31656.88,259238
MHCH,문호화학,117,52543.59,245640
SHEN,수하에너지,117,65652.11,298664
SYTR,성윤물산,117,26629.07,415021
THCT,태호건설,117,39828.07,258509
THTC,태환통신,117,38835.18,351591
YJBK,유진문고,117,30945.0,181435
YWEL,영욱전자,117,90277.32,117040
HDMT,현도자동차,118,116161.88,210648
HLPM,혜린제약,118,33969.05,333157
HRBI,현려바이오,118,83555.99,369534
JCSC,지찬반도체,118,71288.45,434791
JHFD,주현식품,118,32778.01,259282
MHCH,문호화학,118,54168.42,235630
SHEN,수하에너지,118,67489.28,258547
SYTR,성윤물산,118,27188.53,397995
THCT,태호건설,118,41154.14,220394
THTC,태환통신,118,39789.53,307942
YJBK,유진문고,118,32169.28,191753
YWEL,영욱전자,118,93588.73,124144
HDMT,현도자동차,119,120803.69,208478
HLPM,혜린제약,119,34421.49,327964
HRBI,현려바이오,119,86798.48,364593
JCSC,지찬반도체,119,72618.94,289497
JHFD,주현식품,119,33971.0,271345
MHCH,문호화학,119,55918.07,325910
SHEN,수하에너지,119,69497.64,284588
SYTR,성윤물산,119,27813.72,270626
THCT,태호건설,119,42578.51,230206
THTC,태환통신,119,40842.19,321433
YJBK,유진문고,119,33431.16,177330
YWEL,영욱전자,119,96925.65,137190
HDMT,현도자동차,120,125631.74,256546
HLPM,혜린제약,120,34964.51,436251
HRBI,현려바이오,120,90225.68,329692
JCSC,지찬반도체,120,74122.43,417754
JHFD,주현식품,120,35237.45,208482
MHCH,문호화학,120,57813.39,218537
SHEN,수하에너지,120,71676.42,284356
SYTR,성윤물산,120,28505.27,287969
THCT,태호건설,120,44098.7,306726
THTC,태환통신,120,42005.85,266681
YJBK,유진문고,120,34724.32,155312
YWEL,영욱전자,120,100257.37,120147
HDMT,현도자동차,121,130635.17,167306
HLPM,혜린제약,121,35600.54,462894
HRBI,현려바이오,121,93815.31,433833
JCSC,지찬반도체,121,75820.61,395460
JHFD,주현식품,121,36581.08,242394
MHCH,문호화학,121,59832.08,231879
SHEN,수하에너지,121,74025.86,359274
SYTR,성윤물산,121,29270.97,429255
THCT,태호건설,121,45719.99,313275
THTC,태환통신,121,43268.79,344810
YJBK,유진문고,121,36044.95,151037
YWEL,영욱전자,121,103554.17,126387
HDMT,현도자동차,122,135771.0,214698
HLPM,혜린제약,122,36323.46,336328
HRBI,현려바이오,122,97559.79,326063
JCSC,지찬반도체,122,77728.6,377461
JHFD,주현식품,122,38004.34,183762
MHCH,문호화학,122,61988.94,311619
SHEN,수하에너지,122,76551.41,374452
SYTR,성윤물산,122,30111.91,302852
THCT,태호건설,122,47434.52,319198
THTC,태환통신,122,44649.41,318509
YJBK,유진문고,122,37379.07,174623
YWEL,영욱전자,122,106822.62,149080
HDMT,현도자동차,123,141058.64,164191
HLPM,혜린제약,123,37138.35,336695
HRBI,현려바이오,123,101460.28,417858
JCSC,지찬반도체,123,79806.38,375208
JHFD,주현식품,123,39499.75,195247
MHCH,문호화학,123,64296.84,230838
SHEN,수하에너지,123,79268.29,292828
SYTR,성윤물산,123,31028.11,368342
THCT,태호건설,123,49255.71,308048
THTC,태환통신,123,46127.04,398506
YJBK,유진문고,123,38718.09,159672
YWEL,영욱전자,123,110035.39,131373
HDMT,현도자동차,124,146454.15,178604
HLPM,혜린제약,124,38046.74,350370
HRBI,현려바이오,124,105511.34,345116
JCSC,지찬반도체,124,82101.25,426362
JHFD,주현식품,124,41064.56,287501
MHCH,문호화학,124,66749.15,337598
SHEN,수하에너지,124,82159.78,285013
SYTR,성윤물산,124,32022.08,422474
THCT,태호건설,124,51177.6,323220
THTC,태환통신,124,47714.63,270772
YJBK,유진문고,124,40068.06,130956
YWEL,영욱전자,124,113147.23,130388
HDMT,현도자동차,125,151938.18,197514
HLPM,혜린제약,125,39056.85,482558
HRBI,현려바이오,125,109687.81,373662
JCSC,지찬반도체,125,84610.36,429521
JHFD,주현식품,125,42710.17,188546
MHCH,문호화학,125,69339.66,307211
SHEN,수하에너지,125,85237.04,243331
SYTR,성윤물산,125,33093.93,370994
THCT,태호건설,125,53200.45,286226
THTC,태환통신,125,49424.15,345803
YJBK,유진문고,125,41409.51,175413
YWEL,영욱전자,125,116124.54,154552
HDMT,현도자동차,126,157490.7,249454
HLPM,혜린제약,126,40157.5,321784
HRBI,현려바이오,126,113980.79,391373
JCSC,지찬반도체,126,87333.9,337833
JHFD,주현식품,126,44418.68,245418
MHCH,문호화학,126,72057.13,343410
SHEN,수하에너지,126,88488.54,262217
SYTR,성윤물산,126,34242.22,410295
THCT,태호건설,126,55321.73,225859
THTC,태환통신,126,51243.51,354476
YJBK,유진문고,126,42734.39,188665
YWEL,영욱전자,126,118980.51,104246
HDMT,현도자동차,127,163105.71,217385
HLPM,혜린제약,127,41362.23,514484
HRBI,현려바이오,127,118345.44,321573
JCSC,지찬반도체,127,90250.27,318860
JHFD,주현식품,127,46193.65,275115
MHCH,문호화학,127,74912.63,280233
SHEN,수하에너지,127,91922.75,367061
SYTR,성윤물산,127,35471.56,480965
THCT,태호건설,127,57537.53,248865
THTC,태환통신,127,53174.89,320941
YJBK,유진문고,127,44031.5,186442
YWEL,영욱전자,127,121671.36,145093
HDMT,현도자동차,128,168674.89,197766
HLPM,혜린제약,128,42671.21,446976
HRBI,현려바이오,128,122787.93,329934
JCSC,지찬반도체,128,93384.17,488007
JHFD,주현식품,128,48028.19,194993
MHCH,문호화학,128,77903.45,281819
SHEN,수하에너지,128,95541.92,330756
SYTR,성윤물산,128,36782.62,405021
THCT,태호건설,128,59834.83,223509
THTC,태환통신,128,55220.45,266814
YJBK,유진문고,128,45297.03,194343
YWEL,영욱전자,128,124172.25,104841
HDMT,현도자동차,129,174219.55,196903
HLPM,혜린제약,129,44086.72,390733
HRBI,현려바이오,129,127302.04,337746
JCSC,지찬반도체,129,96748.24,460489
JHFD,주현식품,129,49904.17,284693
MHCH,문호화학,129,81019.51,290841
SHEN,수하에너지,129,99341.72,244613
SYTR,성윤물산,129,38176.02,328111
THCT,태호건설,129,62208.79,278329
THTC,태환통신,129,57390.96,271179
YJBK,유진문고,129,46518.61,184942
YWEL,영욱전자,129,126411.56,106995
HDMT,현도자동차,130,179674.68,234056
HLPM,혜린제약,130,45604.95,422000
HRBI,현려바이오,130,131827.51,396785
JCSC,지찬반도체,130,100329.48,334093
JHFD,주현식품,130,51833.45,180000
MHCH,문호화학,130,84258.61,339065
SHEN,수하에너지,130,103314.43,299299
SYTR,성윤물산,130,39647.93,448377
THCT,태호건설,130,64673.46,215365
THTC,태환통신,130,59660.52,413789
YJBK,유진문고,130,47673.41,135229
YWEL,영욱전자,130,128423.6,131398
HDMT,현도자동차,131,184983.6,164842
HLPM,혜린제약,131,47229.75,466570
HRBI,현려바이오,131,136401.22,381230
JCSC,지찬반도체,131,104136.31,398246
JHFD,주현식품,131,53798.27,233387
MHCH,문호화학,131,87627.21,268904
SHEN,수하에너지,131,107456.65,384881
SYTR,성윤물산,131,41193.66,414476
THCT,태호건설,131,67185.83,199519
THTC,태환통신,131,62032.85,373439
YJBK,유진문고,131,48776.72,116539
YWEL,영욱전자,131,130152.62,137990
HDMT,현도자동차,132,190093.93,144863
HLPM,혜린제약,132,48957.4,392758
HRBI,현려바이오,132,140954.74,305349
JCSC,지찬반도체,132,108169.02,473781
JHFD,주현식품,132,55785.0,261274
MHCH,문호화학,132,91062.45,310045
SHEN,수하에너지,132,111730.97,285893
SYTR,성윤물산,132,42827.77,460833
THCT,태호건설,132,69761.51,238303
THTC,태환통신,132,64507.88,297003
YJBK,유진문고,132,49793.13,157220
YWEL,영욱전자,132,131618.58,86155
HDMT,현도자동차,133,195038.49,164200
HLPM,혜린제약,133,50804.73,365617
HRBI,현려바이오,133,145390.54,293425
JCSC,지찬반도체,133,112393.18,451280
JHFD,주현식품,133,57791.31,235196
MHCH,문호화학,133,94585.68,336017
SHEN,수하에너지,133,116159.57,343688
SYTR,성윤물산,133,44537.37,446509
THCT,태호건설,133,72375.83,215834
THTC,태환통신,133,67081.69,278924
YJBK,유진문고,133,50720.66,176011
YWEL,영욱전자,133,132774.73,112880
HDMT,현도자동차,134,199744.66,166954
HLPM,혜린제약,134,52754.14,530601
HRBI,현려바이오,134,149753.32,280871
JCSC,지찬반도체,134,116859.9,485435
JHFD,주현식품,134,59796.82,193013
MHCH,문호화학,134,98185.96,248613
SHEN,수하에너지,134,120706.67,262034
SYTR,성윤물산,134,46316.28,354723
THCT,태호건설,134,75032.47,288583
THTC,태환통신,134,69741.89,334412
YJBK,유진문고,134,51550.69,168011
YWEL,영욱전자,134,133620.08,93868
HDMT,현도자동차,135,204164.37,184484
HLPM,혜린제약,135,54803.74,478524
HRBI,현려바이오,135,154042.99,279557
JCSC,지찬반도체,135,121502.72,504707
JHFD,주현식품,135,61807.25,209192
MHCH,문호화학,135,101836.7,331360
SHEN,수하에너지,135,125335.54,279810
SYTR,성윤물산,135,48170.33,484500
THCT,태호건설,135,77688.75,262550
THTC,태환통신,135,72499.26,274514
YJBK,유진문고,135,52279.05,170598
YWEL,영욱전자,135,134121.81,128908
HDMT,현도자동차,136,208231.57,162904
HLPM,혜린제약,136,56959.64,519792
HRBI,현려바이오,136,158181.99,399831
JCSC,지찬반도체,136,126358.39,337040
JHFD,주현식품,136,63796.82,258127
MHCH,문호화학,136,105533.35,335138
SHEN,수하에너지,136,130085.6,245109
SYTR,성윤물산,136,50084.23,494262
THCT,태호건설,136,80348.41,268821
THTC,태환통신,136,75336.27,339949
YJBK,유진문고,136,52890.77,122564
YWEL,영욱전자,136,134283.56,84280
HDMT,현도자동차,137,211902.98,164647
HLPM,혜린제약,137,59230.9,532189
HRBI,현려바이오,137,162085.56,266861
JCSC,지찬반도체,137,131413.79,457947
JHFD,주현식품,137,65742.67,175875
MHCH,문호화학,137,109240.05,264241
SHEN,수하에너지,137,134898.18,334750
SYTR,성윤물산,137,52054.92,397143
THCT,태호건설,137,83002.17,197224
THTC,태환통신,137,78234.46,435229
YJBK,유진문고,137,53387.64,103611
YWEL,영욱전자,137,134115.31,89854
HDMT,현도자동차,138,215202.84,202883
HLPM,혜린제약,138,61598.15,450544
HRBI,현려바이오,138,165768.86,366608
JCSC,지찬반도체,138,136637.81,487278
JHFD,주현식품,138,67633.73,226248
MHCH,문호화학,138,112939.42,347476
SHEN,수하에너지,138,139724.72,338575
SYTR,성윤물산,138,54083.4,362988
THCT,태호건설,138,85616.34,192813
THTC,태환통신,138,81171.89,372699
YJBK,유진문고,138,53755.35,153851
YWEL,영욱전자,138,133609.56,109911
HDMT,현도자동차,139,218002.61,200013
HLPM,혜린제약,139,64053.5,549903
HRBI,현려바이오,139,169181.1,377442
JCSC,지찬반도체,139,142032.27,484920
JHFD,주현식품,139,69466.39,161235
MHCH,문호화학,139,116603.06,312585
SHEN,수하에너지,139,144545.62,386614
SYTR,성윤물산,139,56152.98,441793
THCT,태호건설,139,88170.47,287997
THTC,태환통신,139,84144.22,290519
YJBK,유진문고,139,53977.9,111821
YWEL,영욱전자,139,132774.25,108183
HDMT,현도자동차,140,220292.27,128660
HLPM,혜린제약,140,66606.18,450336
HRBI,현려바이오,140,172294.98,370315
JCSC,지찬반도체,140,147549.06,528706
JHFD,주현식품,140,71208.59,177046
MHCH,문호화학,140,120199.21,322835
SHEN,수하에너지,140,149383.35,291419
SYTR,성윤물산,140,58258.97,483080
THCT,태호건설,140,90654.15,197924
THTC,태환통신,140,87134.07,385054
YJBK,유진문고,140,54072.16,152717
YWEL,영욱전자,140,131595.65,83443
HDMT,현도자동차,141,222137.16,119542
HLPM,혜린제약,141,69231.61,479861
HRBI,현려바이오,141,175058.09,365882
JCSC,지찬반도체,141,153192.85,392672
JHFD,주현식품,141,72837.12,159517
MHCH,문호화학,141,123725.72,227509
SHEN,수하에너지,141,154127.83,272311
SYTR,성윤물산,141,60380.93,422155
THCT,태호건설,141,93035.67,183373
THTC,태환통신,141,90130.87,330592
YJBK,유진문고,141,54034.41,108649
YWEL,영욱전자,141,130126.53,92031
HDMT,현도자동차,142,223407.04,115364
HLPM,혜린제약,142,71936.56,397601
HRBI,현려바이오,142,177486.93,262970
JCSC,지찬반도체,142,158919.6,485826
JHFD,주현식품,142,74362.6,216693
MHCH,문호화학,142,127094.53,207946
SHEN,수하에너지,142,158802.51,284753
SYTR,성윤물산,142,62518.59,445924
THCT,태호건설,142,95304.03,198475
THTC,태환통신,142,93098.33,342841
YJBK,유진문고,142,53847.76,155599
YWEL,영욱전자,142,128375.48,143267
HDMT,현도자동차,143,224095.07,175464
HLPM,혜린제약,143,74690.46,457216
HRBI,현려바이오,143,179520.64,315008
JCSC,지찬반도체,143,164722.16,444663
JHFD,주현식품,143,75768.1,148462
MHCH,문호화학,143,130362.57,264580
SHEN,수하에너지,143,163322.93,292645
SYTR,성윤물산,143,64666.67,309513
THCT,태호건설,143,97417.48,231321
THTC,태환통신,143,96029.1,402636
YJBK,유진문고,143,53542.77,120649
YWEL,영욱전자,143,126338.13,115253
HDMT,현도자동차,144,224277.92,140012
HLPM,혜린제약,144,77496.2,487024
HRBI,현려바이오,144,181110.67,310309
JCSC,지찬반도체,144,170533.22,352177
JHFD,주현식품,144,77030.39,197133
MHCH,문호화학,144,133433.55,252787
SHEN,수하에너지,144,167681.41,335781
SYTR,성윤물산,144,66777.84,372742
THCT,태호건설,144,99360.61,197369
THTC,태환통신,144,98898.15,364742
YJBK,유진문고,144,53097.55,153235
YWEL,영욱전자,144,124028.55,91818
HDMT,현도자동차,145,223889.85,152839
HLPM,혜린제약,145,80337.09,513236
HRBI,현려바이오,145,182262.63,222859
JCSC,지찬반도체,145,176329.78,358573
JHFD,주현식품,145,78123.54,183779
MHCH,문호화학,145,136324.13,215537
SHEN,수하에너지,145,171879.52,232350
SYTR,성윤물산,145,68861.73,430644
THCT,태호건설,145,101145.07,213040
THTC,태환통신,145,101692.5,321179
YJBK,유진문고,145,52532.89,151622
YWEL,영욱전자,145,121490.49,108105
HDMT,현도자동차,146,222935.07,178307
HLPM,혜린제약,146,83190.43,389984
HRBI,현려바이오,146,182952.01,323818
JCSC,지찬반도체,146,182120.02,504203
JHFD,주현식품,146,79056.16,219092
MHCH,문호화학,146,138973.2,281540
SHEN,수하에너지,146,175793.5,234208
SYTR,성윤물산,146,70899.74,461001
THCT,태호건설,146,102723.25,193178
THTC,태환통신,146,104367.09,390219
YJBK,유진문고,146,51847.45,119443
YWEL,영욱전자,146,118770.99,123388
HDMT,현도자동차,147,221407.49,138850
HLPM,혜린제약,147,86046.98,392012
HRBI,현려바이오,147,183213.4,285825
JCSC,지찬반도체,147,187817.83,442863
JHFD,주현식품,147,79795.27,210163
MHCH,문호화학,147,141351.46,296969
SHEN,수하에너지,147,179464.64,296959
SYTR,성윤물산,147,72883.35,406404
THCT,태호건설,147,104130.4,168542
THTC,태환통신,147,106920.41,321826
YJBK,유진문고,147,51045.15,129096
YWEL,영욱전자,147,115862.05,110610
HDMT,현도자동차,148,219373.7,160189
HLPM,혜린제약,148,88905.01,420642
HRBI,현려바이오,148,183017.76,218002
JCSC,지찬반도체,148,193373.83,357455
JHFD,주현식품,148,80328.6,133239
MHCH,문호화학,148,143418.66,276798
SHEN,수하에너지,148,182845.49,244243
SYTR,성윤물산,148,74785.06,376840
THCT,태호건설,148,105258.43,235053
THTC,태환통신,148,109328.96,293955
YJBK,유진문고,148,50140.79,111640
YWEL,영욱전자,148,112825.27,137552
HDMT,현도자동차,149,216797.17,159755
HLPM,혜린제약,149,91711.28,400353
HRBI,현려바이오,149,182394.95,252595
JCSC,지찬반도체,149,198770.69,495675
JHFD,주현식품,149,80690.33,162123
MHCH,문호화학,149,145190.03,231737
SHEN,수하에너지,149,185860.17,222946
SYTR,성윤물산,149,76579.86,349035
THCT,태호건설,149,106144.52,246263
THTC,태환통신,149,111541.77,284417
YJBK,유진문고,149,49145.03,165474
YWEL,영욱전자,149,109619.47,147685
HDMT,현도자동차,150,213784.47,143205
HLPM,혜린제약,150,94460.67,506902
HRBI,현려바이오,150,181294.04,257599
JCSC,지찬반도체,150,203947.62,373320
JHFD,주현식품,150,80848.93,175062
MHCH,문호화학,150,146652.01,208359
SHEN,수하에너지,150,188432.77,289084
SYTR,성윤물산,150,78257.15,313078
THCT,태호건설,150,106783.65,152208
THTC,태환통신,150,113549.98,229311
YJBK,유진문고,150,48064.15,116861
YWEL,영욱전자,150,106350.77,102988
HDMT,현도자동차,151,210282.06,189345
HLPM,혜린제약,151,97130.38,340684
HRBI,현려바이오,151,179786.26,343498
JCSC,지찬반도체,151,208841.65,298835
JHFD,주현식품,151,80802.79,175563
MHCH,문호화학,151,147766.47,218948
SHEN,수하에너지,151,190579.51,247265
SYTR,성윤물산,151,79795.45,313775
THCT,태호건설,151,107158.66,199344
THTC,태환통신,151,115335.62,301222
YJBK,유진문고,151,46913.17,146428
YWEL,영욱전자,151,102994.42,146922
HDMT,현도자동차,152,206426.73,145687
HLPM,혜린제약,152,99705.41,447572
HRBI,현려바이오,152,177841.34,232611
JCSC,지찬반도체,152,213433.76,327031
JHFD,주현식품,152,80557.9,127633
MHCH,문호화학,152,148529.52,232729
SHEN,수하에너지,152,192352.44,245474
SYTR,성윤물산,152,81215.66,366172
THCT,태호건설,152,107257.83,158381
THTC,태환통신,152,116875.25,240398
YJBK,유진문고,152,45687.32,153152
YWEL,영욱전자,152,99577.47,131471
HDMT,현도자동차,153,202132.48,193402
HLPM,혜린제약,153,102139.54,443643
HRBI,현려바이오,153,175468.99,372084
JCSC,지찬반도체,153,217702.94,384681
JHFD,주현식품,153,80112.79,204319
MHCH,문호화학,153,148891.76,255113
SHEN,수하에너지,153,193650.65,215366
SYTR,성윤물산,153,82468.01,383146
THCT,태호건설,153,107084.62,171526
THTC,태환통신,153,118164.46,304302
YJBK,유진문고,153,44416.91,130372
YWEL,영욱전자,153,96133.37,120484
HDMT,현도자동차,154,197514.3,195653
HLPM,혜린제약,154,104428.13,353332
HRBI,현려바이오,154,172722.26,308718
JCSC,지찬반도체,154,221519.83,362626
JHFD,주현식품,154,79470.15,167764
MHCH,문호화학,154,148894.05,237957
SHEN,수하에너지,154,194493.93,198406
SYTR,성윤물산,154,83529.79,293512
THCT,태호건설,154,106668.21,178635
THTC,태환통신,154,119189.34,296129
YJBK,유진문고,154,43101.1,144578
YWEL,영욱전자,154,92698.74,109966
HDMT,현도자동차,155,192600.61,187944
HLPM,혜린제약,155,106554.11,481672
HRBI,현려바이오,155,169598.64,284882
JCSC,지찬반도체,155,224922.05,267857
JHFD,주현식품,155,78648.44,210990
MHCH,문호화학,155,148536.31,175814
SHEN,수하에너지,155,194825.36,248118
SYTR,성윤물산,155,84400.56,288635
THCT,태호건설,155,105966.85,177934
THTC,태환통신,155,119899.58,287640
YJBK,유진문고,155,41757.96,204192
YWEL,영욱전자,155,89283.03,147621
HDMT,현도자동차,156,187440.11,201896
HLPM,혜린제약,156,108498.24,411955
HRBI,현려바이오,156,166175.18,301817
JCSC,지찬반도체,156,227823.75,308034
JHFD,주현식품,156,77637.46,148233
MHCH,문호화학,156,147791.58,216831
SHEN,수하에너지,156,194673.38,210282
SYTR,성윤물산,156,85091.28,275630
THCT,태호건설,156,105027.62,205797
THTC,태환통신,156,120310.79,192970
YJBK,유진문고,156,40388.78,150308
YWEL,영욱전자,156,85929.56,166341
HDMT,현도자동차,157,182057.56,141292
HLPM,혜린제약,157,110226.23,447992
HRBI,현려바이오,157,162467.0,253485
JCSC,지찬반도체,157,230234.63,264197
JHFD,주현식품,157,76452.89,157817
MHCH,문호화학,157,146701.46,203239
SHEN,수하에너지,157,194042.75,189606
SYTR,성윤물산,157,85574.55,261547
THCT,태호건설,157,103832.78,214951
THTC,태환통신,157,120441.58,293964
YJBK,유진문고,157,39010.17,150639
YWEL,영욱전자,157,82640.71,150029
HDMT,현도자동차,158,176542.86,150331
HLPM,혜린제약,158,111722.35,378176
HRBI,현려바이오,158,158523.32,307876
JCSC,지찬반도체,158,232102.61,400020
JHFD,주현식품,158,75127.82,155879
MHCH,문호화학,158,145245.24,262619
SHEN,수하에너지,158,192911.51,256794
SYTR,성윤물산,158,85852.11,290948
THCT,태호건설,158,102383.88,166249
THTC,태환통신,158,120261.88,186207
YJBK,유진문고,158,37633.32,137031
YWEL,영욱전자,158,79412.23,110603
HDMT,현도자동차,159,170938.13,216074
HLPM,혜린제약,159,112986.68,291163
HRBI,현려바이오,159,154373.87,292016
JCSC,지찬반도체,159,233411.3,361362
JHFD,주현식품,159,73639.95,154101
MHCH,문호화학,159,143437.88,245894
SHEN,수하에너지,159,191333.36,278752
SYTR,성윤물산,159,85912.86,327999
THCT,태호건설,159,100730.68,251446
THTC,태환통신,159,119798.96,273701
YJBK,유진문고,159,36266.74,167893
YWEL,영욱전자,159,76277.22,169492
HDMT,현도자동차,160,165256.06,173303
HLPM,혜린제약,160,113972.0,321350
HRBI,현려바이오,160,150028.52,399753
JCSC,지찬반도체,160,234174.76,291386
JHFD,주현식품,160,72020.99,182672
MHCH,문호화학,160,141353.17,212686
SHEN,수하에너지,160,189290.45,250091
SYTR,성윤물산,160,85749.64,308267
THCT,태호건설,160,98885.58,238888
THTC,태환통신,160,119036.38,265344
YJBK,유진문고,160,34916.92,215710
YWEL,영욱전자,160,73246.32,154878
HDMT,현도자동차,161,159532.46,216479
HLPM,혜린제약,161,114691.82,404641
HRBI,현려바이오,161,145554.89,330506
JCSC,지찬반도체,161,234298.27,290801
JHFD,주현식품,161,70297.29,198123
MHCH,문호화학,161,138923.99,245589
SHEN,수하에너지,161,186800.28,299486
SYTR,성윤물산,161,85369.29,250559
THCT,태호건설,161,96856.82,200795
THTC,태환통신,161,117986.43,282291
YJBK,유진문고,161,33581.93,147791
YWEL,영욱전자,161,70314.74,125978
HDMT,현도자동차,162,153821.02,207070
HLPM,혜린제약,162,115127.26,398960
HRBI,현려바이오,162,140985.8,361176
JCSC,지찬반도체,162,233873.23,366284
JHFD,주현식품,162,68487.18,159949
MHCH,문호화학,162,136246.57,227026
SHEN,수하에너지,162,183926.1,286966
SYTR,성윤물산,162,84786.77,368295
THCT,태호건설,162,94656.66,182789
THTC,태환통신,162,116646.4,310369
YJBK,유진문고,162,32273.19,184759
YWEL,영욱전자,162,67513.6,167943
HDMT,현도자동차,163,148134.94,225934
HLPM,혜린제약,163,115269.92,303750
HRBI,현려바이오,163,136358.62,441965
JCSC,지찬반도체,163,232891.15,339567
JHFD,주현식품,163,66578.16,220999
MHCH,문호화학,163,133328.79,208420
SHEN,수하에너지,163,180666.53,247340
SYTR,성윤물산,163,84002.05,348585
THCT,태호건설,163,92311.79,243493
THTC,태환통신,163,115047.81,342657
YJBK,유진문고,163,31000.35,169421
YWEL,영욱전자,163,64818.99,113350
HDMT,현도자동차,164,142544.93,158114
HLPM,혜린제약,164,115122.51,399630
HRBI,현려바이오,164,131684.78,296533
JCSC,지찬반도체,164,231259.87,261132
JHFD,주현식품,164,64614.33,255243
MHCH,문호화학,164,130185.82,309564
SHEN,수하에너지,164,177078.71,333575
SYTR,성윤물산,164,83015.02,269056
THCT,태호건설,164,89855.31,207506
THTC,태환통신,164,113226.8,271802
YJBK,유진문고,164,29771.35,204765
YWEL,영욱전자,164,62251.08,164488
HDMT,현도자동차,165,137028.37,201853
HLPM,혜린제약,165,114706.65,352990
HRBI,현려바이오,165,127021.18,290940
JCSC,지찬반도체,165,229087.48,333644
JHFD,주현식품,165,62594.66,223840
MHCH,문호화학,165,126885.93,235717
SHEN,수하에너지,165,173177.64,253383
SYTR,성윤물산,165,81828.67,286018
THCT,태호건설,165,87303.7,203628
THTC,태환통신,165,111159.2,280456
YJBK,유진문고,165,28584.2,195993
YWEL,영욱전자,165,59814.18,153109
HDMT,현도자동차,166,131685.9,196168
HLPM,혜린제약,166,113984.73,328998
HRBI,현려바이오,166,122362.03,437009
JCSC,지찬반도체,166,226400.89,412309
JHFD,주현식품,166,60560.55,206793
MHCH,문호화학,166,123436.07,314385
SHEN,수하에너지,166,169002.81,341319
SYTR,성윤물산,166,80482.63,320058
THCT,태호건설,166,84675.78,202152
THTC,태환통신,166,108872.01,254660
YJBK,유진문고,166,27439.13,191581
YWEL,영욱전자,166,57509.97,115782
HDMT,현도자동차,167,126464.81,250531
HLPM,혜린제약,167,112991.95,385859
HRBI,현려바이오,167,117763.03,351988
JCSC,지찬반도체,167,223201.88,274405
JHFD,주현식품,167,58494.2,217848
MHCH,문호화학,167,119829.69,203654
SHEN,수하에너지,167,164575.66,288235
SYTR,성윤물산,167,78974.46,340144
THCT,태호건설,167,81980.45,216797
THTC,태환통신,167,106416.28,316715
YJBK,유진문고,167,26350.97,149952
YWEL,영욱전자,167,55348.21,149390
HDMT,현도자동차,168,121432.25,195757
HLPM,혜린제약,168,111743.7,330256
HRBI,현려바이오,168,113264.26,414957
JCSC,지찬반도체,168,219506.23,277665
JHFD,주현식품,168,56429.24,227139
MHCH,문호화학,168,116136.63,313959
SHEN,수하에너지,168,159998.26,324173
SYTR,성윤물산,168,77319.81,407165
THCT,태호건설,168,79247.22,232033
THTC,태환통신,168,103769.24,379927
YJBK,유진문고,168,25306.56,174942
YWEL,영욱전자,168,53307.55,138233
HDMT,현도자동차,169,116585.42,213147
HLPM,혜린제약,169,110216.55,368300
HRBI,현려바이오,169,108835.14,357331
JCSC,지찬반도체,169,215391.64,371519
JHFD,주현식품,169,54376.26,225137
MHCH,문호화학,169,112392.93,313134
SHEN,수하에너지,169,155279.64,371688
SYTR,성윤물산,169,75553.77,387621
THCT,태호건설,169,76501.67,256502
THTC,태환통신,169,101006.89,319559
YJBK,유진문고,169,24317.64,166812
YWEL,영욱전자,169,51408.24,162267
HDMT,현도자동차,170,111913.71,240620
HLPM,혜린제약,170,108458.02,396946
HRBI,현려바이오,170,104545.2,418473
JCSC,지찬반도체,170,210881.71,352971
JHFD,주현식품,170,52335.1,248091
MHCH,문호화학,170,108617.09,327077
SHEN,수하에너지,170,150426.33,347449
SYTR,성윤물산,170,73663.54,333820
THCT,태호건설,170,73766.49,196614
THTC,태환통신,170,98144.04,392467
YJBK,유진문고,170,23378.65,218651
YWEL,영욱전자,170,49635.78,146695
HDMT,현도자동차,171,107468.56,175243
HLPM,혜린제약,171,106493.38,299378
HRBI,현려바이오,171,100383.87,404624
JCSC,지찬반도체,171,206054.04,424337
JHFD,주현식품,171,50337.52,202098
MHCH,문호화학,171,104790.37,254822
SHEN,수하에너지,171,145504.85,241383
SYTR,성윤물산,171,71683.25,460508
THCT,태호건설,171,71042.08,287493
THTC,태환통신,171,95183.93,288529
YJBK,유진문고,171,22495.85,175806
YWEL,영욱전자,171,47998.0,120896
HDMT,현도자동차,172,103229.85,173643
HLPM,혜린제약,172,104321.46,471303
HRBI,현려바이오,172,96373.64,469735
JCSC,지찬반도체,172,200868.83,417527
JHFD,주현식품,172,48381.24,232071
MHCH,문호화학,172,100986.67,274288
SHEN,수하에너지,172,140493.62,327878
SYTR,성윤물산,172,69630.32,381506
THCT,태호건설,172,68359.4,281271
THTC,태환통신,172,92165.87,263219
YJBK,유진문고,172,21665.2,146934
YWEL,영욱전자,172,46477.11,132579
HDMT,현도자동차,173,99201.56,232873
HLPM,혜린제약,173,101977.91,402489
HRBI,현려바이오,173,92515.55,323733
JCSC,지찬반도체,173,195500.91,485321
JHFD,주현식품,173,46477.97,259197
MHCH,문호화학,173,97235.33,252917
SHEN,수하에너지,173,135514.41,319123
SYTR,성윤물산,173,67511.18,447615
THCT,태호건설,173,65737.6,279850
THTC,태환통신,173,89108.95,315698
YJBK,유진문고,173,20885.5,191037
YWEL,영욱전자,173,45074.05,161012
HDMT,현도자동차,174,95397.28,224706
HLPM,혜린제약,174,99454.99,327922
HRBI,현려바이오,174,88823.95,444579
JCSC,지찬반도체,174,189902.96,350938
JHFD,주현식품,174,44632.61,205792
MHCH,문호화학,174,93538.17,300677
SHEN,수하에너지,174,130588.08,355015
SYTR,성윤물산,174,65365.6,482765
THCT,태호건설,174,63165.85,232407
THTC,태환통신,174,86033.69,333963
YJBK,유진문고,174,20160.73,141086
YWEL,영욱전자,174,43797.12,109683
HDMT,현도자동차,175,91827.73,243770
HLPM,혜린제약,175,96834.03,332145
HRBI,현려바이오,175,85310.89,471732
JCSC,지찬반도체,175,184146.11,420755
JHFD,주현식품,175,42850.68,223619
MHCH,문호화학,175,89909.35,347020
SHEN,수하에너지,175,125686.35,310780
SYTR,성윤물산,175,63173.21,423450
THCT,태호건설,175,60663.29,276007
THTC,태환통신,175,82957.96,349713
YJBK,유진문고,175,19487.01,190080
YWEL,영욱전자,175,42640.23,131761
HDMT,현도자동차,176,88472.26,162223
HLPM,혜린제약,176,94079.05,380093
HRBI,현려바이오,176,81978.12,367434
JCSC,지찬반도체,176,178248.18,447237
JHFD,주현식품,176,41134.74,222003
MHCH,문호화학,176,86359.82,292363
SHEN,수하에너지,176,120884.18,372499
SYTR,성윤물산,176,60981.53,368949
THCT,태호건설,176,58250.59,225946
THTC,태환통신,176,79908.95,300797
YJBK,유진문고,176,18861.71,167505
YWEL,영욱전자,176,41598.71,102348
HDMT,현도자동차,177,85333.25,210637
HLPM,혜린제약,177,91247.05,534337
HRBI,현려바이오,177,78825.06,396366
JCSC,지찬반도체,177,172286.79,412431
JHFD,주현식품,177,39490.95,278811
MHCH,문호화학,177,82946.52,309077
SHEN,수하에너지,177,116175.02,399494
SYTR,성윤물산,177,58806.97,441359
THCT,태호건설,177,55925.17,272887
THTC,태환통신,177,76904.02,406906
YJBK,유진문고,177,18287.6,130656
YWEL,영욱전자,177,40672.04,137764
HDMT,현도자동차,178,82404.19,246254
HLPM,혜린제약,178,88364.76,413834
HRBI,현려바이오,178,75844.48,433063
JCSC,지찬반도체,178,166323.26,462092
JHFD,주현식품,178,37929.61,220376
MHCH,문호화학,178,79643.81,300031
SHEN,수하에너지,178,111609.08,301999
SYTR,성윤물산,178,56640.96,361356
THCT,태호건설,178,53698.08,236130
THTC,태환통신,178,73952.6,276004
YJBK,유진문고,178,17765.01,155539
YWEL,영욱전자,178,39843.46,106707
HDMT,현도자동차,179,79703.36,226093
HLPM,혜린제약,179,85441.22,405050
HRBI,현려바이오,179,73053.16,384341
JCSC,지찬반도체,179,160320.74,476390
JHFD,주현식품,179,36443.28,180644
MHCH,문호화학,179,76476.63,255324
SHEN,수하에너지,179,107166.92,374001
SYTR,성윤물산,179,54496.68,359188
THCT,태호건설,179,51573.33,262434
THTC,태환통신,179,71051.76,278489
YJBK,유진문고,179,17288.53,145119
YWEL,영욱전자,179,39117.43,94834
HDMT,현도자동차,180,77214.81,146338
HLPM,혜린제약,180,82488.42,492470
HRBI,현려바이오,180,70434.09,295847
JCSC,지찬반도체,180,154397.45,352677
JHFD,주현식품,180,35034.1,267113
MHCH,문호화학,180,73424.09,272815
SHEN,수하에너지,180,102894.45,272605
SYTR,성윤물산,180,52401.24,396100
THCT,태호건설,180,49533.48,249220
THTC,태환통신,180,68246.33,297383
YJBK,유진문고,180,16856.08,150238
YWEL,영욱전자,180,38490.14,134617
HDMT,현도자동차,181,74907.51,148458
HLPM,혜린제약,181,79558.11,362945
HRBI,현려바이오,181,68005.21,443517
JCSC,지찬반도체,181,148552.16,412647
JHFD,주현식품,181,33704.4,287369
MHCH,문호화학,181,70510.43,269897
SHEN,수하에너지,181,98781.67,399286
SYTR,성윤물산,181,50354.5,507632
THCT,태호건설,181,47613.08,262139
THTC,태환통신,181,65534.52,407346
YJBK,유진문고,181,16468.29,130268
YWEL,영욱전자,181,37968.91,119264
HDMT,현도자동차,182,72822.08,203208
HLPM,혜린제약,182,76626.7,507107
HRBI,현려바이오,182,65738.65,339857
JCSC,지찬반도체,182,142806.57,384704
JHFD,주현식품,182,32457.15,178106
MHCH,문호화학,182,67734.07,268676
SHEN,수하에너지,182,94840.58,284021
SYTR,성윤물산,182,48360.17,337871
THCT,태호건설,182,45787.68,223499
THTC,태환통신,182,62909.01,434104
YJBK,유진문고,182,16123.4,171704
YWEL,영욱전자,182,37545.23,139134
HDMT,현도자동차,183,70927.99,217840
HLPM,혜린제약,183,73734.26,370464
HRBI,현려바이오,183,63654.09,296113
JCSC,지찬반도체,183,137217.08,430734
JHFD,주현식품,183,31291.11,248941
MHCH,문호화학,183,65114.2,307895
SHEN,수하에너지,183,91076.57,286039
SYTR,성윤물산,183,46433.12,425244
THCT,태호건설,183,44075.7,225500
THTC,태환통신,183,60393.45,382784
YJBK,유진문고,183,15820.96,123698
YWEL,영욱전자,183,37218.85,104667
HDMT,현도자동차,184,69210.42,176813
HLPM,혜린제약,184,70910.75,365223
HRBI,현려바이오,184,61726.94,440514
JCSC,지찬반도체,184,131805.26,480256
JHFD,주현식품,184,30201.31,205969
MHCH,문호화학,184,62618.25,221610
SHEN,수하에너지,184,87503.16,360243
SYTR,성윤물산,184,44575.06,472329
THCT,태호건설,184,42461.54,239755
THTC,태환통신,184,57981.53,313756
YJBK,유진문고,184,15562.59,153652
YWEL,영욱전자,184,36986.23,119695
HDMT,현도자동차,185,67669.09,171793
HLPM,혜린제약,185,68136.73,383364
HRBI,현려바이오,185,59973.3,404474
JCSC,지찬반도체,185,126540.47,440439
JHFD,주현식품,185,29192.31,242797
MHCH,문호화학,185,60285.98,302542
SHEN,수하에너지,185,84129.38,332611
SYTR,성윤물산,185,42791.95,452413
THCT,태호건설,185,40948.96,264242
THTC,태환통신,185,55696.54,310397
YJBK,유진문고,185,15344.92,168289
YWEL,영욱전자,185,36842.75,95572
HDMT,현도자동차,186,66326.85,201206
HLPM,혜린제약,186,65443.05,383724
HRBI,현려바이오,186,58366.18,358205
JCSC,지찬반도체,186,121484.81,481948
JHFD,주현식품,186,28258.18,267532
MHCH,문호화학,186,58098.67,222572
SHEN,수하에너지,186,80942.76,353374
SYTR,성윤물산,186,41084.22,387233
THCT,태호건설,186,39551.82,307573
THTC,태환통신,186,53524.12,371351
YJBK,유진문고,186,15164.27,111431
YWEL,영욱전자,186,36790.56,114259
HDMT,현도자동차,187,65160.31,197211
HLPM,혜린제약,187,62841.83,542915
HRBI,현려바이오,187,56926.74,272631
JCSC,지찬반도체,187,116632.79,455865
JHFD,주현식품,187,27395.24,257358
MHCH,문호화학,187,56068.8,245664
SHEN,수하에너지,187,77964.45,267189
SYTR,성윤물산,187,39456.79,460744
THCT,태호건설,187,38249.38,291148
THTC,태환통신,187,51477.85,362380
YJBK,유진문고,187,15024.07,113210
YWEL,영욱전자,187,36836.37,86641
HDMT,현도자동차,188,64151.09,189730
HLPM,혜린제약,188,60334.42,443251
HRBI,현려바이오,188,55637.55,357789
JCSC,지찬반도체,188,112004.04,427516
JHFD,주현식품,188,26610.72,165203
MHCH,문호화학,188,54172.67,255342
SHEN,수하에너지,188,75164.52,375216
SYTR,성윤물산,188,37925.62,308858
THCT,태호건설,188,37042.18,233267
THTC,태환통신,188,49540.55,388302
YJBK,유진문고,188,14919.53,130357
YWEL,영욱전자,188,36975.24,82837
HDMT,현도자동차,189,63308.86,133389
HLPM,혜린제약,189,57933.84,429248
HRBI,현려바이오,189,54496.42,279134
JCSC,지찬반도체,189,107601.25,471571
JHFD,주현식품,189,25893.92,215108
MHCH,문호화학,189,52426.84,268789
SHEN,수하에너지,189,72547.75,291482
SYTR,성윤물산,189,36473.12,355070
THCT,태호건설,189,35939.7,235348
THTC,태환통신,189,47722.67,384462
YJBK,유진문고,189,14854.85,139154
YWEL,영욱전자,189,37201.8,111991
HDMT,현도자동차,190,62643.19,168139
HLPM,혜린제약,190,55631.48,385528
HRBI,현려바이오,190,53499.13,371263
JCSC,지찬반도체,190,103409.86,527377
JHFD,주현식품,190,25242.17,260271
MHCH,문호화학,190,50804.43,301318
SHEN,수하에너지,190,70124.59,258282
SYTR,성윤물산,190,35105.89,417755
THCT,태호건설,190,34925.51,212539
THTC,태환통신,190,46024.69,273325
YJBK,유진문고,190,14829.35,140864
YWEL,영욱전자,190,37530.78,87983
HDMT,현도자동차,191,62133.97,174852
HLPM,혜린제약,191,53432.36,394008
HRBI,현려바이오,191,52630.08,349910
JCSC,지찬반도체,191,99454.68,452379
JHFD,주현식품,191,24656.44,199698
MHCH,문호화학,191,49321.1,323069
SHEN,수하에너지,191,67882.35,258728
SYTR,성윤물산,191,33825.71,476323
THCT,태호건설,191,34005.25,188499
THTC,태환통신,191,44432.66,369967
YJBK,유진문고,191,14839.61,127521
YWEL,영욱전자,191,37941.27,92119
HDMT,현도자동차,192,61775.56,142239
HLPM,혜린제약,192,51353.94,480199
HRBI,현려바이오,192,51900.56,339912
JCSC,지찬반도체,192,95716.86,385075
JHFD,주현식품,192,24141.09,197760
MHCH,문호화학,192,47958.92,206547
SHEN,수하에너지,192,65831.11,240616
SYTR,성윤물산,192,32627.21,323525
THCT,태호건설,192,33173.62,287897
THTC,태환통신,192,42976.17,292197
YJBK,유진문고,192,14887.59,115770
YWEL,영욱전자,192,38456.23,89008
HDMT,현도자동차,193,61567.3,177586
HLPM,혜린제약,193,49383.29,536216
HRBI,현려바이오,193,51301.1,361739
JCSC,지찬반도체,193,92212.31,489312
JHFD,주현식품,193,23686.06,225903
MHCH,문호화학,193,46737.71,214587
SHEN,수하에너지,193,63941.73,268247
SYTR,성윤물산,193,31514.51,414210
THCT,태호건설,193,32434.62,222957
THTC,태환통신,193,41621.34,275449
YJBK,유진문고,193,14974.05,96528
YWEL,영욱전자,193,39069.93,97151
HDMT,현도자동차,194,61511.56,126927
HLPM,혜린제약,194,47518.46,525440
HRBI,현려바이오,194,50840.77,267931
JCSC,지찬반도체,194,88950.21,484644
JHFD,주현식품,194,23296.27,238390
MHCH,문호화학,194,45627.77,264893
SHEN,수하에너지,194,62220.06,326201
SYTR,성윤물산,194,30485.67,418807
THCT,태호건설,194,31786.76,171484
THTC,태환통신,194,40384.52,306567
YJBK,유진문고,194,15097.5,159490
YWEL,영욱전자,194,39775.13,136131
HDMT,현도자동차,195,61620.54,164626
HLPM,혜린제약,195,45762.96,368934
HRBI,현려바이오,195,50506.94,310634
JCSC,지찬반도체,195,85927.29,399317
JHFD,주현식품,195,22964.09,145063
MHCH,문호화학,195,44648.16,232250
SHEN,수하에너지,195,60680.68,332559
SYTR,성윤물산,195,29534.62,385906
THCT,태호건설,195,31217.11,167554
THTC,태환통신,195,39245.77,384062
YJBK,유진문고,195,15258.26,106697
YWEL,영욱전자,195,40590.53,149030
HDMT,현도자동차,196,61895.06,160295
HLPM,혜린제약,196,44133.35,553853
HRBI,현려바이오,196,50302.1,283412
JCSC,지찬반도체,196,83111.14,513531
JHFD,주현식품,196,22688.71,186576
MHCH,문호화학,196,43780.52,241335
SHEN,수하에너지,196,59306.22,263984
SYTR,성윤물산,196,28656.91,340964
THCT,태호건설,196,30728.1,261846
THTC,태환통신,196,38205.37,390108
YJBK,유진문고,196,15458.02,125862
YWEL,영욱전자,196,41502.43,155774
HDMT,현도자동차,197,62310.61,158629
HLPM,혜린제약,197,42615.33,464517
HRBI,현려바이오,197,50232.88,212625
JCSC,지찬반도체,197,80506.81,478827
JHFD,주현식품,197,22476.52,172996
MHCH,문호화학,197,43036.06,284865
SHEN,수하에너지,197,58064.25,267369
SYTR,성윤물산,197,27858.46,310723
THCT,태호건설,197,30324.97,176716
THTC,태환통신,197,37272.14,268279
YJBK,유진문고,197,15693.1,165617
YWEL,영욱전자,197,42522.15,157919
HDMT,현도자동차,198,62874.57,159347
HLPM,혜린제약,198,41207.91,437775
HRBI,현려바이오,198,50282.65,219092
JCSC,지찬반도체,198,78120.01,356223
JHFD,주현식품,198,22317.66,190518
MHCH,문호화학,198,42396.99,226239
SHEN,수하에너지,198,56989.0,243031
SYTR,성윤물산,198,27137.01,310110
THCT,태호건설,198,29995.54,183058
THTC,태환통신,198,36445.14,310069
YJBK,유진문고,198,15971.23,170451
YWEL,영욱전자,198,43644.23,120849
HDMT,현도자동차,199,63602.35,130558
HLPM,혜린제약,199,39901.11,456022
HRBI,현려바이오,199,50456.85,206215
JCSC,지찬반도체,199,75936.43,471159
JHFD,주현식품,199,22214.05,159743
MHCH,문호화학,199,41875.59,227371
SHEN,수하에너지,199,56055.02,213685
SYTR,성윤물산,199,26482.86,424873
THCT,태호건설,199,29743.98,226025
THTC,태환통신,199,35708.63,308670
YJBK,유진문고,199,16284.91,138916
YWEL,영욱전자,199,44876.63,125208
HDMT,현도자동차,200,64493.21,132941
HLPM,혜린제약,200,38707.92,528444
HRBI,현려바이오,200,50756.37,289395
JCSC,지찬반도체,200,73964.72,332958
JHFD,주현식품,200,22167.81,199870
MHCH,문호화학,200,41451.56,227127
SHEN,수하에너지,200,55279.3,212814
SYTR,성윤물산,200,25900.86,323683
THCT,태호건설,200,29569.81,181660
THTC,태환통신,200,35065.55,285136
YJBK,유진문고,200,16643.67,122130
YWEL,영욱전자,200,46227.24,117320
HDMT,현도자동차,201,65556.48,161552
HLPM,혜린제약,201,37611.7,459936
HRBI,현려바이오,201,51184.57,305324
JCSC,지찬반도체,201,72180.58,385029
JHFD,주현식품,201,22176.01,142401
MHCH,문호화학,201,41140.79,236359
SHEN,수하에너지,201,54635.37,255926
SYTR,성윤물산,201,25382.72,427569
THCT,태호건설,201,29467.81,213180
THTC,태환통신,201,34512.02,329227
YJBK,유진문고,201,17041.17,122241
YWEL,영욱전자,201,47687.83,112035
HDMT,현도자동차,202,66778.48,128938
HLPM,혜린제약,202,36615.04,461556
HRBI,현려바이오,202,51737.68,337985
JCSC,지찬반도체,202,70601.97,310592
JHFD,주현식품,202,22242.16,128409
MHCH,문호화학,202,40934.2,248165
SHEN,수하에너지,202,54128.28,287784
SYTR,성윤물산,202,24937.49,308281
THCT,태호건설,202,29440.17,138233
THTC,태환통신,202,34051.5,210845
YJBK,유진문고,202,17483.35,187113
YWEL,영욱전자,202,49262.86,164234
HDMT,현도자동차,203,68170.97,161274
HLPM,혜린제약,203,35720.71,353041
HRBI,현려바이오,203,52427.98,344365
JCSC,지찬반도체,203,69200.91,341105
JHFD,주현식품,203,22367.72,190439
MHCH,문호화학,203,40830.64,173406
SHEN,수하에너지,203,53766.23,297054
SYTR,성윤물산,203,24557.16,351910
THCT,태호건설,203,29484.73,165687
THTC,태환통신,203,33673.41,316041
YJBK,유진문고,203,17968.79,192156
YWEL,영욱전자,203,50961.16,110179
HDMT,현도자동차,204,69740.11,172585
HLPM,혜린제약,204,34910.81,343397
HRBI,현려바이오,204,53257.06,300842
JCSC,지찬반도체,204,67984.82,281717
JHFD,주현식품,204,22547.1,164687
MHCH,문호화학,204,40831.15,248156
SHEN,수하에너지,204,53536.52,278274
SYTR,성윤물산,204,24236.11,361937
THCT,태호건설,204,29602.53,233014
THTC,태환통신,204,33386.41,228298
YJBK,유진문고,204,18500.72,168408
YWEL,영욱전자,204,52776.08,173506
HDMT,현도자동차,205,71470.17,152153
HLPM,혜린제약,205,34199.34,453993
HRBI,현려바이오,205,54210.46,373011
JCSC,지찬반도체,205,66939.05,283505
JHFD,주현식품,205,22782.32,214259
MHCH,문호화학,205,40932.29,176992
SHEN,수하에너지,205,53446.16,241917
SYTR,성윤물산,205,23981.24,317566
THCT,태호건설,205,29792.94,173186
THTC,태환통신,205,33182.11,287746
YJBK,유진문고,205,19078.94,193917
YWEL,영욱전자,205,54704.02,133635
HDMT,현도자동차,206,73377.3,147928
HLPM,혜린제약,206,33581.55,362791
HRBI,현려바이오,206,55311.01,385157
JCSC,지찬반도체,206,66055.6,321223
JHFD,주현식품,206,23071.75,176749
MHCH,문호화학,206,41131.8,163497
SHEN,수하에너지,206,53488.67,217683
SYTR,성윤물산,206,23783.32,255472
THCT,태호건설,206,30061.17,203748
THTC,태환통신,206,33061.08,201546
YJBK,유진문고,206,19704.51,180220
YWEL,영욱전자,206,56757.38,179413
HDMT,현도자동차,207,75482.37,176129
HLPM,혜린제약,207,33048.79,462454
HRBI,현려바이오,207,56548.74,325370
JCSC,지찬반도체,207,65352.89,347837
JHFD,주현식품,207,23423.05,230428
MHCH,문호화학,207,41438.87,166748
SHEN,수하에너지,207,53659.09,246588
SYTR,성윤물산,207,23651.59,259349
THCT,태호건설,207,30404.33,218011
THTC,태환통신,207,33031.6,251337
YJBK,유진문고,207,20375.57,197751
YWEL,영욱전자,207,58928.74,112257
HDMT,현도자동차,208,77781.41,147914
HLPM,혜린제약,208,32596.34,377621
HRBI,현려바이오,208,57920.47,377715
JCSC,지찬반도체,208,64819.62,278559
JHFD,주현식품,208,23829.11,162652
MHCH,문호화학,208,41845.79,217520
SHEN,수하에너지,208,53969.87,242511
SYTR,성윤물산,208,23575.65,338366
THCT,태호건설,208,30827.3,249746
THTC,태환통신,208,33076.14,294676
YJBK,유진문고,208,21099.64,205188
YWEL,영욱전자,208,61238.15,142100
HDMT,현도자동차,209,80267.11,189911
HLPM,혜린제약,209,32232.22,335822
HRBI,현려바이오,209,59448.78,264480
JCSC,지찬반도체,209,64457.67,313611
JHFD,주현식품,209,24300.03,200633
MHCH,문호화학,209,42360.19,272082
SHEN,수하에너지,209,54421.45,208895
SYTR,성윤물산,209,23559.36,218178
THCT,태호건설,209,31329.51,173832
THTC,태환통신,209,33207.85,225254
YJBK,유진문고,209,21875.56,203487
YWEL,영욱전자,209,63648.2,118016
HDMT,현도자동차,210,82955.54,207102
HLPM,혜린제약,210,31955.31,376099
HRBI,현려바이오,210,61117.56,273897
JCSC,지찬반도체,210,64253.36,326320
JHFD,주현식품,210,24834.2,233478
MHCH,문호화학,210,42975.65,214943
SHEN,수하에너지,210,54995.89,266823
SYTR,성윤물산,210,23603.9,249328
THCT,태호건설,210,31902.32,180447
THTC,태환통신,210,33424.02,271542
YJBK,유진문고,210,22691.76,178973
YWEL,영욱전자,210,66175.3,141646
HDMT,현도자동차,211,85833.92,168679
HLPM,혜린제약,211,31760.11,398795
HRBI,현려바이오,211,62941.81,301934
JCSC,지찬반도체,211,64206.29,296298
JHFD,주현식품,211,25428.28,202392
MHCH,문호화학,211,43710.91,192788
SHEN,수하에너지,211,55703.02,285895
SYTR,성윤물산,211,23705.71,358296
THCT,태호건설,211,32560.45,244270
THTC,태환통신,211,33719.13,231102
YJBK,유진문고,211,23560.98,142457
YWEL,영욱전자,211,68819.22,114230
HDMT,현도자동차,212,88908.64,226977
HLPM,혜린제약,212,31640.86,384293
HRBI,현려바이오,212,64921.13,375753
JCSC,지찬반도체,212,64326.48,344885
JHFD,주현식품,212,26085.69,175109
MHCH,문호화학,212,44558.65,213741
SHEN,수하에너지,212,56563.55,240610
SYTR,성윤물산,212,23863.09,282785
THCT,태호건설,212,33297.66,229559
THTC,태환통신,212,34101.22,333844
YJBK,유진문고,212,24481.6,202351
YWEL,영욱전자,212,71569.16,139852
HDMT,현도자동차,213,92184.04,163815
HLPM,혜린제약,213,31607.86,294207
HRBI,현려바이오,213,67055.36,309798
JCSC,지찬반도체,213,64604.14,379942
JHFD,주현식품,213,26814.22,197553
MHCH,문호화학,213,45509.08,296887
SHEN,수하에너지,213,57563.55,314478
SYTR,성윤물산,213,24083.54,353830
THCT,태호건설,213,34121.39,253448
THTC,태환통신,213,34569.66,218074
YJBK,유진문고,213,25446.85,189222
YWEL,영욱전자,213,74414.97,130591
HDMT,현도자동차,214,95667.9,153057
HLPM,혜린제약,214,31652.74,248487
HRBI,현려바이오,214,69371.65,355809
JCSC,지찬반도체,214,65041.48,382506
JHFD,주현식품,214,27603.96,265584
MHCH,문호화학,214,46576.32,304859
SHEN,수하에너지,214,58707.2,247034
SYTR,성윤물산,214,24365.75,253695
THCT,태호건설,214,35032.24,222403
THTC,태환통신,214,35124.28,350798
YJBK,유진문고,214,26455.51,143074
YWEL,영욱전자,214,77352.35,120082
HDMT,현도자동차,215,99346.22,251384
HLPM,혜린제약,215,31767.01,390714
HRBI,현려바이오,215,71839.12,306453
JCSC,지찬반도체,215,65651.88,397640
JHFD,주현식품,215,28466.81,260940
MHCH,문호화학,215,47756.81,241132
SHEN,수하에너지,215,60003.49,251931
SYTR,성윤물산,215,24707.07,295535
THCT,태호건설,215,36030.2,182178
THTC,태환통신,215,35762.88,260376
YJBK,유진문고,215,27515.82,151366
YWEL,영욱전자,215,80373.9,141490
HDMT,현도자동차,216,103237.29,238360
HLPM,혜린제약,216,31971.2,258614
HRBI,현려바이오,216,74478.46,308654
JCSC,지찬반도체,216,66427.47,295394
JHFD,주현식품,216,29398.85,272893
MHCH,문호화학,216,49067.28,271975
SHEN,수하에너지,216,61447.31,328171
SYTR,성윤물산,216,25114.51,369039
THCT,태호건설,216,37114.87,268932
THTC,태환통신,216,36493.93,361917
YJBK,유진문고,216,28612.84,140973
YWEL,영욱전자,216,83459.14,179575
HDMT,현도자동차,217,107311.28,235371
HLPM,혜린제약,217,32245.63,266039
HRBI,현려바이오,217,77266.52,342713
JCSC,지찬반도체,217,67348.67,386497
JHFD,주현식품,217,30403.99,248662
MHCH,문호화학,217,50513.9,338374
SHEN,수하에너지,217,63059.06,349734
SYTR,성윤물산,217,25587.65,327813
THCT,태호건설,217,38290.86,195365
THTC,태환통신,217,37324.73,351128
YJBK,유진문고,217,29747.14,140656
YWEL,영욱전자,217,86615.83,137510
HDMT,현도자동차,218,111594.99,190950
HLPM,혜린제약,218,32608.64,354192
HRBI,현려바이오,218,80236.13,466046
JCSC,지찬반도체,218,68457.29,353925
JHFD,주현식품,218,31478.45,252052
MHCH,문호화학,218,52072.86,331733
SHEN,수하에너지,218,64818.45,227867
SYTR,성윤물산,218,26120.65,414939
THCT,태호건설,218,39557.21,253236
THTC,태환통신,218,38241.72,312811
YJBK,유진문고,218,30933.32,215844
YWEL,영욱전자,218,89783.39,144499
HDMT,현도자동차,219,116059.42,232662
HLPM,혜린제약,219,33044.89,461083
HRBI,현려바이오,219,83371.95,391864
JCSC,지찬반도체,219,69725.72,344921
JHFD,주현식품,219,32622.77,284759
MHCH,문호화학,219,53755.43,242993
SHEN,수하에너지,219,66745.18,297632
SYTR,성윤물산,219,26716.36,416692
THCT,태호건설,219,40930.07,281451
THTC,태환통신,219,39256.93,275710
YJBK,유진문고,219,32142.25,141077
YWEL,영욱전자,219,92981.06,168432
HDMT,현도자동차,220,120699.44,188134
HLPM,혜린제약,220,33571.8,367928
HRBI,현려바이오,220,86659.13,478760
JCSC,지찬반도체,220,71178.44,403985
JHFD,주현식품,220,33838.64,254850
MHCH,문호화학,220,55560.98,246118
SHEN,수하에너지,220,68833.63,239672
SYTR,성윤물산,220,27387.72,340444
THCT,태호건설,220,42397.4,305762
THTC,태환통신,220,40363.11,328294
YJBK,유진문고,220,33381.16,211507
YWEL,영욱전자,220,96182.06,152713
HDMT,현도자동차,221,125486.72,223563
HLPM,혜린제약,221,34186.86,463172
HRBI,현려바이오,221,90112.41,309377
JCSC,지찬반도체,221,72812.93,396800
JHFD,주현식품,221,35124.87,252195
MHCH,문호화학,221,57516.97,234592
SHEN,수하에너지,221,71094.39,334377
SYTR,성윤물산,221,28127.93,456593
THCT,태호건설,221,43964.6,265753
THTC,태환통신,221,41573.92,339107
YJBK,유진문고,221,34642.45,149635
YWEL,영욱전자,221,99370.21,124276
HDMT,현도자동차,222,130423.19,247589
HLPM,혜린제약,222,34884.69,362194
HRBI,현려바이오,222,93737.97,305651
JCSC,지찬반도체,222,74641.61,357228
JHFD,주현식품,222,36493.96,229161
MHCH,문호화학,222,59593.52,271215
SHEN,수하에너지,222,73503.21,349924
SYTR,성윤물산,222,28935.61,323547
THCT,태호건설,222,45627.02,266023
THTC,태환통신,222,42896.28,393659
YJBK,유진문고,222,35917.89,180888
YWEL,영욱전자,222,102520.53,122387
HDMT,현도자동차,223,135504.66,248859
HLPM,혜린제약,223,35672.95,488838
HRBI,현려바이오,223,97479.08,365452
JCSC,지찬반도체,223,76650.42,418737
JHFD,주현식품,223,37933.97,232328
MHCH,문호화학,223,61816.05,245358
SHEN,수하에너지,223,76105.41,237668
SYTR,성윤물산,223,29818.22,401817
THCT,태호건설,223,47379.54,207406
THTC,태환통신,223,44317.99,256197
YJBK,유진문고,223,37213.78,163803
YWEL,영욱전자,223,105600.35,149984
HDMT,현도자동차,224,140691.49,225997
HLPM,혜린제약,224,36551.93,409611
HRBI,현려바이오,224,101373.33,344960
JCSC,지찬반도체,224,78856.5,439861
JHFD,주현식품,224,39439.04,276728
MHCH,문호화학,224,64163.04,344800
SHEN,수하에너지,224,78893.84,321531
SYTR,성윤물산,224,30769.2,336512
THCT,태호건설,224,49236.81,269774
THTC,태환통신,224,45844.68,316340
YJBK,유진문고,224,38510.88,130198
YWEL,영욱전자,224,108576.42,145516
HDMT,현도자동차,225,145987.4,196509
HLPM,혜린제약,225,37522.63,486022
HRBI,현려바이오,225,105371.41,440767
JCSC,지찬반도체,225,81247.64,499556
JHFD,주현식품,225,41014.88,231196
MHCH,문호화학,225,66647.7,344968
SHEN,수하에너지,225,81852.03,373279
SYTR,성윤물산,225,31797.64,373811
THCT,태호건설,225,51182.24,244966
THTC,태환통신,225,47484.21,397407
YJBK,유진문고,225,39795.76,205873
YWEL,영욱전자,225,111434.57,150046
HDMT,현도자동차,226,151319.0,212214
HLPM,혜린제약,226,38586.03,326462
HRBI,현려바이오,226,109489.22,432730
JCSC,지찬반도체,226,83841.77,398566
JHFD,주현식품,226,42650.39,293084
MHCH,문호화학,226,69257.05,311575
SHEN,수하에너지,226,84980.5,265003
SYTR,성윤물산,226,32900.25,323836
THCT,태호건설,226,53221.47,230213
THTC,태환통신,226,49234.93,320140
YJBK,유진문고,226,41075.08,199398
YWEL,영욱전자,226,114161.0,147794
HDMT,현도자동차,227,156683.27,222177
HLPM,혜린제약,227,39740.2,362341
HRBI,현려바이오,227,113712.19,475219
JCSC,지찬반도체,227,86640.34,317067
JHFD,주현식품,227,44355.93,233499
MHCH,문호화학,227,72006.77,347028
SHEN,수하에너지,227,88295.82,383992
SYTR,성윤물산,227,34079.52,365914
THCT,태호건설,227,55353.34,309855
THTC,태환통신,227,51089.54,330375
YJBK,유진문고,227,42313.42,199412
YWEL,영욱전자,227,116743.86,132201
HDMT,현도자동차,228,162031.58,211055
HLPM,혜린제약,228,40997.37,445514
HRBI,현려바이오,228,117991.52,355914
JCSC,지찬반도체,228,89659.06,321453
JHFD,주현식품,228,46118.61,230268
MHCH,문호화학,228,74875.74,242897
SHEN,수하에너지,228,91772.86,283405
SYTR,성윤물산,228,35340.07,446608
THCT,태호건설,228,57562.41,300438
THTC,태환통신,228,53060.3,433165
YJBK,유진문고,228,43530.5,189054
YWEL,영욱전자,228,119149.84,130997
HDMT,현도자동차,229,167348.43,212056
HLPM,혜린제약,229,42352.0,483904
HRBI,현려바이오,229,122336.61,453388
JCSC,지찬반도체,229,92878.17,391724
JHFD,주현식품,229,47933.24,257616
MHCH,문호화학,229,77865.27,242303
SHEN,수하에너지,229,95440.85,403493
SYTR,성윤물산,229,36673.06,359669
THCT,태호건설,229,59858.2,322351
THTC,태환통신,229,55138.94,267294
YJBK,유진문고,229,44696.23,161047
YWEL,영욱전자,229,121330.24,132268
HDMT,현도자동차,230,172591.14,214956
HLPM,혜린제약,230,43813.12,407941
HRBI,현려바이오,230,126709.76,396812
JCSC,지찬반도체,230,96309.66,540498
JHFD,주현식품,230,49785.99,283493
MHCH,문호화학,230,80970.23,265459
SHEN,수하에너지,230,99258.43,350554
SYTR,성윤물산,230,38084.71,362232
THCT,태호건설,230,62220.91,261303
THTC,태환통신,230,57321.27,304556
YJBK,유진문고,230,45804.69,150185
YWEL,영욱전자,230,123266.81,133388
HDMT,현도자동차,231,177688.08,211137
HLPM,혜린제약,231,45376.09,497517
HRBI,현려바이오,231,131076.77,401648
JCSC,지찬반도체,231,99955.9,415582
JHFD,주현식품,231,51674.07,212433
MHCH,문호화학,231,84171.31,328385
SHEN,수하에너지,231,103247.29,251616
SYTR,성윤물산,231,39583.41,455368
THCT,태호건설,231,64652.78,316543
THTC,태환통신,231,59612.58,401400
YJBK,유진문고,231,46850.93,137199
YWEL,영욱전자,231,124936.19,116085
HDMT,현도자동차,232,182668.07,193296
HLPM,혜린제약,232,47039.27,456454
HRBI,현려바이오,232,135427.6,286547
JCSC,지찬반도체,232,103817.74,454393
JHFD,주현식품,232,53584.01,221629
MHCH,문호화학,232,87482.56,230459
SHEN,수하에너지,232,107370.1,352339
SYTR,성윤물산,232,41149.57,392882
THCT,태호건설,232,67122.81,317118
THTC,태환통신,232,61985.59,343914
YJBK,유진문고,232,47831.8,125167
YWEL,영욱전자,232,126298.81,139531
HDMT,현도자동차,233,187441.18,218865
HLPM,혜린제약,233,48816.21,422510
HRBI,현려바이오,233,139738.12,300090
JCSC,지찬반도체,233,107886.09,391728
JHFD,주현식품,233,55515.16,237554
MHCH,문호화학,233,90875.43,345100
SHEN,수하에너지,233,111634.0,334450
SYTR,성윤물산,233,42790.74,468372
THCT,태호건설,233,69640.46,291285
THTC,태환통신,233,64469.99,335704
YJBK,유진문고,233,48731.01,115507
YWEL,영욱전자,233,127360.62,126717
HDMT,현도자동차,234,191938.42,199628
HLPM,혜린제약,234,50694.9,439541
HRBI,현려바이오,234,143955.99,403805
JCSC,지찬반도체,234,112163.38,484356
JHFD,주현식품,234,57447.5,185278
MHCH,문호화학,234,94344.61,267421
SHEN,수하에너지,234,115992.81,305673
SYTR,성윤물산,234,44506.88,344792
THCT,태호건설,234,72183.93,312876
THTC,태환통신,234,67038.66,416131
YJBK,유진문고,234,49533.35,171835
YWEL,영욱전자,234,128160.27,132615
HDMT,현도자동차,235,196168.97,154185
HLPM,혜린제약,235,52667.21,437565
HRBI,현려바이오,235,148056.24,275215
JCSC,지찬반도체,235,116624.62,447017
JHFD,주현식품,235,59367.39,236495
MHCH,문호화학,235,97860.8,258331
SHEN,수하에너지,235,120470.91,399831
SYTR,성윤물산,235,46285.7,425230
THCT,태호건설,235,74749.13,271208
THTC,태환통신,235,69679.88,284214
YJBK,유진문고,235,50228.48,164752
YWEL,영욱전자,235,128634.37,102543
HDMT,현도자동차,236,200106.25,134848
HLPM,혜린제약,236,54749.92,532182
HRBI,현려바이오,236,152032.79,376154
JCSC,지찬반도체,236,121292.98,522326
JHFD,주현식품,236,61271.09,194886
MHCH,문호화학,236,101394.24,265773
SHEN,수하에너지,236,125034.05,382965
SYTR,성윤물산,236,48122.65,419967
THCT,태호건설,236,77307.78,249734
THTC,태환통신,236,72394.74,400266
YJBK,유진문고,236,50816.59,168472
YWEL,영욱전자,236,128791.61,82362
HDMT,현도자동차,237,203667.16,177320
HLPM,혜린제약,237,56929.26,458634
HRBI,현려바이오,237,155779.65,329116
JCSC,지찬반도체,237,126151.25,446262
JHFD,주현식품,237,63139.53,164600
MHCH,문호화학,237,104960.85,287811
SHEN,수하에너지,237,129646.98,287289
SYTR,성윤물산,237,50018.84,421982
THCT,태호건설,237,79859.2,201625
THTC,태환통신,237,75158.12,400365
YJBK,유진문고,237,51287.04,102298
YWEL,영욱전자,237,128617.57,88859
HDMT,현도자동차,238,206789.65,200823
HLPM,혜린제약,238,59211.57,468990
HRBI,현려바이오,238,159306.81,381389
JCSC,지찬반도체,238,131182.0,370022
JHFD,주현식품,238,64951.1,224339
MHCH,문호화학,238,108525.13,313016
SHEN,수하에너지,238,134273.61,349761
SYTR,성윤물산,238,51967.93,509903
THCT,태호건설,238,82373.66,220067
THTC,태환통신,238,77986.15,309261
YJBK,유진문고,238,51637.83,124491
YWEL,영욱전자,238,128115.69,113796
HDMT,현도자동차,239,209483.85,196081
HLPM,혜린제약,239,61582.9,434465
HRBI,현려바이오,239,162586.0,343544
JCSC,지찬반도체,239,136362.15,500398
JHFD,주현식품,239,66702.04,229197
MHCH,문호화학,239,112042.9,265862
SHEN,수하에너지,239,138923.7,287597
SYTR,성윤물산,239,53952.67,498453
THCT,태호건설,239,84824.68,212249
THTC,태환통신,239,80841.89,331250
YJBK,유진문고,239,51852.77,108913
YWEL,영욱전자,239,127330.58,90362
HDMT,현도자동차,240,211697.01,150204
HLPM,혜린제약,240,64039.91,586956
HRBI,현려바이오,240,165541.53,315782
JCSC,지찬반도체,240,141657.47,441147
JHFD,주현식품,240,68381.13,240919
MHCH,문호화학,240,115501.17,340516
SHEN,수하에너지,240,143556.36,330167
SYTR,성윤물산,240,55978.11,442283
THCT,태호건설,240,87208.78,200869
THTC,태환통신,240,83709.59,270119
YJBK,유진문고,240,51954.97,119917
YWEL,영욱전자,240,126204.54,100107
HDMT,현도자동차,241,213457.88,121831
HLPM,혜린제약,241,66571.13,518663
HRBI,현려바이오,241,168188.23,281488
JCSC,지찬반도체,241,147076.82,414253
JHFD,주현식품,241,69968.54,198445
MHCH,문호화학,241,118868.4,226829
SHEN,수하에너지,241,148101.31,251908
SYTR,성윤물산,241,58022.0,333763
THCT,태호건설,241,89496.27,228898
THTC,태환통신,241,86578.36,333602
YJBK,유진문고,241,51927.55,118588
YWEL,영욱전자,241,124775.77,126133
HDMT,현도자동차,242,214715.92,116655
HLPM,혜린제약,242,69159.72,400665
HRBI,현려바이오,242,170544.29,265970
JCSC,지찬반도체,242,152568.25,331027
JHFD,주현식품,242,71441.12,183435
MHCH,문호화학,242,122107.82,323032
SHEN,수하에너지,242,152603.4,303828
SYTR,성윤물산,242,60076.17,464334
THCT,태호건설,242,91685.22,237717
THTC,태환통신,242,89444.44,367245
YJBK,유진문고,242,51770.71,115711
YWEL,영욱전자,242,123079.43,88001
HDMT,현도자동차,243,215456.26,110554
HLPM,혜린제약,243,71811.81,523808
HRBI,현려바이오,243,172487.16,259107
JCSC,지찬반도체,243,158143.35,475186
JHFD,주현식품,243,72791.45,171685
MHCH,문호화학,243,125241.41,276397
SHEN,수하에너지,243,156975.54,236465
SYTR,성윤물산,243,62127.51,315541
THCT,태호건설,243,93720.04,181942
THTC,태환통신,243,92257.88,372624
YJBK,유진문고,243,51474.7,155465
YWEL,영욱전자,243,121103.88,147433
HDMT,현도자동차,244,215655.57,146402
HLPM,혜린제약,244,74514.87,407130
HRBI,현려바이오,244,174041.15,246866
JCSC,지찬반도체,244,163735.77,452323
JHFD,주현식품,244,73995.63,183296
MHCH,문호화학,244,128184.52,317903
SHEN,수하에너지,244,161190.73,339760
SYTR,성윤물산,244,64154.3,434393
THCT,태호건설,244,95604.29,182862
THTC,태환통신,244,95026.44,322496
YJBK,유진문고,244,51047.28,108173
YWEL,영욱전자,244,118921.79,134508
HDMT,현도자동차,245,215295.5,141247
HLPM,혜린제약,245,77243.11,353615
HRBI,현려바이오,245,175164.05,211044
JCSC,지찬반도체,245,169284.64,440548
JHFD,주현식품,245,75062.0,192186
MHCH,문호화학,245,130919.58,235183
SHEN,수하에너지,245,165166.73,326033
SYTR,성윤물산,245,66155.86,378961
THCT,태호건설,245,97319.38,195006
THTC,태환통신,245,97705.14,377234
YJBK,유진문고,245,50496.03,132703
YWEL,영욱전자,245,116510.45,121230
HDMT,현도자동차,246,214435.82,159637
HLPM,혜린제약,246,79996.75,556944
HRBI,현려바이오,246,175847.24,304457
JCSC,지찬반도체,246,174850.53,485384
JHFD,주현식품,246,75964.92,179322
MHCH,문호화학,246,133461.89,279569
SHEN,수하에너지,246,168982.64,292548
SYTR,성윤물산,246,68120.06,341225
THCT,태호건설,246,98848.91,225869
THTC,태환통신,246,100288.85,334509
YJBK,유진문고,246,49847.56,115384
YWEL,영욱전자,246,113892.41,108905
HDMT,현도자동차,247,212943.19,178430
HLPM,혜린제약,247,82749.36,413948
HRBI,현려바이오,247,176131.14,245388
JCSC,지찬반도체,247,180322.53,320009
JHFD,주현식품,247,76680.54,140477
MHCH,문호화학,247,135732.78,243810
SHEN,수하에너지,247,172494.31,332293
SYTR,성윤물산,247,70004.62,401887
THCT,태호건설,247,100173.84,165792
THTC,태환통신,247,102733.08,320398
YJBK,유진문고,247,49085.57,153277
YWEL,영욱전자,247,111116.45,116872
HDMT,현도자동차,248,210963.03,149425
HLPM,혜린제약,248,85489.37,459480
HRBI,현려바이오,248,175973.01,296871
JCSC,지찬반도체,248,185659.62,479616
JHFD,주현식품,248,77199.24,174706
MHCH,문호화학,248,137752.72,241338
SHEN,수하에너지,248,175681.36,259997
SYTR,성윤물산,248,71824.48,400446
THCT,태호건설,248,101248.59,180164
THTC,태환통신,248,105030.64,265809
YJBK,유진문고,248,48215.27,114962
YWEL,영욱전자,248,108171.79,128741
HDMT,현도자동차,249,208468.11,162621
HLPM,혜린제약,249,88176.68,394972
HRBI,현려바이오,249,175394.89,332743
JCSC,지찬반도체,249,190835.68,356844
JHFD,주현식품,249,77553.43,160081
MHCH,문호화학,249,139460.96,254526
SHEN,수하에너지,249,178524.74,282359
SYTR,성윤물산,249,73553.06,362411
THCT,태호건설,249,102104.27,159306
THTC,태환통신,249,107139.64,232889
YJBK,유진문고,249,47267.06,177051
YWEL,영욱전자,249,105123.38,135923
HDMT,현도자동차,250,205582.45,194238
HLPM,혜린제약,250,90835.06,376179
HRBI,현려바이오,250,174358.55,277168
JCSC,지찬반도체,250,195811.77,457197
JHFD,주현식품,250,77701.08,185909
MHCH,문호화학,250,140868.45,272578
SHEN,수하에너지,250,181028.31,228993
SYTR,성윤물산,250,75167.61,326098
THCT,태호건설,250,102701.63,147616
THTC,태환통신,250,109071.86,306997
YJBK,유진문고,250,46217.88,121157
YWEL,영욱전자,250,101965.35,106269
HDMT,현도자동차,251,202237.68,187844
HLPM,혜린제약,251,93409.21,404184
HRBI,현려바이오,251,172874.74,322954
JCSC,지찬반도체,251,200497.8,473609
JHFD,주현식품,251,77659.13,123438
MHCH,문호화학,251,141929.99,212064
SHEN,수하에너지,251,183110.31,253734
SYTR,성윤물산,251,76648.17,420922
THCT,태호건설,251,103070.41,144463
THTC,태환통신,251,110775.55,278533
YJBK,유진문고,251,45102.27,163390
YWEL,영욱전자,251,98734.14,168637
HDMT,현도자동차,252,198474.43,201554
HLPM,혜린제약,252,95886.19,387794
HRBI,현려바이오,252,170996.1,363528
JCSC,지찬반도체,252,204915.58,439005
JHFD,주현식품,252,77437.46,149535
MHCH,문호화학,252,142655.5,225419
SHEN,수하에너지,252,184801.5,236461
SYTR,성윤물산,252,78003.41,381035
THCT,태호건설,252,103171.67,143149
THTC,태환통신,252,112264.18,218459
YJBK,유진문고,252,43926.73,142801
YWEL,영욱전자,252,95472.17,116508
HDMT,현도자동차,253,194344.75,212264
HLPM,혜린제약,253,98232.3,417829
HRBI,현려바이오,253,168742.64,293005
JCSC,지찬반도체,253,208970.51,393606
JHFD,주현식품,253,77014.85,199837
MHCH,문호화학,253,143012.17,158846
SHEN,수하에너지,253,186078.8,271330
SYTR,성윤물산,253,79186.6,323755
THCT,태호건설,253,103024.66,204458
THTC,태환통신,253,113497.81,219979
YJBK,유진문고,253,42706.6,165360
YWEL,영욱전자,253,92188.68,108055
HDMT,현도자동차,254,189904.52,165105
HLPM,혜린제약,254,100460.86,366118
HRBI,현려바이오,254,166067.99,265207
JCSC,지찬반도체,254,212667.55,377518
JHFD,주현식품,254,76402.97,174021
MHCH,문호화학,254,143011.51,206934
SHEN,수하에너지,254,186883.04,180422
SYTR,성윤물산,254,80215.44,246468
THCT,태호건설,254,102609.92,165405
THTC,태환통신,254,114466.55,201855
YJBK,유진문고,254,41447.33,130854
YWEL,영욱전자,254,88919.18,111721
HDMT,현도자동차,255,185148.53,168327
HLPM,혜린제약,255,102524.3,301534
HRBI,현려바이오,255,163091.58,263277
JCSC,지찬반도체,255,215940.94,324655
JHFD,주현식품,255,75622.85,137036
MHCH,문호화학,255,142645.33,229907
SHEN,수하에너지,255,187222.13,278320
SYTR,성윤물산,255,81062.55,256474
THCT,태호건설,255,101942.77,164242
THTC,태환통신,255,115158.53,291759
YJBK,유진문고,255,40145.64,141069
YWEL,영욱전자,255,85668.1,110163
HDMT,현도자동차,256,180164.48,153567
HLPM,혜린제약,256,104375.61,341483
HRBI,현려바이오,256,159789.95,296226
JCSC,지찬반도체,256,218726.36,394956
JHFD,주현식품,256,74650.64,166468
MHCH,문호화학,256,141915.12,217755
SHEN,수하에너지,256,187088.31,266856
SYTR,성윤물산,256,81711.57,340801
THCT,태호건설,256,101043.16,246165
THTC,태환통신,256,115561.01,198995
YJBK,유진문고,256,38829.05,186581
YWEL,영욱전자,256,82439.82,130859
HDMT,현도자동차,257,175003.08,231819
HLPM,혜린제약,257,106037.33,295211
HRBI,현려바이오,257,156237.69,361620
JCSC,지찬반도체,257,221057.74,365694
JHFD,주현식품,257,73522.71,187306
MHCH,문호화학,257,140856.7,244192
SHEN,수하에너지,257,186441.53,188020
SYTR,성윤물산,257,82188.33,249880
THCT,태호건설,257,99890.81,176779
THTC,태환통신,257,115687.85,269345
YJBK,유진문고,257,37505.41,183584
YWEL,영욱전자,257,79271.73,139672
HDMT,현도자동차,258,169693.92,177201
HLPM,혜린제약,258,107479.88,350316
HRBI,현려바이오,258,152464.36,301590
JCSC,지찬반도체,258,222864.57,261388
JHFD,주현식품,258,72234.23,174062
MHCH,문호화학,258,139453.25,203335
SHEN,수하에너지,258,185342.69,215271
SYTR,성윤물산,258,82448.47,276518
THCT,태호건설,258,98523.01,220257
THTC,태환통신,258,115532.24,262773
YJBK,유진문고,258,36179.35,180479
YWEL,영욱전자,258,76165.63,112986
HDMT,현도자동차,259,164261.05,190104
HLPM,혜린제약,259,108668.3,299217
HRBI,현려바이오,259,148461.03,369376
JCSC,지찬반도체,259,224097.13,330927
JHFD,주현식품,259,70803.93,228636
MHCH,문호화학,259,137744.63,221533
SHEN,수하에너지,259,183833.33,181704
SYTR,성윤물산,259,82509.94,217753
THCT,태호건설,259,96945.12,258359
THTC,태환통신,259,115088.42,191718
YJBK,유진문고,259,34859.1,178148
YWEL,영욱전자,259,73145.96,132422
HDMT,현도자동차,260,158789.94,178753
HLPM,혜린제약,260,109619.67,297389
HRBI,현려바이오,260,144304.02,326302
JCSC,지찬반도체,260,224804.17,242049
JHFD,주현식품,260,69250.32,201620
MHCH,문호화학,260,135729.87,181484
SHEN,수하에너지,260,181887.35,213826
SYTR,성윤물산,260,82380.25,264370
THCT,태호건설,260,95161.69,173709
THTC,태환통신,260,114341.35,199594
YJBK,유진문고,260,33556.49,133714
YWEL,영욱전자,260,70232.93,116870
HDMT,현도자동차,261,153329.36,179335
HLPM,혜린제약,261,110299.35,354718
HRBI,현려바이오,261,139984.06,349526
JCSC,지찬반도체,261,224933.35,304035
JHFD,주현식품,261,67586.2,174211
MHCH,문호화학,261,133407.96,293942
SHEN,수하에너지,261,179489.31,242782
SYTR,성윤물산,261,82020.93,360378
THCT,태호건설,261,93201.25,268168
THTC,태환통신,261,113324.69,298580
YJBK,유진문고,261,32276.91,168722
YWEL,영욱전자,261,67420.79,111979
HDMT,현도자동차,262,147823.34,197318
HLPM,혜린제약,262,110710.51,343758
HRBI,현려바이오,262,135556.3,409067
JCSC,지찬반도체,262,224522.01,269293
JHFD,주현식품,262,65839.94,183191
MHCH,문호화학,262,130831.63,249410
SHEN,수하에너지,262,176764.87,296585
SYTR,성윤물산,262,81444.26,372357
THCT,태호건설,262,91097.29,175869
THTC,태환통신,262,112032.67,331044
YJBK,유진문고,262,31022.8,146667
YWEL,영욱전자,262,64727.87,156923
HDMT,현도자동차,263,142380.4,176266
HLPM,혜린제약,263,110830.04,365684
HRBI,현려바이오,263,131089.05,439177
JCSC,지찬반도체,263,223541.23,302619
JHFD,주현식품,263,64009.12,183028
MHCH,문호화학,263,128050.87,279707
SHEN,수하에너지,263,173630.35,254625
SYTR,성윤물산,263,80685.1,271408
THCT,태호건설,263,88849.67,256709
THTC,태환통신,263,110483.58,298922
YJBK,유진문고,263,29800.91,213450
YWEL,영욱전자,263,62155.25,178990
HDMT,현도자동차,264,137010.46,182065
HLPM,혜린제약,264,110686.74,309665
HRBI,현려바이오,264,126568.71,302916
JCSC,지찬반도체,264,222016.23,377080
JHFD,주현식품,264,62126.52,237215
MHCH,문호화학,264,125055.06,242549
SHEN,수하에너지,264,170130.27,257523
SYTR,성윤물산,264,79741.65,307676
THCT,태호건설,264,86494.67,259648
THTC,태환통신,264,108728.49,225318
YJBK,유진문고,264,28616.47,172990
YWEL,영욱전자,264,59693.32,132652
HDMT,현도자동차,265,131714.22,190911
HLPM,혜린제약,265,110275.15,374542
HRBI,현려바이오,265,122075.99,367198
JCSC,지찬반도체,265,219922.62,373984
JHFD,주현식품,265,60189.01,213489
MHCH,문호화학,265,121844.08,275642
SHEN,수하에너지,265,166363.78,332131
SYTR,성윤물산,265,78633.12,363830
THCT,태호건설,265,84035.47,257167
THTC,태환통신,265,106732.83,289041
YJBK,유진문고,265,27475.66,201056
YWEL,영욱전자,265,57358.2,161039
HDMT,현도자동차,266,126562.49,183957
HLPM,혜린제약,266,109599.97,330950
HRBI,현려바이오,266,117587.18,417678
JCSC,지찬반도체,266,217302.6,410009
JHFD,주현식품,266,58212.24,225571
MHCH,문호화학,266,118500.59,264763
SHEN,수하에너지,266,162343.18,251655
SYTR,성윤물산,266,77331.64,314274
THCT,태호건설,266,81497.46,248133
THTC,태환통신,266,104538.0,279030
YJBK,유진문고,266,26378.98,192858
YWEL,영욱전자,266,55159.74,137620
HDMT,현도자동차,267,121562.07,156359
HLPM,혜린제약,267,108644.88,265919
HRBI,현려바이오,267,113177.65,390686
JCSC,지찬반도체,267,214220.84,394778
JHFD,주현식품,267,56226.99,264990
MHCH,문호화학,267,115045.7,319575
SHEN,수하에너지,267,158079.21,320539
SYTR,성윤물산,267,75894.33,314293
THCT,태호건설,267,78921.62,236794
THTC,태환통신,267,102163.36,371504
YJBK,유진문고,267,25329.77,133845
YWEL,영욱전자,267,53084.51,133091
HDMT,현도자동차,268,116692.94,172926
HLPM,혜린제약,268,107418.12,356964
HRBI,현려바이오,268,108829.27,310319
JCSC,지찬반도체,268,210713.24,419779
JHFD,주현식품,268,54246.93,262182
MHCH,문호화학,268,111488.7,340805
SHEN,수하에너지,268,153700.64,296514
SYTR,성윤물산,268,74329.96,322047
THCT,태호건설,268,76291.37,232681
THTC,태환통신,268,99642.09,235455
YJBK,유진문고,268,24325.76,194885
YWEL,영욱전자,268,51141.16,156949
HDMT,현도자동차,269,112013.66,170127
HLPM,혜린제약,269,105956.7,343381
HRBI,현려바이오,269,104584.67,422339
JCSC,지찬반도체,269,206805.88,294282
JHFD,주현식품,269,52267.21,219288
MHCH,문호화학,269,107896.85,310117
SHEN,수하에너지,269,149146.25,343388
SYTR,성윤물산,269,72614.24,295115
THCT,태호건설,269,73660.15,198991
THTC,태환통신,269,96993.46,369050
YJBK,유진문고,269,23372.62,175219
YWEL,영욱전자,269,49325.75,132304
HDMT,현도자동차,270,107534.62,184541
HLPM,혜린제약,270,104284.72,454950
HRBI,현려바이오,270,100455.78,472788
JCSC,지찬반도체,270,202521.29,415010
JHFD,주현식품,270,50318.61,258794
MHCH,문호화학,270,104272.17,314016
SHEN,수하에너지,270,144469.25,287959
SYTR,성윤물산,270,70798.19,428285
THCT,태호건설,270,71034.17,255534
THTC,태환통신,270,94224.54,391913
YJBK,유진문고,270,22470.57,185500
YWEL,영욱전자,270,47630.65,152265
HDMT,현도자동차,271,103263.36,222190
HLPM,혜린제약,271,102400.2,353485
HRBI,현려바이오,271,96461.53,440011
JCSC,지찬반도체,271,197861.83,453672
JHFD,주현식품,271,48404.58,248249
MHCH,문호화학,271,100609.53,297041
SHEN,수하에너지,271,139704.23,313340
SYTR,성윤물산,271,68897.45,399212
THCT,태호건설,271,68413.73,253583
THTC,태환통신,271,91376.77,323649
YJBK,유진문고,271,21619.38,184704
YWEL,영욱전자,271,46052.05,171709
HDMT,현도자동차,272,99207.87,193672
HLPM,혜린제약,272,100302.32,465210
HRBI,현려바이오,272,92617.04,301895
JCSC,지찬반도체,272,192884.17,372149
JHFD,주현식품,272,46528.14,285306
MHCH,문호화학,272,96957.75,345253
SHEN,수하에너지,272,134921.34,252283
SYTR,성윤물산,272,66933.79,359172
THCT,태호건설,272,65835.52,208168
THTC,태환통신,272,88476.12,326839
YJBK,유진문고,272,20823.99,158850
YWEL,영욱전자,272,44596.02,172184
HDMT,현도자동차,273,95334.12,167719
HLPM,혜린제약,273,98045.2,442321
HRBI,현려바이오,273,88905.7,308501
JCSC,지찬반도체,273,187696.41,465650
JHFD,주현식품,273,44698.99,271821
MHCH,문호화학,273,93341.97,232498
SHEN,수하에너지,273,130140.97,247685
SYTR,성윤물산,273,64901.31,374043
THCT,태호건설,273,63297.64,273031
THTC,태환통신,273,85542.39,416527
YJBK,유진문고,273,20078.91,141354
YWEL,영욱전자,273,43253.72,156334
HDMT,현도자동차,274,91681.75,206554
HLPM,혜린제약,274,95634.82,396235
HRBI,현려바이오,274,85366.06,333113
JCSC,지찬반도체,274,182295.83,420759
JHFD,주현식품,274,42931.88,181648
MHCH,문호화학,274,89776.91,359855
SHEN,수하에너지,274,125423.28,338200
SYTR,성윤물산,274,62828.01,442840
THCT,태호건설,274,60818.58,309491
THTC,태환통신,274,82597.98,359923
YJBK,유진문고,274,19380.19,178645
YWEL,영욱전자,274,42024.47,121443
HDMT,현도자동차,275,88247.28,166656
HLPM,혜린제약,275,93109.04,465498
HRBI,현려바이오,275,81980.56,439179
JCSC,지찬반도체,275,176762.42,479733
JHFD,주현식품,275,41220.15,206685
MHCH,문호화학,275,86294.19,267736
SHEN,수하에너지,275,120703.5,312798
SYTR,성윤물산,275,60730.78,378585
THCT,태호건설,275,58404.18,218932
THTC,태환통신,275,79653.66,390930
YJBK,유진문고,275,18732.87,146088
YWEL,영욱전자,275,40910.93,147511
HDMT,현도자동차,276,85017.67,216270
HLPM,혜린제약,276,90481.92,478192
HRBI,현려바이오,276,78766.9,310783
JCSC,지찬반도체,276,171107.51,357471
JHFD,주현식품,276,39566.53,205827
MHCH,문호화학,276,82911.34,279526
SHEN,수하에너지,276,116074.93,362282
SYTR,성윤물산,276,58615.09,464074
THCT,태호건설,276,56071.34,326623
THTC,태환통신,276,76735.07,319395
YJBK,유진문고,276,18133.86,167092
YWEL,영욱전자,276,39904.63,123558
HDMT,현도자동차,277,82000.52,202178
HLPM,혜린제약,277,87749.62,544507
HRBI,현려바이오,277,75738.49,333174
JCSC,지찬반도체,277,165417.94,481229
JHFD,주현식품,277,37991.03,187162
MHCH,문호화학,277,79626.81,235892
SHEN,수하에너지,277,111547.98,383465
SYTR,성윤물산,277,56518.17,419295
THCT,태호건설,277,53836.48,215192
THTC,태환통신,277,73847.47,272620
YJBK,유진문고,277,17586.31,155788
YWEL,영욱전자,277,39009.21,132125
HDMT,현도자동차,278,79189.18,238199
HLPM,혜린제약,278,84974.06,441993
HRBI,현려바이오,278,72877.3,425737
JCSC,지찬반도체,278,159669.98,417607
JHFD,주현식품,278,36492.19,279455
MHCH,문호화학,278,76452.77,286300
SHEN,수하에너지,278,107162.73,254967
SYTR,성윤물산,278,54428.27,473541
THCT,태호건설,278,51680.67,253789
THTC,태환통신,278,70997.73,436111
YJBK,유진문고,278,17085.48,180387
YWEL,영욱전자,278,38213.51,96981
HDMT,현도자동차,279,76600.26,165546
HLPM,혜린제약,279,82159.1,398731
HRBI,현려바이오,279,70194.35,465313
JCSC,지찬반도체,279,153946.41,455710
JHFD,주현식품,279,35061.52,293060
MHCH,문호화학,279,73384.51,245363
SHEN,수하에너지,279,102897.07,346256
SYTR,성윤물산,279,52373.87,419982
THCT,태호건설,279,49622.33,200730
THTC,태환통신,279,68217.5,299901
YJBK,유진문고,279,16623.62,149606
YWEL,영욱전자,279,37518.94,99193
HDMT,현도자동차,280,74196.3,152839
HLPM,혜린제약,280,79316.21,490469
HRBI,현려바이오,280,67684.36,383119
JCSC,지찬반도체,280,148232.19,453300
JHFD,주현식품,280,33709.62,251008
MHCH,문호화학,280,70451.77,361963
SHEN,수하에너지,280,98783.57,292431
SYTR,성윤물산,280,50361.41,405159
THCT,태호건설,280,47658.15,330576
THTC,태환통신,280,65537.86,314695
YJBK,유진문고,280,16210.26,164089
YWEL,영욱전자,280,36924.46,114512
HDMT,현도자동차,281,71994.16,219852
HLPM,혜린제약,281,76481.79,379887
HRBI,현려바이오,281,65350.93,404664
JCSC,지찬반도체,281,142597.39,533637
JHFD,주현식품,281,32433.32,188642
MHCH,문호화학,281,67658.61,342960
SHEN,수하에너지,281,94812.94,318815
SYTR,성윤물산,281,48387.75,447488
THCT,태호건설,281,45807.02,324957
THTC,태환통신,281,62933.76,338981
YJBK,유진문고,281,15839.63,186515
YWEL,영욱전자,281,36423.73,140304
HDMT,현도자동차,282,69982.32,216571
HLPM,혜린제약,282,73680.78,560402
HRBI,현려바이오,282,63179.85,312890
JCSC,지찬반도체,282,137098.37,524860
JHFD,주현식품,282,31231.16,226092
MHCH,문호화학,282,64992.53,347923
SHEN,수하에너지,282,91017.98,379594
SYTR,성윤물산,282,46466.92,369938
THCT,태호건설,282,44042.56,216280
THTC,태환통신,282,60418.4,415288
YJBK,유진문고,282,15506.21,113271
YWEL,영욱전자,282,36019.36,101571
HDMT,현도자동차,283,68164.53,150115
HLPM,혜린제약,283,70905.02,540011
HRBI,현려바이오,283,61180.17,335337
JCSC,지찬반도체,283,131733.96,389758
JHFD,주현식품,283,30109.79,237795
MHCH,문호화학,283,62478.91,267686
SHEN,수하에너지,283,87403.4,323253
SYTR,성윤물산,283,44618.43,375272
THCT,태호건설,283,42391.55,290045
THTC,태환통신,283,58018.25,383303
YJBK,유진문고,283,15215.01,141892
YWEL,영욱전자,283,35708.73,98862
HDMT,현도자동차,284,66519.11,154938
HLPM,혜린제약,284,68173.96,384527
HRBI,현려바이오,284,59336.32,382373
JCSC,지찬반도체,284,126524.05,552263
JHFD,주현식품,284,29059.11,193781
MHCH,문호화학,284,60099.12,351701
SHEN,수하에너지,284,83967.21,381490
SYTR,성윤물산,284,42838.65,352574
THCT,태호건설,284,40840.57,318331
THTC,태환통신,284,55716.96,289167
YJBK,유진문고,284,14965.56,176721
YWEL,영욱전자,284,35485.54,133865
HDMT,현도자동차,285,65047.76,186680
HLPM,혜린제약,285,65508.86,471457
HRBI,현려바이오,285,57644.06,389188
JCSC,지찬반도체,285,121483.16,351210
JHFD,주현식품,285,28083.27,246536
MHCH,문호화학,285,57863.97,327543
SHEN,수하에너지,285,80735.51,392448
SYTR,성윤물산,285,41129.33,470946
THCT,태호건설,285,39391.09,310977
THTC,태환통신,285,53516.76,356858
YJBK,유진문고,285,14752.85,161884
YWEL,영욱전자,285,35348.52,108963
HDMT,현도자동차,286,63752.13,135907
HLPM,혜린제약,286,62923.85,400333
HRBI,현려바이오,286,56115.06,302562
JCSC,지찬반도체,286,116608.47,356529
JHFD,주현식품,286,27186.1,268766
MHCH,문호화학,286,55764.64,345371
SHEN,수하에너지,286,77688.08,378144
SYTR,성윤물산,286,39491.02,332708
THCT,태호건설,286,38046.69,214645
THTC,태환통신,286,51430.71,268076
YJBK,유진문고,286,14582.02,111591
YWEL,영욱전자,286,35299.0,83763
HDMT,현도자동차,287,62619.37,208378
HLPM,혜린제약,287,60412.73,422493
HRBI,현려바이오,287,54725.35,317269
JCSC,지찬반도체,287,111965.72,538142
JHFD,주현식품,287,26354.77,172972
MHCH,문호화학,287,53812.5,255825
SHEN,수하에너지,287,74815.39,369537
SYTR,성윤물산,287,37934.55,510247
THCT,태호건설,287,36796.81,258884
THTC,태환통신,287,49462.3,294230
YJBK,유진문고,287,14449.2,165004
YWEL,영욱전자,287,35347.82,114103
HDMT,현도자동차,288,61652.36,141320
HLPM,혜린제약,288,58002.89,375151
HRBI,현려바이오,288,53480.17,289940
JCSC,지찬반도체,288,107510.66,395750
JHFD,주현식품,288,25595.89,195909
MHCH,문호화학,288,51988.13,259883
SHEN,수하에너지,288,72129.36,331148
SYTR,성윤물산,288,36450.28,394545
THCT,태호건설,288,35645.67,188542
THTC,태환통신,288,47602.22,386477
YJBK,유진문고,288,14350.88,99643
YWEL,영욱전자,288,35480.74,119103
HDMT,현도자동차,289,60833.46,135880
HLPM,혜린제약,289,55679.28,585699
HRBI,현려바이오,289,52385.07,291005
JCSC,지찬반도체,289,103281.52,351687
JHFD,주현식품,289,24910.21,238910
MHCH,문호화학,289,50303.52,343577
SHEN,수하에너지,289,69628.67,388902
SYTR,성윤물산,289,35054.86,486838
THCT,태호건설,289,34576.16,253274
THTC,태환통신,289,45866.63,411828
YJBK,유진문고,289,14290.03,113204
YWEL,영욱전자,289,35702.19,132776
HDMT,현도자동차,290,60175.0,176083
HLPM,혜린제약,290,53471.05,423529
HRBI,현려바이오,290,51415.0,386438
JCSC,지찬반도체,290,99264.86,465377
JHFD,주현식품,290,24282.45,182686
MHCH,문호화학,290,48752.59,334930
SHEN,수하에너지,290,67301.59,350683
SYTR,성윤물산,290,33744.71,493397
THCT,태호건설,290,33608.85,211405
THTC,태환통신,290,44235.47,360941
YJBK,유진문고,290,14263.95,114821
YWEL,영욱전자,290,36012.36,85654
HDMT,현도자동차,291,59683.8,134427
HLPM,혜린제약,291,51361.22,520016
HRBI,현려바이오,291,50584.27,257163
JCSC,지찬반도체,291,95484.0,514648
JHFD,주현식품,291,23724.73,230100
MHCH,문호화학,291,47330.39,233162
SHEN,수하에너지,291,65157.6,341650
SYTR,성윤물산,291,32510.39,407592
THCT,태호건설,291,32729.41,187188
THTC,태환통신,291,42711.88,313112
YJBK,유진문고,291,14273.29,113713
YWEL,영욱전자,291,36411.87,89897
HDMT,현도자동차,292,59340.91,137276
HLPM,혜린제약,292,49355.0,360495
HRBI,현려바이오,292,49877.36,349204
JCSC,지찬반도체,292,91913.91,542551
JHFD,주현식품,292,23229.84,239968
MHCH,문호화학,292,46031.65,314382
SHEN,수하에너지,292,63190.41,246582
SYTR,성윤물산,292,31357.51,316276
THCT,태호건설,292,31936.61,286213
THTC,태환통신,292,41306.43,263614
YJBK,유진문고,292,14319.57,146798
YWEL,영욱전자,292,36907.63,97699
HDMT,현도자동차,293,59136.67,137788
HLPM,혜린제약,293,47462.52,410948
HRBI,현려바이오,293,49308.04,245672
JCSC,지찬반도체,293,88570.9,452586
JHFD,주현식품,293,22789.02,174876
MHCH,문호화학,293,44855.24,217779
SHEN,수하에너지,293,61382.24,307576
SYTR,성윤물산,293,30292.8,478640
THCT,태호건설,293,31223.55,209978
THTC,태환통신,293,40004.26,279024
YJBK,유진문고,293,14399.95,99094
YWEL,영욱전자,293,37498.02,147146
HDMT,현도자동차,294,59101.69,155646
HLPM,혜린제약,294,45676.94,547098
HRBI,현려바이오,294,48861.67,343345
JCSC,지찬반도체,294,85430.07,382470
JHFD,주현식품,294,22408.5,168708
MHCH,문호화학,294,43796.77,211334
SHEN,수하에너지,294,59737.04,282509
SYTR,성윤물산,294,29298.95,353644
THCT,태호건설,294,30597.59,236191
THTC,태환통신,294,38812.34,369168
YJBK,유진문고,294,14517.63,100821
YWEL,영욱전자,294,38179.06,101274
HDMT,현도자동차,295,59210.02,150514
HLPM,혜린제약,295,44004.25,418005
HRBI,현려바이오,295,48544.17,320598
JCSC,지찬반도체,295,82519.07,503047
JHFD,주현식품,295,22090.33,230024
MHCH,문호화학,295,42864.22,279934
SHEN,수하에너지,295,58252.72,223491
SYTR,성윤물산,295,28382.51,317537
THCT,태호건설,295,30045.91,240134
THTC,태환통신,295,37723.27,284763
YJBK,유진문고,295,14673.02,163727
YWEL,영욱전자,295,38956.73,129054
HDMT,현도자동차,296,59448.67,143351
HLPM,혜린제약,296,42442.79,495076
HRBI,현려바이오,296,48344.76,217732
JCSC,지찬반도체,296,79820.11,446352
JHFD,주현식품,296,21823.11,197301
MHCH,문호화학,296,42033.15,301141
SHEN,수하에너지,296,56914.9,277748
SYTR,성윤물산,296,27539.56,335146
THCT,태호건설,296,29572.67,173080
THTC,태환통신,296,36735.02,391747
YJBK,유진문고,296,14864.21,120965
YWEL,영욱전자,296,39838.71,157795
HDMT,현도자동차,297,59853.9,178352
HLPM,혜린제약,297,40984.64,519838
HRBI,현려바이오,297,48264.54,213974
JCSC,지찬반도체,297,77326.96,341294
JHFD,주현식품,297,21615.35,176299
MHCH,문호화학,297,41310.26,266259
SHEN,수하에너지,297,55731.65,285424
SYTR,성윤물산,297,26769.4,452961
THCT,태호건설,297,29181.63,172551
THTC,태환통신,297,35835.02,374328
YJBK,유진문고,297,15089.27,140256
YWEL,영욱전자,297,40818.64,117183
HDMT,현도자동차,298,60405.48,189890
HLPM,혜린제약,298,39628.06,437809
HRBI,현려바이오,298,48313.03,277255
JCSC,지찬반도체,298,75038.37,367039
JHFD,주현식품,298,21464.78,198206
MHCH,문호화학,298,40697.85,209755
SHEN,수하에너지,298,54692.4,219546
SYTR,성윤물산,298,26074.26,426488
THCT,태호건설,298,28860.18,215600
THTC,태환통신,298,35035.52,244236
YJBK,유진문고,298,15357.1,139545
YWEL,영욱전자,298,41896.56,164564
HDMT,현도자동차,299,61112.13,164492
HLPM,혜린제약,299,38376.24,394021
HRBI,현려바이오,299,48486.72,262758
JCSC,지찬반도체,299,72939.59,368709
JHFD,주현식품,299,21365.9,138099
MHCH,문호화학,299,40190.56,240821
SHEN,수하에너지,299,53799.17,286308
SYTR,성윤물산,299,25450.07,347514
THCT,태호건설,299,28617.07,212759
THTC,태환통신,299,34319.94,296237
YJBK,유진문고,299,15663.25,122951
YWEL,영욱전자,299,43077.63,112757
HDMT,현도자동차,300,61964.93,151505
HLPM,혜린제약,300,37223.54,342032
HRBI,현려바이오,300,48774.76,334649
JCSC,지찬반도체,300,71043.15,440334
JHFD,주현식품,300,21325.39,190188
MHCH,문호화학,300,39788.07,239355
SHEN,수하에너지,300,53047.7,287874
SYTR,성윤물산,300,24891.53,368266
THCT,태호건설,300,28445.51,215715
THTC,태환통신,300,33698.82,297469
YJBK,유진문고,300,16004.88,173626
YWEL,영욱전자,300,44374.29,109662
HDMT,현도자동차,301,62983.44,149751
HLPM,혜린제약,301,36168.87,368114
HRBI,현려바이오,301,49192.66,228191
JCSC,지찬반도체,301,69331.74,483301
JHFD,주현식품,301,21333.5,183143
MHCH,문호화학,301,39487.37,204193
SHEN,수하에너지,301,52427.42,297180
SYTR,성윤물산,301,24391.83,368185
THCT,태호건설,301,28347.88,202212
THTC,태환통신,301,33177.02,327918
YJBK,유진문고,301,16390.37,169930
YWEL,영욱전자,301,45774.12,138102
HDMT,현도자동차,302,64160.5,174434
HLPM,혜린제약,302,35210.26,483369
HRBI,현려바이오,302,49734.88,319195
JCSC,지찬반도체,302,67808.37,363567
JHFD,주현식품,302,21400.79,201872
MHCH,문호화학,302,39291.97,224032
SHEN,수하에너지,302,51941.35,191248
SYTR,성윤물산,302,23962.71,314435
THCT,태호건설,302,28322.55,179355
THTC,태환통신,302,32730.68,294437
YJBK,유진문고,302,16817.18,148791
YWEL,영욱전자,302,47294.53,170027
HDMT,현도자동차,303,65484.2,181808
HLPM,혜린제약,303,34349.49,498005
HRBI,현려바이오,303,50405.23,249961
JCSC,지찬반도체,303,66460.65,445571
JHFD,주현식품,303,21518.55,188010
MHCH,문호화학,303,39195.82,187144
SHEN,수하에너지,303,51593.48,274604
SYTR,성윤물산,303,23591.41,353357
THCT,태호건설,303,28365.92,153091
THTC,태환통신,303,32373.95,206937
YJBK,유진문고,303,17286.71,174511
YWEL,영욱전자,303,48915.12,168294
HDMT,현도자동차,304,66967.05,190543
HLPM,혜린제약,304,33578.49,351867
HRBI,현려바이오,304,51198.23,346928
JCSC,지찬반도체,304,65301.75,449469
JHFD,주현식품,304,21687.71,207062
MHCH,문호화학,304,39190.98,197289
SHEN,수하에너지,304,51372.11,236662
SYTR,성윤물산,304,23282.57,349789
THCT,태호건설,304,28482.09,199260
THTC,태환통신,304,32089.89,199177
YJBK,유진문고,304,17798.06,152305
YWEL,영욱전자,304,50660.94,175426
HDMT,현도자동차,305,68628.84,208316
HLPM,혜린제약,305,32896.22,363642
HRBI,현려바이오,305,52104.36,385492
JCSC,지찬반도체,305,64299.42,331015
JHFD,주현식품,305,21914.83,153444
MHCH,문호화학,305,39284.64,207939
SHEN,수하에너지,305,51286.77,200624
SYTR,성윤물산,305,23040.31,257219
THCT,태호건설,305,28665.93,240317
THTC,태환통신,305,31894.26,211205
YJBK,유진문고,305,18355.79,196106
YWEL,영욱전자,305,52513.45,159721
HDMT,현도자동차,306,70479.05,139162
HLPM,혜린제약,306,32303.47,327602
HRBI,현려바이오,306,53155.67,271129
JCSC,지찬반도체,306,63471.57,421995
JHFD,주현식품,306,22197.32,144755
MHCH,문호화학,306,39476.09,257912
SHEN,수하에너지,306,51327.29,230899
SYTR,성윤물산,306,22851.4,253159
THCT,태호건설,306,28925.01,165739
THTC,태환통신,306,31779.04,292787
YJBK,유진문고,306,18958.15,129971
YWEL,영욱전자,306,54491.1,166390
HDMT,현도자동차,307,72495.03,145780
HLPM,혜린제약,307,31787.93,350162
HRBI,현려바이오,307,54346.59,286935
JCSC,지찬반도체,307,62797.42,263655
JHFD,주현식품,307,22530.42,235294
MHCH,문호화학,307,39771.75,247271
SHEN,수하에너지,307,51496.72,239194
SYTR,성윤물산,307,22720.09,361850
THCT,태호건설,307,29250.11,204904
THTC,태환통신,307,31745.96,231809
YJBK,유진문고,307,19607.48,195054
YWEL,영욱전자,307,56573.55,175166
HDMT,현도자동차,308,74694.88,226760
HLPM,혜린제약,308,31357.64,355290
HRBI,현려바이오,308,55667.58,342051
JCSC,지찬반도체,308,62284.25,266811
JHFD,주현식품,308,22923.01,225063
MHCH,문호화학,308,40166.46,215550
SHEN,수하에너지,308,51789.57,283674
SYTR,성윤물산,308,22645.61,246503
THCT,태호건설,308,29652.58,232990
THTC,태환통신,308,31785.69,186439
YJBK,유진문고,308,20299.44,191174
YWEL,영욱전자,308,58785.64,147261
HDMT,현도자동차,309,77076.31,181368
HLPM,혜린제약,309,31003.19,406395
HRBI,현려바이오,309,57131.42,406706
JCSC,지찬반도체,309,61923.88,295916
JHFD,주현식품,309,23372.32,171163
MHCH,문호화학,309,40660.67,231010
SHEN,수하에너지,309,52214.87,270836
SYTR,성윤물산,309,22632.41,315095
THCT,태호건설,309,30129.49,208819
THTC,태환통신,309,31908.07,296054
YJBK,유진문고,309,21038.01,172989
YWEL,영욱전자,309,61110.52,115513
HDMT,현도자동차,310,79648.37,219160
HLPM,혜린제약,310,30727.33,275571
HRBI,현려바이오,310,58744.22,309745
JCSC,지찬반도체,310,61741.85,294153
JHFD,주현식품,310,23880.62,177618
MHCH,문호화학,310,41257.89,248814
SHEN,수하에너지,310,52769.02,285811
SYTR,성윤물산,310,22673.2,324702
THCT,태호건설,310,30685.69,166218
THTC,태환통신,310,32113.34,299871
YJBK,유진문고,310,21825.35,181805
YWEL,영욱전자,310,63541.11,112137
HDMT,현도자동차,311,82422.21,201876
HLPM,혜린제약,311,30533.04,300121
HRBI,현려바이오,311,60489.93,430384
JCSC,지찬반도체,311,61696.13,308810
JHFD,주현식품,311,24451.08,233651
MHCH,문호화학,311,41960.43,209756
SHEN,수하에너지,311,53452.15,197834
SYTR,성윤물산,311,22773.71,282469
THCT,태호건설,311,31319.49,203231
THTC,태환통신,311,32397.88,250359
YJBK,유진문고,311,22658.21,202121
YWEL,영욱전자,311,66076.94,146296
HDMT,현도자동차,312,85364.88,163771
HLPM,혜린제약,312,30414.99,262083
HRBI,현려바이오,312,62403.04,323307
JCSC,지찬반도체,312,61804.39,234882
JHFD,주현식품,312,25086.1,195246
MHCH,문호화학,312,42760.7,305215
SHEN,수하에너지,312,54278.66,295794
SYTR,성윤물산,312,22927.76,304566
THCT,태호건설,312,32026.89,181577
THTC,태환통신,312,32767.25,249602
YJBK,유진문고,312,23537.16,147247
YWEL,영욱전자,312,68719.64,138656
HDMT,현도자동차,313,88498.52,208871
HLPM,혜린제약,313,30377.4,274154
HRBI,현려바이오,313,64465.15,440448
JCSC,지찬반도체,313,62071.18,388585
JHFD,주현식품,313,25782.14,204530
MHCH,문호화학,313,43678.75,213417
SHEN,수하에너지,313,55234.01,297993
SYTR,성윤물산,313,23142.58,242988
THCT,태호건설,313,32821.16,217773
THTC,태환통신,313,33217.87,292360
YJBK,유진문고,313,24464.48,138411
YWEL,영욱전자,313,71452.37,156514
HDMT,현도자동차,314,91839.36,197101
HLPM,혜린제약,314,30412.01,290003
HRBI,현려바이오,314,66677.6,449882
JCSC,지찬반도체,314,62485.13,260715
JHFD,주현식품,314,26543.55,220973
MHCH,문호화학,314,44700.4,311850
SHEN,수하에너지,314,56339.58,317402
SYTR,성윤물산,314,23411.08,344176
THCT,태호건설,314,33698.19,228632
THTC,태환통신,314,33748.1,261617
YJBK,유진문고,314,25436.25,171821
YWEL,영욱전자,314,74274.81,123937
HDMT,현도자동차,315,95372.18,170103
HLPM,혜린제약,315,30525.46,408460
HRBI,현려바이오,315,69033.62,369907
JCSC,지찬반도체,315,63065.91,305918
JHFD,주현식품,315,27369.46,211951
MHCH,문호화학,315,45829.23,240869
SHEN,수하에너지,315,57577.08,228045
SYTR,성윤물산,315,23742.12,399333
THCT,태호건설,315,34652.42,266355
THTC,태환통신,315,34367.3,348390
YJBK,유진문고,315,26454.24,218436
YWEL,영욱전자,315,77176.84,141863
HDMT,현도자동차,316,99118.54,245843
HLPM,혜린제약,316,30715.62,340014
HRBI,현려바이오,316,71554.6,339575
JCSC,지찬반도체,316,63811.81,351660
JHFD,주현식품,316,28260.71,209285
MHCH,문호화학,316,47079.44,207229
SHEN,수하에너지,316,58966.8,326228
SYTR,성윤물산,316,24132.22,332410
THCT,태호건설,316,35694.07,282553
THTC,태환통신,316,35073.94,308542
YJBK,유진문고,316,27512.72,157731
YWEL,영욱전자,316,80139.55,143133
HDMT,현도자동차,317,103044.44,229853
HLPM,혜린제약,317,30982.12,367164
HRBI,현려바이오,317,74237.57,309471
JCSC,지찬반도체,317,64711.89,395317
JHFD,주현식품,317,29226.72,201749
MHCH,문호화학,317,48450.64,223369
SHEN,수하에너지,317,60509.99,355332
SYTR,성윤물산,317,24586.18,405898
THCT,태호건설,317,36826.97,222961
THTC,태환통신,317,35872.39,360560
YJBK,유진문고,317,28608.32,134160
YWEL,영욱전자,317,83148.36,142332
HDMT,현도자동차,318,107148.16,184184
HLPM,혜린제약,318,31330.44,447646
HRBI,현려바이오,318,77091.28,404050
JCSC,지찬반도체,318,65780.49,299238
JHFD,주현식품,318,30257.82,250284
MHCH,문호화학,318,49946.31,252978
SHEN,수하에너지,318,62191.04,289775
SYTR,성윤물산,318,25095.67,332204
THCT,태호건설,318,38048.69,223351
THTC,태환통신,318,36752.34,304971
YJBK,유진문고,318,29743.16,186261
YWEL,영욱전자,318,86213.95,178245
HDMT,현도자동차,319,111437.76,244783
HLPM,혜린제약,319,31756.95,332073
HRBI,현려바이오,319,80096.57,382270
JCSC,지찬반도체,319,67009.47,431106
JHFD,주현식품,319,31359.74,271155
MHCH,문호화학,319,51562.67,314126
SHEN,수하에너지,319,64028.61,240110
SYTR,성윤물산,319,25670.89,330405
THCT,태호건설,319,39358.1,238645
THTC,태환통신,319,37730.99,348674
YJBK,유진문고,319,30908.39,207094
YWEL,영욱전자,319,89292.97,157330
HDMT,현도자동차,320,115908.76,182645
HLPM,혜린제약,320,32261.94,408662
HRBI,현려바이오,320,83244.23,297768
JCSC,지찬반도체,320,68407.93,297916
JHFD,주현식품,320,32536.92,200750
MHCH,문호화학,320,53316.81,274271
SHEN,수하에너지,320,66032.24,244535
SYTR,성윤물산,320,26314.61,442268
THCT,태호건설,320,40763.42,213553
THTC,태환통신,320,38805.92,394001
YJBK,유진문고,320,32100.3,153498
YWEL,영욱전자,320,92354.36,156355
HDMT,현도자동차,321,120535.0,209752
HLPM,혜린제약,321,32845.48,340982
HRBI,현려바이오,321,86558.14,385356
JCSC,지찬반도체,321,69978.81,354883
JHFD,주현식품,321,33779.53,201137
MHCH,문호화학,321,55177.5,310925
SHEN,수하에너지,321,68194.45,279944
SYTR,성윤물산,321,27021.3,331534
THCT,태호건설,321,42265.83,231333
THTC,태환통신,321,39979.1,321368
YJBK,유진문고,321,33312.48,132852
YWEL,영욱전자,321,95411.1,156419
HDMT,현도자동차,322,125311.22,159756
HLPM,혜린제약,322,33516.68,384219
HRBI,현려바이오,322,90017.3,434339
JCSC,지찬반도체,322,71722.99,399630
JHFD,주현식품,322,35092.67,279846
MHCH,문호화학,322,57167.0,263569
SHEN,수하에너지,322,70518.97,273251
SYTR,성윤물산,322,27798.8,463557
THCT,태호건설,322,43858.64,210249
THTC,태환통신,322,41247.13,259820
YJBK,유진문고,322,34544.41,170508
YWEL,영욱전자,322,98438.11,141749
HDMT,현도자동차,323,130163.2,168898
HLPM,혜린제약,323,34270.07,369211
HRBI,현려바이오,323,93614.37,438172
JCSC,지찬반도체,323,73661.48,309846
JHFD,주현식품,323,36472.7,206263
MHCH,문호화학,323,59294.35,290103
SHEN,수하에너지,323,73020.65,258162
SYTR,성윤물산,323,28644.14,466647
THCT,태호건설,323,45546.67,304243
THTC,태환통신,323,42618.15,304954
YJBK,유진문고,323,35787.9,166778
YWEL,영욱전자,323,101393.06,163308
HDMT,현도자동차,324,135129.47,211461
HLPM,혜린제약,324,35108.63,370176
HRBI,현려바이오,324,97344.01,436591
JCSC,지찬반도체,324,75774.33,453768
JHFD,주현식품,324,37924.98,278742
MHCH,문호화학,324,61548.28,321062
SHEN,수하에너지,324,75697.62,376760
SYTR,성윤물산,324,29564.81,419910
THCT,태호건설,324,47326.6,311045
THTC,태환통신,324,44084.78,344198
YJBK,유진문고,324,37024.67,148112
YWEL,영욱전자,324,104241.15,122112
HDMT,현도자동차,325,140183.94,192559
HLPM,혜린제약,325,36041.71,445215
HRBI,현려바이오,325,101189.12,372652
JCSC,지찬반도체,325,78074.27,504910
JHFD,주현식품,325,39439.54,247431
MHCH,문호화학,325,63932.58,321796
SHEN,수하에너지,325,78533.75,240048
SYTR,성윤물산,325,30544.54,447616
THCT,태호건설,325,49204.01,273744
THTC,태환통신,325,45661.44,276629
YJBK,유진문고,325,38256.42,206515
YWEL,영욱전자,325,106986.66,163497
HDMT,현도자동차,326,145313.93,204704
HLPM,혜린제약,326,37062.54,439577
HRBI,현려바이오,326,105152.54,429734
JCSC,지찬반도체,326,80576.68,359028
JHFD,주현식품,326,41015.83,220457
MHCH,문호화학,326,66450.13,362080
SHEN,수하에너지,326,81521.79,372026
SYTR,성윤물산,326,31604.2,489378
THCT,태호건설,326,51169.2,285238
THTC,태환통신,326,47343.46,329133
YJBK,유진문고,326,39473.67,178152
YWEL,영욱전자,326,109606.03,148253
HDMT,현도자동차,327,150484.1,210753
HLPM,혜린제약,327,38169.96,524488
HRBI,현려바이오,327,109174.93,340575
JCSC,지찬반도체,327,83268.49,511936
JHFD,주현식품,327,42653.58,207574
MHCH,문호화학,327,69101.98,290292
SHEN,수하에너지,327,84702.48,322029
SYTR,성윤물산,327,32735.65,498821
THCT,태호건설,327,53226.24,243183
THTC,태환통신,327,49138.28,343942
YJBK,유진문고,327,40672.13,171720
YWEL,영욱전자,327,112074.84,119307
HDMT,현도자동차,328,155626.98,157847
HLPM,혜린제약,328,39378.42,469679
HRBI,현려바이오,328,113274.71,343495
JCSC,지찬반도체,328,86157.08,407052
JHFD,주현식품,328,44348.63,207676
MHCH,문호화학,328,71859.74,266890
SHEN,수하에너지,328,88021.15,276288
SYTR,성윤물산,328,33950.14,333458
THCT,태호건설,328,55346.01,230505
THTC,태환통신,328,51037.57,322249
YJBK,유진문고,328,41836.56,124943
YWEL,영욱전자,328,114348.12,116467
HDMT,현도자동차,329,160726.86,180407
HLPM,혜린제약,329,40682.53,458656
HRBI,현려바이오,329,117434.91,380662
JCSC,지찬반도체,329,89253.55,382597
JHFD,주현식품,329,46084.58,250289
MHCH,문호화학,329,74735.5,270729
SHEN,수하에너지,329,91521.22,303032
SYTR,성윤물산,329,35234.55,476497
THCT,태호건설,329,57542.87,210989
THTC,태환통신,329,53031.84,319754
YJBK,유진문고,329,42959.33,168029
YWEL,영욱전자,329,116412.82,93343
HDMT,현도자동차,330,165760.3,235835
HLPM,혜린제약,330,42079.95,447076
HRBI,현려바이오,330,121626.18,299477
JCSC,지찬반도체,330,92553.66,413800
JHFD,주현식품,330,47866.2,226746
MHCH,문호화학,330,77712.71,311564
SHEN,수하에너지,330,95185.97,314796
SYTR,성윤물산,330,36591.23,480856
THCT,태호건설,330,59820.78,319602
THTC,태환통신,330,55119.11,438396
YJBK,유진문고,330,44028.04,183383
YWEL,영욱전자,330,118268.87,117713
HDMT,현도자동차,331,170698.92,232293
HLPM,혜린제약,331,43578.86,429776
HRBI,현려바이오,331,125842.23,361040
JCSC,지찬반도체,331,96054.1,529287
JHFD,주현식품,331,49682.6,218160
MHCH,문호화학,331,80807.39,365432
SHEN,수하에너지,331,98986.74,303486
SYTR,성윤물산,331,38020.91,449199
THCT,태호건설,331,62144.26,280891
THTC,태환통신,331,57310.46,348916
YJBK,유진문고,331,45035.61,146835
YWEL,영욱전자,331,119865.83,108391
HDMT,현도자동차,332,175465.59,203577
HLPM,혜린제약,332,45185.65,445296
HRBI,현려바이오,332,130029.43,347086
JCSC,지찬반도체,332,99745.25,481611
JHFD,주현식품,332,51524.35,201215
MHCH,문호화학,332,83984.69,361718
SHEN,수하에너지,332,102935.43,298045
SYTR,성윤물산,332,39530.8,378886
THCT,태호건설,332,64526.31,255264
THTC,태환통신,332,59598.55,282282
YJBK,유진문고,332,45970.18,162775
YWEL,영욱전자,332,121217.96,124960
HDMT,현도자동차,333,180067.11,225582
HLPM,혜린제약,333,46896.51,511665
HRBI,현려바이오,333,134179.18,299104
JCSC,지찬반도체,333,103667.46,526533
JHFD,주현식품,333,53382.93,207259
MHCH,문호화학,333,87245.2,228029
SHEN,수하에너지,333,107008.8,333030
SYTR,성윤물산,333,41104.8,377662
THCT,태호건설,333,66952.83,287529
THTC,태환통신,333,61976.1,400072
YJBK,유진문고,333,46827.6,134300
YWEL,영욱전자,333,122281.0,128221
HDMT,현도자동차,334,184404.35,189783
HLPM,혜린제약,334,48692.99,522346
HRBI,현려바이오,334,138260.35,317176
JCSC,지찬반도체,334,107771.24,397807
JHFD,주현식품,334,55243.41,259999
MHCH,문호화학,334,90585.01,270596
SHEN,수하에너지,334,111192.86,248161
SYTR,성윤물산,334,42745.1,330748
THCT,태호건설,334,69412.21,309057
THTC,태환통신,334,64434.58,370691
YJBK,유진문고,334,47596.28,129279
YWEL,영욱전자,334,123065.6,114866
HDMT,현도자동차,335,188470.53,147295
HLPM,혜린제약,335,50589.47,410792
HRBI,현려바이오,335,142193.59,413294
JCSC,지찬반도체,335,112057.05,482147
JHFD,주현식품,335,57092.91,226055
MHCH,문호화학,335,93953.45,317712
SHEN,수하에너지,335,115484.18,246130
SYTR,성윤물산,335,44440.75,349134
THCT,태호건설,335,71870.42,205273
THTC,태환통신,335,66970.1,276660
YJBK,유진문고,335,48259.58,112316
YWEL,영욱전자,335,123545.1,93244
HDMT,현도자동차,336,192234.82,166118
HLPM,혜린제약,336,52584.61,482333
HRBI,현려바이오,336,145984.24,413663
JCSC,지찬반도체,336,116545.7,454024
JHFD,주현식품,336,58924.8,237349
MHCH,문호화학,336,97350.43,303551
SHEN,수하에너지,336,119857.7,379581
SYTR,성윤물산,336,46196.76,394486
THCT,태호건설,336,74331.46,243333
THTC,태환통신,336,69576.43,344715
YJBK,유진문고,336,48828.66,105642
YWEL,영욱전자,336,123687.25,122955
HDMT,현도자동차,337,195607.63,205862
HLPM,혜린제약,337,54682.68,427394
HRBI,현려바이오,337,149614.56,352407
JCSC,지찬반도체,337,121202.06,368076
JHFD,주현식품,337,60722.02,255575
MHCH,문호화학,337,100773.29,281115
SHEN,수하에너지,337,124268.2,290933
SYTR,성윤물산,337,48023.99,333316
THCT,태호건설,337,76788.43,290769
THTC,태환통신,337,72244.97,416865
YJBK,유진문고,337,49276.28,141857
YWEL,영욱전자,337,123531.47,109788
HDMT,현도자동차,338,198682.1,192151
HLPM,혜린제약,338,56875.65,495591
HRBI,현려바이오,338,153003.98,327306
JCSC,지찬반도체,338,126018.0,387830
JHFD,주현식품,338,62465.32,168627
MHCH,문호화학,338,104164.34,281788
SHEN,수하에너지,338,128730.78,302094
SYTR,성윤물산,338,49892.17,309953
THCT,태호건설,338,79204.2,284243
THTC,태환통신,338,74969.41,324036
YJBK,유진문고,338,49618.39,131904
YWEL,영욱전자,338,123087.78,92821
HDMT,현도자동차,339,201260.09,174919
HLPM,혜린제약,339,59143.64,379236
HRBI,현려바이오,339,156164.05,290539
JCSC,지찬반도체,339,130999.89,364220
JHFD,주현식품,339,64153.76,232394
MHCH,문호화학,339,107538.5,226319
SHEN,수하에너지,339,133172.63,312328
SYTR,성윤물산,339,51793.15,445472
THCT,태호건설,339,81582.59,244539
THTC,태환통신,339,77714.12,262479
YJBK,유진문고,339,49834.04,124541
YWEL,영욱전자,339,122331.75,110606
HDMT,현도자동차,340,203438.96,160881
HLPM,혜린제약,340,61499.12,487115
HRBI,현려바이오,340,159032.86,269127
JCSC,지찬반도체,340,136085.75,385351
JHFD,주현식품,340,65761.93,191535
MHCH,문호화학,340,110821.77,214739
SHEN,수하에너지,340,137625.96,266826
SYTR,성윤물산,340,53726.07,490288
THCT,태호건설,340,83875.07,233749
THTC,태환통신,340,80467.94,381022
YJBK,유진문고,340,49922.33,124641
YWEL,영욱전자,340,121271.24,85193
HDMT,현도자동차,341,205116.93,185359
HLPM,혜린제약,341,63928.03,387066
HRBI,현려바이오,341,161601.26,247833
JCSC,지찬반도체,341,141302.58,343675
JHFD,주현식품,341,67270.09,212192
MHCH,문호화학,341,114047.57,263382
SHEN,수하에너지,341,142015.92,371521
SYTR,성윤물산,341,55693.91,450834
THCT,태호건설,341,86063.26,275336
THTC,태환통신,341,83226.17,388645
YJBK,유진문고,341,49878.59,91743
YWEL,영욱전자,341,119915.84,121416
HDMT,현도자동차,342,206286.13,134773
HLPM,혜린제약,342,66426.62,562628
HRBI,현려바이오,342,163840.67,329494
JCSC,지찬반도체,342,146604.59,473371
JHFD,주현식품,342,68682.16,191018
MHCH,문호화학,342,117173.42,265772
SHEN,수하에너지,342,146323.47,363834
SYTR,성윤물산,342,57658.41,406449
THCT,태호건설,342,88149.73,191015
THTC,태환통신,342,85955.92,339232
YJBK,유진문고,342,49710.78,118101
YWEL,영욱전자,342,118281.44,116856
HDMT,현도자동차,343,206953.51,166552
HLPM,혜린제약,343,68979.93,406756
HRBI,현려바이오,343,165753.02,345654
JCSC,지찬반도체,343,151967.5,492637
JHFD,주현식품,343,69984.42,173559
MHCH,문호화학,343,120183.86,259339
SHEN,수하에너지,343,150513.64,369485
SYTR,성윤물산,343,59626.72,404772
THCT,태호건설,343,90116.29,216156
THTC,태환통신,343,88669.98,288223
YJBK,유진문고,343,49428.27,148404
YWEL,영욱전자,343,116391.14,139639
HDMT,현도자동차,344,207111.05,134479
HLPM,혜린제약,344,71574.5,377895
HRBI,현려바이오,344,167251.04,348992
JCSC,지찬반도체,344,157337.1,413987
JHFD,주현식품,344,71144.73,172825
MHCH,문호화학,344,123020.99,298683
SHEN,수하에너지,344,154566.08,298655
SYTR,성윤물산,344,61576.49,379428
THCT,태호건설,344,91922.04,263652
THTC,태환통신,344,91329.29,387315
YJBK,유진문고,344,49031.14,104027
YWEL,영욱전자,344,114274.96,115745
HDMT,현도자동차,345,206700.33,121798
HLPM,혜린제약,345,74209.32,382002
HRBI,현려바이오,345,168362.64,342834
JCSC,지찬반도체,345,162694.19,409339
JHFD,주현식품,345,72157.93,184980
MHCH,문호화학,345,125648.81,221100
SHEN,수하에너지,345,158424.48,352454
SYTR,성윤물산,345,63482.16,430986
THCT,태호건설,345,93581.68,197382
THTC,태환통신,345,93907.16,291057
YJBK,유진문고,345,48512.74,122858
YWEL,영욱전자,345,111949.91,103687
HDMT,현도자동차,346,205824.96,158452
HLPM,혜린제약,346,76849.46,502945
HRBI,현려바이오,346,169032.32,273998
JCSC,지찬반도체,346,168060.42,479792
JHFD,주현식품,346,73008.56,187586
MHCH,문호화학,346,128091.32,195082
SHEN,수하에너지,346,162053.19,216755
SYTR,성윤물산,346,65356.58,391490
THCT,태호건설,346,95040.01,264201
THTC,태환통신,346,96362.78,241070
YJBK,유진문고,346,47881.63,162321
YWEL,영욱전자,346,109435.31,156353
HDMT,현도자동차,347,204442.92,156694
HLPM,혜린제약,347,79485.95,545035
HRBI,현려바이오,347,169303.71,307515
JCSC,지찬반도체,347,173318.63,350394
JHFD,주현식품,347,73704.45,220014
MHCH,문호화학,347,130296.75,213925
SHEN,수하에너지,347,165413.68,321079
SYTR,성윤물산,347,67182.63,425973
THCT,태호건설,347,96308.95,221202
THTC,태환통신,347,98702.19,292292
YJBK,유진문고,347,47141.76,112619
YWEL,영욱전자,347,106746.02,119966
HDMT,현도자동차,348,202590.81,133687
HLPM,혜린제약,348,82109.82,432204
HRBI,현려바이오,348,169144.73,216246
JCSC,지찬반도체,348,178458.72,507017
JHFD,주현식품,348,74218.75,142930
MHCH,문호화학,348,132217.2,233858
SHEN,수하에너지,348,168493.72,219531
SYTR,성윤물산,348,68920.07,359042
THCT,태호건설,348,97371.5,248187
THTC,태환통신,348,100912.09,254250
YJBK,유진문고,348,46309.94,177362
YWEL,영욱전자,348,103916.18,148180
HDMT,현도자동차,349,200261.02,120432
HLPM,혜린제약,349,84704.3,443187
HRBI,현려바이오,349,168547.34,284152
JCSC,지찬반도체,349,183418.72,423432
JHFD,주현식품,349,74545.36,206256
MHCH,문호화학,349,133868.96,254539
SHEN,수하에너지,349,171222.52,211549
SYTR,성윤물산,349,70575.56,388250
THCT,태호건설,349,98191.59,154211
THTC,태환통신,349,102946.59,345604
YJBK,유진문고,349,45387.75,138040
YWEL,영욱전자,349,100991.81,119051
HDMT,현도자동차,350,197446.56,124281
HLPM,혜린제약,350,87247.53,382751
HRBI,현려바이오,350,167544.24,273843
JCSC,지찬반도체,350,188226.95,428990
JHFD,주현식품,350,74698.53,163636
MHCH,문호화학,350,135217.12,183186
SHEN,수하에너지,350,173629.56,192869
SYTR,성윤물산,350,72132.63,408464
THCT,태호건설,350,98791.34,160006
THTC,태환통신,350,104806.61,310125
YJBK,유진문고,350,44387.33,138890
YWEL,영욱전자,350,97963.7,133091
HDMT,현도자동차,351,194228.79,146137
HLPM,혜린제약,351,89716.53,470177
HRBI,현려바이오,351,166144.07,315577
JCSC,지찬반도체,351,192774.99,464595
JHFD,주현식품,351,74650.49,139598
MHCH,문호화학,351,136222.68,245396
SHEN,수하에너지,351,175671.1,262373
SYTR,성윤물산,351,73562.23,269061
THCT,태호건설,351,99133.17,148947
THTC,태환통신,351,106463.41,266193
YJBK,유진문고,351,43313.79,178552
YWEL,영욱전자,351,94846.94,108870
HDMT,현도자동차,352,190606.32,196589
HLPM,혜린제약,352,92096.62,430349
HRBI,현려바이오,352,164334.21,247619
JCSC,지찬반도체,352,197001.77,369786
JHFD,주현식품,352,74420.24,150491
MHCH,문호화학,352,136921.75,228845
SHEN,수하에너지,352,177309.18,256867
SYTR,성윤물산,352,74859.58,261994
THCT,태호건설,352,99235.88,205563
THTC,태환통신,352,107895.42,232707
YJBK,유진문고,352,42186.15,122177
YWEL,영욱전자,352,91706.16,136741
HDMT,현도자동차,353,186652.4,202869
HLPM,혜린제약,353,94351.31,452440
HRBI,현려바이오,353,162162.55,243943
JCSC,지찬반도체,353,200891.96,456667
JHFD,주현식품,353,74016.84,206918
MHCH,문호화학,353,137263.23,243850
SHEN,수하에너지,353,178521.49,274024
SYTR,성윤물산,353,76004.14,281411
THCT,태호건설,353,99079.1,150515
THTC,태환통신,353,109071.0,331665
YJBK,유진문고,353,41008.8,164540
YWEL,영욱전자,353,88561.5,109452
HDMT,현도자동차,354,182410.34,145046
HLPM,혜린제약,354,96483.29,360487
HRBI,현려바이오,354,159627.01,348960
JCSC,지찬반도체,354,204427.64,438413
JHFD,주현식품,354,73422.22,211552
MHCH,문호화학,354,137274.08,242309
SHEN,수하에너지,354,179267.84,251152
SYTR,성윤물산,354,76998.77,379272
THCT,태호건설,354,98682.24,197074
THTC,태환통신,354,110005.75,202680
YJBK,유진문고,354,39803.29,124967
YWEL,영욱전자,354,85406.22,163828
HDMT,현도자동차,355,177848.59,180233
HLPM,혜린제약,355,98424.75,306308
HRBI,현려바이오,355,156771.66,309386
JCSC,지찬반도체,355,207569.96,268011
JHFD,주현식품,355,72647.6,160708
MHCH,문호화학,355,136937.09,167102
SHEN,수하에너지,355,179561.9,273981
SYTR,성윤물산,355,77819.06,321654
THCT,태호건설,355,98047.41,185237
THTC,태환통신,355,110675.74,243125
YJBK,유진문고,355,38560.45,145613
YWEL,영욱전자,355,82273.09,117216
HDMT,현도자동차,356,173090.24,214455
HLPM,혜린제약,356,100215.49,367701
HRBI,현려바이오,356,153617.57,369242
JCSC,지찬반도체,356,210263.3,308289
JHFD,주현식품,356,71710.8,224278
MHCH,문호화학,356,136291.12,252243
SHEN,수하에너지,356,179397.72,252671
SYTR,성윤물산,356,78454.69,261547
THCT,태호건설,356,97173.55,178189
THTC,태환통신,356,111086.95,312126
YJBK,유진문고,356,37301.03,141162
YWEL,영욱전자,356,79169.18,153287
HDMT,현도자동차,357,168142.22,169596
HLPM,혜린제약,357,101828.74,393603
HRBI,현려바이오,357,150199.94,254194
JCSC,지찬반도체,357,212499.45,290076
JHFD,주현식품,357,70628.0,182233
MHCH,문호화학,357,135282.57,196322
SHEN,수하에너지,357,178789.73,199846
SYTR,성윤물산,357,78903.95,293269
THCT,태호건설,357,96068.61,227603
THTC,태환통신,357,111202.27,281225
YJBK,유진문고,357,36033.95,186272
YWEL,영욱전자,357,76112.47,152245
HDMT,현도자동차,358,163001.55,236284
HLPM,혜린제약,358,103213.97,444363
HRBI,현려바이오,358,146528.87,412758
JCSC,지찬반도체,358,214208.57,401104
JHFD,주현식품,358,69387.9,233152
MHCH,문호화학,358,133972.44,219342
SHEN,수하에너지,358,177742.38,185096
SYTR,성윤물산,358,79161.17,258644
THCT,태호건설,358,94739.77,157502
THTC,태환통신,358,111044.0,187217
YJBK,유진문고,358,34755.65,146687
YWEL,영욱전자,358,73148.42,139385
HDMT,현도자동차,359,157795.33,211580
HLPM,혜린제약,359,104355.12,364484
HRBI,현려바이오,359,142701.51,385461
JCSC,지찬반도체,359,215472.6,391274
JHFD,주현식품,359,68028.73,212860
MHCH,문호화학,359,132343.1,185293
SHEN,수하에너지,359,176280.96,185662
SYTR,성윤물산,359,79221.45,238779
THCT,태호건설,359,93205.48,179235
THTC,태환통신,359,110618.03,283782
YJBK,유진문고,359,33491.78,136573
YWEL,영욱전자,359,70264.05,154018
HDMT,현도자동차,360,152549.07,148941
HLPM,혜린제약,360,105277.81,422325
HRBI,현려바이오,360,138674.54,342029
JCSC,지찬반도체,360,216149.1,334043
JHFD,주현식품,360,66545.11,154538
MHCH,문호화학,360,130407.73,247833
SHEN,수하에너지,360,174413.85,297852
SYTR,성윤물산,360,79068.55,318143
THCT,태호건설,360,91484.24,252754
THTC,태환통신,360,109888.64,301345
YJBK,유진문고,360,32232.78,195742
YWEL,영욱전자,360,67471.41,181113
HDMT,현도자동차,361,147226.22,196349
HLPM,혜린제약,361,105935.63,397008
HRBI,현려바이오,361,134555.14,391276
JCSC,지찬반도체,361,216321.05,331729
JHFD,주현식품,361,64960.58,236270
MHCH,문호화학,361,128194.97,231256
SHEN,수하에너지,361,172134.41,199487
SYTR,성윤물산,361,78729.78,357804
THCT,태호건설,361,89600.5,273916
THTC,태환통신,361,108892.91,297029
YJBK,유진문고,361,30996.53,140174
YWEL,영욱전자,361,64770.33,149531
HDMT,현도자동차,362,141941.93,198986
HLPM,혜린제약,362,106343.17,299387
HRBI,현려바이오,362,130317.16,324752
JCSC,지찬반도체,362,215906.69,320772
JHFD,주현식품,362,63278.1,226284
MHCH,문호화학,362,125733.14,239133
SHEN,수하에너지,362,169481.46,276118
SYTR,성윤물산,362,78199.24,315718
THCT,태호건설,362,87562.12,234932
THTC,태환통신,362,107653.47,240350
YJBK,유진문고,362,29796.88,151872
YWEL,영욱전자,362,62183.28,173313
HDMT,현도자동차,363,136705.56,226159
HLPM,혜린제약,363,106473.89,370891
HRBI,현려바이오,363,126008.61,440291
JCSC,지찬반도체,363,214960.44,268168
JHFD,주현식품,363,61517.73,254057
MHCH,문호화학,363,123041.43,259821
SHEN,수하에너지,363,166483.2,288806
SYTR,성윤물산,363,77471.89,341194
THCT,태호건설,363,85401.05,244459
THTC,태환통신,363,106188.01,243780
YJBK,유진문고,363,28618.3,187170
YWEL,영욱전자,363,59707.9,113135
HDMT,현도자동차,364,131523.35,200264
HLPM,혜린제약,364,106342.63,324511
HRBI,현려바이오,364,121679.02,318494
JCSC,지찬반도체,364,213479.61,251739
JHFD,주현식품,364,59703.46,247262
MHCH,문호화학,364,120141.0,219472
SHEN,수하에너지,364,163121.94,273575
SYTR,성윤물산,364,76577.18,361224
THCT,태호건설,364,83108.91,273590
THTC,태환통신,364,104480.82,356225
YJBK,유진문고,364,27483.02,216026
YWEL,영욱전자,364,57362.58,110761
HDMT,현도자동차,365,126453.42,249578
HLPM,혜린제약,365,105931.37,269685
HRBI,현려바이오,365,117347.51,420367
JCSC,지찬반도체,365,211504.81,275465
JHFD,주현식품,365,57843.17,223951
MHCH,문호화학,365,117074.94,305409
SHEN,수하에너지,365,159509.99,333212
SYTR,성윤물산,365,75489.15,350142
THCT,태호건설,365,80737.12,291642
THTC,태환통신,365,102578.38,279306
YJBK,유진문고,365,26383.27,155605
YWEL,영욱전자,365,55114.37,125907
HDMT,현도자동차,366,121516.8,200165
HLPM,혜린제약,366,105263.07,308409
HRBI,현려바이오,366,113062.24,328051
JCSC,지찬반도체,366,209034.96,284552
JHFD,주현식품,366,55949.92,253839
MHCH,문호화학,366,113885.59,249284
SHEN,수하에너지,366,155683.56,286019
SYTR,성윤물산,366,74249.99,263448
THCT,태호건설,366,78293.02,234575
THTC,태환통신,366,100476.5,278121
YJBK,유진문고,366,25324.36,190895
YWEL,영욱전자,366,53002.88,169668
HDMT,현도자동차,367,116727.2,169380
HLPM,혜린제약,367,104354.85,310837
HRBI,현려바이오,367,108811.8,357264
JCSC,지찬반도체,367,206047.34,349991
JHFD,주현식품,367,54045.38,255252
MHCH,문호화학,367,110559.51,285067
SHEN,수하에너지,367,151608.63,336491
SYTR,성윤물산,367,72865.35,364284
THCT,태호건설,367,75801.92,188177
THTC,태환통신,367,98209.83,233683
YJBK,유진문고,367,24311.51,173536
YWEL,영욱전자,367,51015.6,180511
HDMT,현도자동차,368,112067.19,185641
HLPM,혜린제약,368,103194.11,291781
HRBI,현려바이오,368,104625.81,380475
JCSC,지찬반도체,368,202659.83,317776
JHFD,주현식품,368,52138.8,201719
MHCH,문호화학,368,107154.64,247111
SHEN,수하에너지,368,147335.48,326172
SYTR,성윤물산,368,71349.96,406777
THCT,태호건설,368,73281.66,229933
THTC,태환통신,368,95792.4,246117
YJBK,유진문고,368,23346.8,221307
YWEL,영욱전자,368,49139.21,176653
HDMT,현도자동차,369,107575.56,172424
HLPM,혜린제약,369,101807.03,345273
HRBI,현려바이오,369,100556.49,380531
JCSC,지찬반도체,369,198839.61,281841
JHFD,주현식품,369,50245.42,277108
MHCH,문호화학,369,103707.56,262687
SHEN,수하에너지,369,142955.19,287200
SYTR,성윤물산,369,69708.12,275459
THCT,태호건설,369,70749.79,202149
THTC,태환통신,369,93239.8,347217
YJBK,유진문고,369,22427.4,172430
YWEL,영욱전자,369,47387.4,142489
HDMT,현도자동차,370,103272.43,220259
HLPM,혜린제약,370,100183.82,441468
HRBI,현려바이오,370,96605.26,329155
JCSC,지찬반도체,370,194682.75,463758
JHFD,주현식품,370,48363.15,227528
MHCH,문호화학,370,100232.98,305324
SHEN,수하에너지,370,138472.97,324082
SYTR,성윤물산,370,67974.35,420390
THCT,태호건설,370,68224.76,287527
THTC,태환통신,370,90588.58,346341
YJBK,유진문고,370,21558.66,143877
YWEL,영욱전자,370,45759.23,154513
HDMT,현도자동차,371,99154.53,234532
HLPM,혜린제약,371,98351.13,365594
HRBI,현려바이오,371,92754.34,469693
JCSC,지찬반도체,371,190217.79,309804
JHFD,주현식품,371,46521.41,229838
MHCH,문호화학,371,96716.82,347487
SHEN,수하에너지,371,133937.16,308346
SYTR,성윤물산,371,66149.58,374188
THCT,태호건설,371,65702.95,218524
THTC,태환통신,371,87858.74,325658
YJBK,유진문고,371,20745.69,146566
YWEL,영욱전자,371,44244.43,114383
HDMT,현도자동차,372,95233.3,172670
HLPM,혜린제약,372,96349.38,314087
HRBI,현려바이오,372,89066.18,315369
JCSC,지찬반도체,372,185436.88,480240
JHFD,주현식품,372,44711.02,239888
MHCH,문호화학,372,93215.13,237576
SHEN,수하에너지,372,129383.16,268397
SYTR,성윤물산,372,64243.16,436926
THCT,태호건설,372,63224.42,306761
THTC,태환통신,372,85061.31,264686
YJBK,유진문고,372,19979.56,171000
YWEL,영욱전자,372,42849.57,133281
HDMT,현도자동차,373,91530.95,161956
HLPM,혜린제약,373,94164.32,394333
HRBI,현려바이오,373,85485.53,312964
JCSC,지찬반도체,373,180483.99,314191
JHFD,주현식품,373,42948.27,279485
MHCH,문호화학,373,89756.31,288319
SHEN,수하에너지,373,124805.83,308523
SYTR,성윤물산,373,62294.4,431167
THCT,태호건설,373,60784.25,278494
THTC,태환통신,373,82231.62,394919
YJBK,유진문고,373,19262.43,147138
YWEL,영욱전자,373,41570.47,118897
HDMT,현도자동차,374,88034.16,210503
HLPM,혜린제약,374,91851.27,374762
HRBI,현려바이오,374,82094.44,453061
JCSC,지찬반도체,374,175335.1,366988
JHFD,주현식품,374,41245.16,292089
MHCH,문호화학,374,86341.14,332439
SHEN,수하에너지,374,120255.42,278386
SYTR,성윤물산,374,60305.02,478853
THCT,태호건설,374,58402.05,254096
THTC,태환통신,374,79390.56,375861
YJBK,유진문고,374,18594.33,210380
YWEL,영욱전자,374,40389.92,142335
HDMT,현도자동차,375,84731.86,218772
HLPM,혜린제약,375,89428.78,344354
HRBI,현려바이오,375,78847.91,432454
JCSC,지찬반도체,375,170006.65,488222
JHFD,주현식품,375,39596.68,290110
MHCH,문호화학,375,82996.76,249571
SHEN,수하에너지,375,115745.64,263960
SYTR,성윤물산,375,58291.63,364851
THCT,태호건설,375,56084.9,259971
THTC,태환통신,375,76554.25,271767
YJBK,유진문고,375,17974.35,198877
YWEL,영욱전자,375,39321.48,131679
HDMT,현도자동차,376,81642.86,213731
HLPM,혜린제약,376,86887.54,322956
HRBI,현려바이오,376,75770.24,393190
JCSC,지찬반도체,376,164605.88,385214
JHFD,주현식품,376,38010.29,217538
MHCH,문호화학,376,79720.71,335378
SHEN,수하에너지,376,111307.29,324517
SYTR,성윤물산,376,56266.24,445434
THCT,태호건설,376,53845.88,312142
THTC,태환통신,376,73742.89,422022
YJBK,유진문고,376,17402.16,197362
YWEL,영욱전자,376,38350.52,128802
HDMT,현도자동차,377,78744.26,175281
HLPM,혜린제약,377,84270.19,355865
HRBI,현려바이오,377,72848.94,375055
JCSC,지찬반도체,377,159114.63,350545
JHFD,주현식품,377,36495.31,196355
MHCH,문호화학,377,76556.74,312609
SHEN,수하에너지,377,106959.36,393432
SYTR,성윤물산,377,54245.51,450398
THCT,태호건설,377,51698.78,285806
THTC,태환통신,377,70965.8,431767
YJBK,유진문고,377,16872.93,179652
YWEL,영욱전자,377,37487.32,99208
HDMT,현도자동차,378,76049.05,161349
HLPM,혜린제약,378,81596.36,441828
HRBI,현려바이오,378,70104.9,359523
JCSC,지찬반도체,378,153586.27,371504
JHFD,주현식품,378,35040.93,232590
MHCH,문호화학,378,73496.92,241424
SHEN,수하에너지,378,102742.0,320102
SYTR,성윤물산,378,52244.72,426323
THCT,태호건설,378,49630.63,291486
THTC,태환통신,378,68235.24,419117
YJBK,유진문고,378,16391.95,159629
YWEL,영욱전자,378,36723.22,145380
HDMT,현도자동차,379,73562.46,239706
HLPM,혜린제약,379,78890.22,427789
HRBI,현려바이오,379,67522.85,298466
JCSC,지찬반도체,379,148078.8,357084
JHFD,주현식품,379,33661.95,220408
MHCH,문호화학,379,70555.92,279909
SHEN,수하에너지,379,98648.72,342266
SYTR,성윤물산,379,50267.91,481340
THCT,태호건설,379,47659.55,227310
THTC,태환통신,379,65568.18,299679
YJBK,유진문고,379,15953.07,134787
YWEL,영욱전자,379,36052.05,99828
HDMT,현도자동차,380,71267.25,197401
HLPM,혜린제약,380,76160.06,342215
HRBI,현려바이오,380,65100.68,378343
JCSC,지찬반도체,380,142625.39,385058
JHFD,주현식품,380,32361.94,193417
MHCH,문호화학,380,67744.49,282246
SHEN,수하에너지,380,94708.23,346643
SYTR,성윤물산,380,48329.95,329300
THCT,태호건설,380,45777.2,251898
THTC,태환통신,380,62976.79,421754
YJBK,유진문고,380,15553.78,168876
YWEL,영욱전자,380,35478.34,143742
HDMT,현도자동차,381,69157.62,162208
HLPM,혜린제약,381,73443.79,403542
HRBI,현려바이오,381,62850.13,424333
JCSC,지찬반도체,381,137232.48,412334
JHFD,주현식품,381,31141.2,204091
MHCH,문호화학,381,65054.27,239518
SHEN,수하에너지,381,90917.7,383439
SYTR,성윤물산,381,46444.78,469201
THCT,태호건설,381,44001.23,228086
THTC,태환통신,381,60476.83,302023
YJBK,유진문고,381,15194.27,179715
YWEL,영욱전자,381,34996.28,135826
HDMT,현도자동차,382,67228.41,184700
HLPM,혜린제약,382,70741.63,359465
HRBI,현려바이오,382,60754.73,357781
JCSC,지찬반도체,382,131929.22,519460
JHFD,주현식품,382,29988.12,182762
MHCH,문호화학,382,62503.59,312216
SHEN,수하에너지,382,87286.23,358864
SYTR,성윤물산,382,44605.91,501187
THCT,태호건설,382,42315.45,234179
THTC,태환통신,382,58047.03,342435
YJBK,유진문고,382,14875.68,185588
YWEL,영욱전자,382,34607.82,88247
HDMT,현도자동차,383,65479.19,143066
HLPM,혜린제약,383,68070.68,533479
HRBI,현려바이오,383,58820.13,274738
JCSC,지찬반도체,383,126766.52,371899
JHFD,주현식품,383,28908.55,273731
MHCH,문호화학,383,60086.58,287402
SHEN,수하에너지,383,83830.02,328424
SYTR,성윤물산,383,42829.75,486866
THCT,태호건설,383,40727.7,309987
THTC,태환통신,383,55724.29,376763
YJBK,유진문고,383,14597.12,121562
YWEL,영욱전자,383,34303.43,87125
HDMT,현도자동차,384,63898.54,141227
HLPM,혜린제약,384,65462.68,559222
HRBI,현려바이오,384,57046.84,325238
JCSC,지찬반도체,384,121740.9,523561
JHFD,주현식품,384,27899.06,260130
MHCH,문호화학,384,57793.95,307892
SHEN,수하에너지,384,80550.6,399652
SYTR,성윤물산,384,41120.41,473152
THCT,태호건설,384,39243.6,294732
THTC,태환통신,384,53502.46,270701
YJBK,유진문고,384,14357.99,110087
YWEL,영욱전자,384,34095.13,125758
HDMT,현도자동차,385,62501.5,145503
HLPM,혜린제약,385,62900.99,381554
HRBI,현려바이오,385,55424.47,339151
JCSC,지찬반도체,385,116882.21,397245
JHFD,주현식품,385,26963.26,271025
MHCH,문호화학,385,55641.33,227678
SHEN,수하에너지,385,77437.28,364152
SYTR,성윤물산,385,39467.68,490560
THCT,태호건설,385,37852.03,268135
THTC,태환통신,385,51391.92,277925
YJBK,유진문고,385,14154.29,125171
YWEL,영욱전자,385,33967.32,125009
HDMT,현도자동차,386,61252.57,141889
HLPM,혜린제약,386,60412.83,538902
HRBI,현려바이오,386,53943.36,405557
JCSC,지찬반도체,386,112205.39,356873
JHFD,주현식품,386,26097.97,213084
MHCH,문호화학,386,53630.22,286855
SHEN,수하에너지,386,74501.31,353415
SYTR,성윤물산,386,37903.23,478729
THCT,태호건설,386,36552.73,258396
THTC,태환통신,386,49383.77,371262
YJBK,유진문고,386,13988.99,169836
YWEL,영욱전자,386,33924.01,112922
HDMT,현도자동차,387,60175.42,165119
HLPM,혜린제약,387,58012.63,443218
HRBI,현려바이오,387,52610.89,274466
JCSC,지찬반도체,387,107721.27,404614
JHFD,주현식품,387,25303.82,272512
MHCH,문호화학,387,51751.59,352235
SHEN,수하에너지,387,71754.84,260788
SYTR,성윤물산,387,36419.35,432883
THCT,태호건설,387,35353.35,215987
THTC,태환통신,387,47486.66,369037
YJBK,유진문고,387,13858.82,144258
YWEL,영욱전자,387,33962.63,125110
HDMT,현도자동차,388,59254.3,189432
HLPM,혜린제약,388,55698.34,591142
HRBI,현려바이오,388,51434.93,367551
JCSC,지찬반도체,388,103459.92,413453
JHFD,주현식품,388,24578.18,250779
MHCH,문호화학,388,49996.12,244789
SHEN,수하에너지,388,69177.47,293905
SYTR,성윤물산,388,35002.15,374690
THCT,태호건설,388,34245.03,233427
THTC,태환통신,388,45701.33,284116
YJBK,유진문고,388,13764.0,137782
YWEL,영욱전자,388,34090.45,115478
HDMT,현도자동차,389,58469.98,124701
HLPM,혜린제약,389,53464.58,510747
HRBI,현려바이오,389,50364.99,293637
JCSC,지찬반도체,389,99391.75,541626
JHFD,주현식품,389,23916.27,241364
MHCH,문호화학,389,48382.29,343398
SHEN,수하에너지,389,66773.02,327491
SYTR,성윤물산,389,33664.69,332888
THCT,태호건설,389,33220.51,245330
THTC,태환통신,389,44022.67,305060
YJBK,유진문고,389,13701.31,143796
YWEL,영욱전자,389,34307.0,101855
HDMT,현도자동차,390,57850.26,145233
HLPM,혜린제약,390,51342.47,508064
HRBI,현려바이오,390,49437.63,364284
JCSC,지찬반도체,390,95521.72,443513
JHFD,주현식품,390,23313.98,232779
MHCH,문호화학,390,46889.53,307748
SHEN,수하에너지,390,64544.53,357792
SYTR,성윤물산,390,32403.87,306616
THCT,태호건설,390,32284.53,183450
THTC,태환통신,390,42448.81,320799
YJBK,유진문고,390,13675.47,115090
YWEL,영욱전자,390,34602.3,107700
HDMT,현도자동차,391,57379.97,123857
HLPM,혜린제약,391,49315.88,575201
HRBI,현려바이오,391,48641.65,283911
JCSC,지찬반도체,391,91853.36,544402
JHFD,주현식품,391,22778.21,221178
MHCH,문호화학,391,45520.35,248891
SHEN,수하에너지,391,62473.34,257765
SYTR,성윤물산,391,31225.22,392947
THCT,태호건설,391,31433.77,205964
THTC,태환통신,391,40990.01,288522
YJBK,유진문고,391,13685.88,149076
YWEL,영욱전자,391,34985.06,101804
HDMT,현도자동차,392,57048.67,115418
HLPM,혜린제약,392,47395.16,444709
HRBI,현려바이오,392,47961.24,259918
JCSC,지찬반도체,392,88428.69,524118
JHFD,주현식품,392,22298.81,190988
MHCH,문호화학,392,44272.46,290746
SHEN,수하에너지,392,60589.93,305829
SYTR,성윤물산,392,30121.03,457457
THCT,태호건설,392,30667.25,290806
THTC,태환통신,392,39633.17,353907
YJBK,유진문고,392,13729.19,103825
YWEL,영욱전자,392,35464.84,125626
HDMT,현도자동차,393,56866.05,160055
HLPM,혜린제약,393,45582.08,508958
HRBI,현려바이오,393,47419.47,250648
JCSC,지찬반도체,393,85213.8,452323
JHFD,주현식품,393,21876.9,176566
MHCH,문호화학,393,43143.61,221391
SHEN,수하에너지,393,58842.98,345247
SYTR,성윤물산,393,29089.87,312695
THCT,태호건설,393,29990.83,220262
THTC,태환통신,393,38389.62,377911
YJBK,유진문고,393,13805.52,103080
YWEL,영욱전자,393,36026.33,132021
HDMT,현도자동차,394,56817.14,129138
HLPM,혜린제약,394,43875.36,438867
HRBI,현려바이오,394,46999.32,290057
JCSC,지찬반도체,394,82200.19,442770
JHFD,주현식품,394,21512.56,151382
MHCH,문호화학,394,42130.73,276822
SHEN,수하에너지,394,57262.26,323579
SYTR,성윤물산,394,28135.29,431360
THCT,태호건설,394,29389.44,178193
THTC,태환통신,394,37249.75,286763
YJBK,유진문고,394,13919.68,102023
YWEL,영욱전자,394,36679.66,104353
HDMT,현도자동차,395,56921.3,148820
HLPM,혜린제약,395,42261.46,396198
HRBI,현려바이오,395,46697.57,309277
JCSC,지찬반도체,395,79398.99,475304
JHFD,주현식품,395,21201.73,178236
MHCH,문호화학,395,41229.57,200872
SHEN,수하에너지,395,55836.01,226581
SYTR,성윤물산,395,27250.97,337820
THCT,태호건설,395,28858.08,165692
THTC,태환통신,395,36195.63,355547
YJBK,유진문고,395,14067.02,103268
YWEL,영욱전자,395,37424.3,93642
HDMT,현도자동차,396,57158.18,164871
HLPM,혜린제약,396,40757.19,353555
HRBI,현려바이오,396,46511.18,297812
JCSC,지찬반도체,396,76801.86,443445
JHFD,주현식품,396,20952.42,182084
MHCH,문호화학,396,40431.58,253161
SHEN,수하에너지,396,54559.79,293011
SYTR,성윤물산,396,26447.61,466405
THCT,태호건설,396,28411.03,235252
THTC,태환통신,396,35243.7,323088
YJBK,유진문고,396,14249.6,154450
YWEL,영욱전자,396,38267.14,134513
HDMT,현도자동차,397,57538.63,186183
HLPM,혜린제약,397,39355.14,477818
HRBI,현려바이오,397,46433.93,297337
JCSC,지찬반도체,397,74397.89,460643
JHFD,주현식품,397,20753.52,142736
MHCH,문호화학,397,39742.0,217570
SHEN,수하에너지,397,53418.75,306837
SYTR,성윤물산,397,25711.51,300722
THCT,태호건설,397,28027.78,196268
THTC,태환통신,397,34390.41,341494
YJBK,유진문고,397,14468.01,145668
YWEL,영욱전자,397,39205.85,153187
HDMT,현도자동차,398,58068.96,120405
HLPM,혜린제약,398,38055.37,486910
HRBI,현려바이오,398,46476.67,239411
JCSC,지찬반도체,398,72187.04,468912
JHFD,주현식품,398,20609.51,197215
MHCH,문호화학,398,39148.3,252663
SHEN,수하에너지,398,52440.98,239720
SYTR,성윤물산,398,25038.64,429084
THCT,태호건설,398,27719.91,166868
THTC,태환통신,398,33622.6,243787
YJBK,유진문고,398,14722.9,120306
YWEL,영욱전자,398,40237.59,150315
HDMT,현도자동차,399,58746.31,122898
HLPM,혜린제약,399,36853.48,479469
HRBI,현려바이오,399,46636.54,214209
JCSC,지찬반도체,399,70186.54,306952
JHFD,주현식품,399,20519.83,126778
MHCH,문호화학,399,38654.98,245036
SHEN,수하에너지,399,51588.1,206490
SYTR,성윤물산,399,24439.54,304557
THCT,태호건설,399,27483.12,219230
THTC,태환통신,399,32940.53,266111
YJBK,유진문고,399,15015.74,183534
YWEL,영욱전자,399,41379.59,124141
HDMT,현도자동차,400,59568.09,193749
HLPM,혜린제약,400,35746.49,398077
HRBI,현려바이오,400,46918.42,280077
JCSC,지찬반도체,400,68364.41,474601
JHFD,주현식품,400,20478.83,175773
MHCH,문호화학,400,38264.68,182655
SHEN,수하에너지,400,50868.62,247506
SYTR,성윤물산,400,23906.6,355321
THCT,태호건설,400,27316.36,202607
THTC,태환통신,400,32346.66,274871
YJBK,유진문고,400,15344.97,146953
YWEL,영욱전자,400,42620.06,113615
HDMT,현도자동차,401,60534.74,200938
HLPM,혜린제약,401,34734.91,353850
HRBI,현려바이오,401,47320.17,297705
JCSC,지찬반도체,401,66718.86,459396
JHFD,주현식품,401,20491.93,184328
MHCH,문호화학,401,37980.03,230631
SHEN,수하에너지,401,50280.47,243420
SYTR,성윤물산,401,23430.91,263904
THCT,태호건설,401,27223.55,187533
THTC,태환통신,401,31836.69,337712
YJBK,유진문고,401,15714.66,150885
YWEL,영욱전자,401,43962.85,113225
HDMT,현도자동차,402,61665.59,153937
HLPM,혜린제약,402,33816.61,369752
HRBI,현려바이오,402,47835.94,278666
JCSC,지찬반도체,402,65265.01,447829
JHFD,주현식품,402,20552.68,151674
MHCH,문호화학,402,37787.76,221794
SHEN,수하에너지,402,49819.02,201497
SYTR,성윤물산,402,23021.19,266930
THCT,태호건설,402,27198.96,185646
THTC,태환통신,402,31413.56,270504
YJBK,유진문고,402,16125.2,151783
YWEL,영욱전자,402,45408.02,122147
HDMT,현도자동차,403,62938.46,197995
HLPM,혜린제약,403,32984.91,423313
HRBI,현려바이오,403,48475.83,231729
JCSC,지찬반도체,403,63968.16,361644
JHFD,주현식품,403,20663.51,168050
MHCH,문호화학,403,37693.22,163916
SHEN,수하에너지,403,49477.26,211194
SYTR,성윤물산,403,22671.33,294348
THCT,태호건설,403,27240.2,191596
THTC,태환통신,403,31069.47,325597
YJBK,유진문고,403,16577.28,184905
YWEL,영욱전자,403,46980.59,135517
HDMT,현도자동차,404,64371.13,177367
HLPM,혜린제약,404,32252.34,392869
HRBI,현려바이오,404,49231.9,335504
JCSC,지찬반도체,404,62837.82,430260
JHFD,주현식품,404,20830.74,178931
MHCH,문호화학,404,37686.75,181669
SHEN,수하에너지,404,49263.41,188275
SYTR,성윤물산,404,22377.0,387915
THCT,태호건설,404,27350.31,170473
THTC,태환통신,404,30802.05,245245
YJBK,유진문고,404,17069.51,199998
YWEL,영욱전자,404,48661.77,159371
HDMT,현도자동차,405,65979.16,207757
HLPM,혜린제약,405,31600.12,407773
HRBI,현려바이오,405,50114.37,247305
JCSC,지찬반도체,405,61873.78,274867
JHFD,주현식품,405,21050.85,199529
MHCH,문호화학,405,37778.08,199745
SHEN,수하에너지,405,49185.5,277579
SYTR,성윤물산,405,22139.3,350630
THCT,태호건설,405,27529.79,215276
THTC,태환통신,405,30610.86,306814
YJBK,유진문고,405,17603.98,150766
YWEL,영욱전자,405,50445.11,160845
HDMT,현도자동차,406,67748.07,190505
HLPM,혜린제약,406,31023.13,341716
HRBI,현려바이오,406,51126.56,265827
JCSC,지찬반도체,406,61060.91,400785
JHFD,주현식품,406,21320.64,227090
MHCH,문호화학,406,37965.1,234769
SHEN,수하에너지,406,49225.26,207714
SYTR,성윤물산,406,21957.1,267602
THCT,태호건설,406,27773.1,186126
THTC,태환통신,406,30502.58,220854
YJBK,유진문고,406,18178.14,187484
YWEL,영욱전자,406,52339.99,134758
HDMT,현도자동차,407,69688.65,228812
HLPM,혜린제약,407,30528.22,348218
HRBI,현려바이오,407,52268.17,257772
JCSC,지찬반도체,407,60412.58,310388
JHFD,주현식품,407,21647.32,144665
MHCH,문호화학,407,38249.56,223667
SHEN,수하에너지,407,49386.17,254903
SYTR,성윤물산,407,21833.08,327858
THCT,태호건설,407,28089.98,172859
THTC,태환통신,407,30470.64,182522
YJBK,유진문고,407,18801.04,152278
YWEL,영욱전자,407,54341.1,162437
HDMT,현도자동차,408,71801.73,192139
HLPM,혜린제약,408,30116.92,397908
HRBI,현려바이오,408,53540.64,363477
JCSC,지찬반도체,408,59924.01,247425
JHFD,주현식품,408,22026.72,168131
MHCH,문호화학,408,38634.0,212014
SHEN,수하에너지,408,49671.65,233827
SYTR,성윤물산,408,21762.3,274155
THCT,태호건설,408,28475.42,206981
THTC,태환통신,408,30514.92,247790
YJBK,유진문고,408,19466.38,207067
YWEL,영욱전자,408,56460.42,148430
HDMT,현도자동차,409,74097.57,196380
HLPM,혜린제약,409,29780.93,299311
HRBI,현려바이오,409,54955.04,298095
JCSC,지찬반도체,409,59579.91,340857
JHFD,주현식품,409,22458.22,160343
MHCH,문호화학,409,39107.95,192851
SHEN,수하에너지,409,50075.51,219961
SYTR,성윤물산,409,21747.69,273027
THCT,태호건설,409,28934.14,174379
THTC,태환통신,409,30634.87,270952
YJBK,유진문고,409,20177.86,208369
YWEL,영욱전자,409,58685.6,179277
HDMT,현도자동차,410,76556.52,155921
HLPM,혜린제약,410,29522.64,338416
HRBI,현려바이오,410,56506.62,382122
JCSC,지찬반도체,410,59391.26,377229
JHFD,주현식품,410,22946.71,180859
MHCH,문호화학,410,39682.96,184153
SHEN,수하에너지,410,50618.65,226928
SYTR,성윤물산,410,21787.95,330763
THCT,태호건설,410,29471.06,228670
THTC,태환통신,410,30838.02,195523
YJBK,유진문고,410,20931.71,209483
YWEL,영욱전자,410,61018.91,178011
HDMT,현도자동차,411,79211.17,218565
HLPM,혜린제약,411,29338.29,308472
HRBI,현려바이오,411,58196.16,327831
JCSC,지찬반도체,411,59350.26,322606
JHFD,주현식품,411,23496.36,231672
MHCH,문호화학,411,40360.1,230143
SHEN,수하에너지,411,51280.48,251836
SYTR,성윤물산,411,21876.57,337500
THCT,태호건설,411,30079.07,264121
THTC,태환통신,411,31108.05,291661
YJBK,유진문고,411,21730.55,136916
YWEL,영욱전자,411,63457.35,117435
HDMT,현도자동차,412,82049.36,249320
HLPM,혜린제약,412,29228.47,393870
HRBI,현려바이오,412,60022.85,345644
JCSC,지찬반도체,412,59453.15,348255
JHFD,주현식품,412,24099.72,189671
MHCH,문호화학,412,41134.47,222290
SHEN,수하에너지,412,52077.52,294238
SYTR,성윤물산,412,22025.42,337239
THCT,태호건설,412,30763.97,244789
THTC,태환통신,412,31459.3,211503
YJBK,유진문고,412,22577.16,216922
YWEL,영욱전자,412,65988.86,121648
HDMT,현도자동차,413,85082.09,250696
HLPM,혜린제약,413,29193.73,309779
HRBI,현려바이오,413,62006.67,434832
JCSC,지찬반도체,413,59701.64,373468
JHFD,주현식품,413,24767.28,259171
MHCH,문호화학,413,42017.97,280033
SHEN,수하에너지,413,53002.01,308707
SYTR,성윤물산,413,22231.62,260466
THCT,태호건설,413,31525.92,238322
THTC,태환통신,413,31891.42,244159
YJBK,유진문고,413,23466.51,192271
YWEL,영욱전자,413,68618.38,129636
HDMT,현도자동차,414,88305.72,167626
HLPM,혜린제약,414,29227.64,405455
HRBI,현려바이오,414,64135.08,382760
JCSC,지찬반도체,414,60122.8,328746
JHFD,주현식품,414,25500.3,195909
MHCH,문호화학,414,43005.19,221463
SHEN,수하에너지,414,54065.38,314717
SYTR,성윤물산,414,22491.87,390886
THCT,태호건설,414,32369.72,289916
THTC,태환통신,414,32403.81,353221
YJBK,유진문고,414,24398.36,149873
YWEL,영욱전자,414,71322.35,157519
HDMT,현도자동차,415,91698.06,243857
HLPM,혜린제약,415,29338.29,251727
HRBI,현려바이오,415,66420.56,334326
JCSC,지찬반도체,415,60694.55,402131
JHFD,주현식품,415,26287.88,190003
MHCH,문호화학,415,44096.99,273744
SHEN,수하에너지,415,55266.93,287628
SYTR,성윤물산,415,22814.51,300834
THCT,태호건설,415,33295.19,183170
THTC,태환통신,415,32996.16,311132
YJBK,유진문고,415,25372.38,219568
YWEL,영욱전자,415,74111.13,123490
HDMT,현도자동차,416,95295.61,235475
HLPM,혜린제약,416,29518.41,311231
HRBI,현려바이오,416,68853.37,289423
JCSC,지찬반도체,416,61412.58,354488
JHFD,주현식품,416,27145.57,238696
MHCH,문호화학,416,45302.06,316536
SHEN,수하에너지,416,56599.42,336382
SYTR,성윤물산,416,23185.41,321513
THCT,태호건설,416,34301.33,221876
THTC,태환통신,416,33676.57,305254
YJBK,유진문고,416,26385.97,211816
YWEL,영욱전자,416,76955.28,117027
HDMT,현도자동차,417,99073.8,186140
HLPM,혜린제약,417,29775.13,416846
HRBI,현려바이오,417,71444.82,379648
JCSC,지찬반도체,417,62275.35,366580
JHFD,주현식품,417,28063.01,272399
MHCH,문호화학,417,46619.41,302608
SHEN,수하에너지,417,58075.78,294924
SYTR,성윤물산,417,23618.75,305312
THCT,태호건설,417,35392.18,208116
THTC,태환통신,417,34441.96,276852
YJBK,유진문고,417,27438.93,178974
YWEL,영욱전자,417,79849.47,177062
HDMT,현도자동차,418,103038.29,199510
HLPM,혜린제약,418,30104.83,308954
HRBI,현려바이오,418,74183.75,317870
JCSC,지찬반도체,418,63292.05,388663
JHFD,주현식품,418,29053.23,270320
MHCH,문호화학,418,48059.95,325898
SHEN,수하에너지,418,59695.71,336724
SYTR,성윤물산,418,24111.79,371726
THCT,태호건설,418,36563.47,289782
THTC,태환통신,418,35288.91,256325
YJBK,유진문고,418,28526.32,219014
YWEL,영욱전자,418,82793.59,113897
HDMT,현도자동차,419,107160.17,170725
HLPM,혜린제약,419,30513.55,350163
HRBI,현려바이오,419,77071.87,394128
JCSC,지찬반도체,419,64485.3,395727
JHFD,주현식품,419,30113.26,261664
MHCH,문호화학,419,49606.19,209134
SHEN,수하에너지,419,61459.43,369041
SYTR,성윤물산,419,24665.89,282498
THCT,태호건설,419,37829.22,229955
THTC,태환통신,419,36235.46,396136
YJBK,유진문고,419,29644.58,138112
YWEL,영욱전자,419,85740.01,138624
HDMT,현도자동차,420,111433.68,157962
HLPM,혜린제약,420,30995.89,449354
HRBI,현려바이오,420,80104.65,474992
JCSC,지찬반도체,420,65833.02,433386
JHFD,주현식품,420,31242.07,247065
MHCH,문호화학,420,51276.98,252184
SHEN,수하에너지,420,63380.94,258467
SYTR,성윤물산,420,25283.41,319509
THCT,태호건설,420,39183.62,218291
THTC,태환통신,420,37266.27,348348
YJBK,유진문고,420,30788.62,151176
YWEL,영욱전자,420,88686.76,140562
HDMT,현도자동차,421,115862.62,216978
HLPM,혜린제약,421,31558.57,334554
HRBI,현려바이오,421,83296.12,382989
JCSC,지찬반도체,421,67342.19,376552
JHFD,주현식품,421,32433.74,250125
MHCH,문호화학,421,53074.79,299448
SHEN,수하에너지,421,65470.52,299615
SYTR,성윤물산,421,25962.3,420095
THCT,태호건설,421,40628.43,305375
THTC,태환통신,421,38388.34,362657
YJBK,유진문고,421,31952.81,179544
YWEL,영욱전자,421,91620.07,142632
HDMT,현도자동차,422,120444.67,216335
HLPM,혜린제약,422,32201.6,335938
HRBI,현려바이오,422,86619.35,377125
JCSC,지찬반도체,422,69034.99,442935
JHFD,주현식품,422,33692.57,271729
MHCH,문호화학,422,54994.21,281838
SHEN,수하에너지,422,67705.76,240552
SYTR,성윤물산,422,26706.78,304273
THCT,태호건설,422,42167.6,260801
THTC,태환통신,422,39607.63,250596
YJBK,유진문고,422,33133.99,167990
YWEL,영욱전자,422,94522.51,117957
HDMT,현도자동차,423,125130.82,177984
HLPM,혜린제약,423,32922.81,428956
HRBI,현려바이오,423,90077.44,336827
JCSC,지찬반도체,423,70894.52,398883
JHFD,주현식품,423,35017.77,247356
MHCH,문호화학,423,57043.34,229423
SHEN,수하에너지,423,70101.59,305244
SYTR,성윤물산,423,27521.05,376566
THCT,태호건설,423,43797.7,311417
THTC,태환통신,423,40923.35,336985
YJBK,유진문고,423,34323.69,146169
YWEL,영욱전자,423,97338.79,113239
HDMT,현도자동차,424,129925.35,221190
HLPM,혜린제약,424,33729.02,478669
HRBI,현려바이오,424,93661.44,308252
JCSC,지찬반도체,424,72938.7,404102
JHFD,주현식품,424,36412.4,260856
MHCH,문호화학,424,59211.16,336596
SHEN,수하에너지,424,72657.07,304733
SYTR,성윤물산,424,28399.65,472655
THCT,태호건설,424,45506.61,285974
THTC,태환통신,424,42332.4,351447
YJBK,유진문고,424,35521.12,205201
YWEL,영욱전자,424,100084.15,153050
HDMT,현도자동차,425,134801.07,225490
HLPM,혜린제약,425,34619.03,508676
HRBI,현려바이오,425,97365.96,476536
JCSC,지찬반도체,425,75151.74,331127
JHFD,주현식품,425,37868.33,276651
MHCH,문호화학,425,61503.89,302836
SHEN,수하에너지,425,75392.86,374919
SYTR,성윤물산,425,29347.77,311302
THCT,태호건설,425,47301.66,293297
THTC,태환통신,425,43839.81,298212
YJBK,유진문고,425,36705.92,171933
YWEL,영욱전자,425,102732.93,100385
HDMT,현도자동차,426,139714.9,217928
HLPM,혜린제약,426,35593.64,434293
HRBI,현려바이오,426,101181.76,369224
JCSC,지찬반도체,426,77553.04,348183
JHFD,주현식품,426,39374.26,229607
MHCH,문호화학,426,63926.91,329803
SHEN,수하에너지,426,78271.22,251741
SYTR,성윤물산,426,30367.45,470123
THCT,태호건설,426,49176.83,308401
THTC,태환통신,426,45458.51,286428
YJBK,유진문고,426,37876.65,167854
YWEL,영욱전자,426,105246.69,119092
HDMT,현도자동차,427,144655.33,245184
HLPM,혜린제약,427,36664.77,530527
HRBI,현려바이오,427,105070.77,408485
JCSC,지찬반도체,427,80146.65,478962
JHFD,주현식품,427,40941.57,277819
MHCH,문호화학,427,66454.02,327459
SHEN,수하에너지,427,81320.31,390212
SYTR,성윤물산,427,31458.03,306570
THCT,태호건설,427,51140.48,250496
THTC,태환통신,427,47167.84,419949
YJBK,유진문고,427,39022.06,125178
YWEL,영욱전자,427,107626.57,144410
HDMT,현도자동차,428,149616.03,153858
HLPM,혜린제약,428,37826.95,401257
HRBI,현려바이오,428,109044.27,304672
JCSC,지찬반도체,428,82920.85,423863
JHFD,주현식품,428,42562.7,234966
MHCH,문호화학,428,69123.97,285434
SHEN,수하에너지,428,84517.59,374278
SYTR,성윤물산,428,32622.2,451455
THCT,태호건설,428,53184.04,239861
THTC,태환통신,428,48984.0,336094
YJBK,유진문고,428,40147.17,180976
YWEL,영욱전자,428,109821.29,119898
HDMT,현도자동차,429,154519.37,228063
HLPM,혜린제약,429,39078.2,492962
HRBI,현려바이오,429,113066.42,402563
JCSC,지찬반도체,429,85886.35,335658
JHFD,주현식품,429,44228.77,213823
MHCH,문호화학,429,71896.66,317418
SHEN,수하에너지,429,87877.3,273847
SYTR,성윤물산,429,33850.19,432923
THCT,태호건설,429,55301.61,259073
THTC,태환통신,429,50894.97,306524
YJBK,유진문고,429,41225.51,165098
YWEL,영욱전자,429,111829.12,101115
HDMT,현도자동차,430,159347.86,156064
HLPM,혜린제약,430,40427.18,406438
HRBI,현려바이오,430,117106.82,280792
JCSC,지찬반도체,430,89057.87,537447
JHFD,주현식품,430,45934.88,291517
MHCH,문호화학,430,74761.2,295167
SHEN,수하에너지,430,91399.01,343375
SYTR,성윤물산,430,35154.35,377762
THCT,태호건설,430,57488.41,233853
THTC,태환통신,430,52905.18,387302
YJBK,유진문고,430,42257.19,117065
YWEL,영욱전자,430,113626.88,127741
HDMT,현도자동차,431,164079.49,230776
HLPM,혜린제약,431,41865.23,384523
HRBI,현려바이오,431,121156.97,332562
JCSC,지찬반도체,431,92415.42,404044
JHFD,주현식품,431,47670.29,233601
MHCH,문호화학,431,77728.15,293267
SHEN,수하에너지,431,95060.74,317420
SYTR,성윤물산,431,36538.59,403643
THCT,태호건설,431,59715.54,300354
THTC,태환통신,431,55020.89,360429
YJBK,유진문고,431,43216.43,147187
YWEL,영욱전자,431,115148.46,116451
HDMT,현도자동차,432,168667.82,217187
HLPM,혜린제약,432,43403.63,466163
HRBI,현려바이오,432,125171.98,408910
JCSC,지찬반도체,432,95973.11,331079
JHFD,주현식품,432,49429.19,280931
MHCH,문호화학,432,80786.59,353308
SHEN,수하에너지,432,98845.55,298482
SYTR,성윤물산,432,37983.8,357540
THCT,태호건설,432,61994.97,318732
THTC,태환통신,432,57219.74,366655
YJBK,유진문고,432,44113.33,112951
YWEL,영욱전자,432,116436.86,137954
HDMT,현도자동차,433,173050.48,228708
HLPM,혜린제약,433,45034.13,420981
HRBI,현려바이오,433,129143.95,420999
JCSC,지찬반도체,433,99732.36,350583
JHFD,주현식품,433,51205.94,273053
MHCH,문호화학,433,83922.11,265699
SHEN,수하에너지,433,102741.87,299330
SYTR,성윤물산,433,39495.0,491436
THCT,태호건설,433,64318.94,289836
THTC,태환통신,433,59509.83,367751
YJBK,유진문고,433,44935.83,132675
YWEL,영욱전자,433,117448.78,133444
HDMT,현도자동차,434,177217.53,160381
HLPM,혜린제약,434,46765.99,475527
HRBI,현려바이오,434,133050.12,406952
JCSC,지찬반도체,434,103683.91,498815
JHFD,주현식품,434,52993.04,245791
MHCH,문호화학,434,87113.28,244797
SHEN,수하에너지,434,106768.06,324686
SYTR,성윤물산,434,41075.8,333874
THCT,태호건설,434,66675.93,238833
THTC,태환통신,434,61876.88,333772
YJBK,유진문고,434,45677.12,136614
YWEL,영욱전자,434,118175.42,89484
HDMT,현도자동차,435,181105.18,154064
HLPM,혜린제약,435,48589.15,448155
HRBI,현려바이오,435,136857.82,403623
JCSC,지찬반도체,435,107821.56,487067
JHFD,주현식품,435,54773.29,259794
MHCH,문호화학,435,90361.19,289683
SHEN,수하에너지,435,110882.73,309414
SYTR,성윤물산,435,42710.94,514643
THCT,태호건설,435,69044.91,271596
THTC,태환통신,435,64317.69,378118
YJBK,유진문고,435,46319.92,154147
YWEL,영욱전자,435,118606.61,109564
HDMT,현도자동차,436,184735.56,200308
HLPM,혜린제약,436,50505.87,513773
HRBI,현려바이오,436,140501.93,414221
JCSC,지찬반도체,436,112143.13,371774
JHFD,주현식품,436,56530.33,241254
MHCH,문호화학,436,93625.22,339303
SHEN,수하에너지,436,115066.1,304019
SYTR,성윤물산,436,44412.28,355921
THCT,태호건설,436,71413.58,242487
THTC,태환통신,436,66816.1,352601
YJBK,유진문고,436,46870.9,107415
YWEL,영욱전자,436,118769.18,118611
HDMT,현도자동차,437,188016.2,134937
HLPM,혜린제약,437,52512.55,413013
HRBI,현려바이오,437,143977.32,333935
JCSC,지찬반도체,437,116622.96,465235
JHFD,주현식품,437,58255.59,228050
MHCH,문호화학,437,96912.63,329005
SHEN,수하에너지,437,119324.96,348034
SYTR,성윤물산,437,46162.33,418279
THCT,태호건설,437,73767.6,311971
THTC,태환통신,437,69376.14,299904
YJBK,유진문고,437,47305.91,120495
YWEL,영욱전자,437,118626.46,123286
HDMT,현도자동차,438,190914.25,159252
HLPM,혜린제약,438,54613.75,498136
HRBI,현려바이오,438,147253.07,270504
JCSC,지찬반도체,438,121264.3,484745
JHFD,주현식품,438,59934.48,249095
MHCH,문호화학,438,100190.59,245116
SHEN,수하에너지,438,123589.6,331568
SYTR,성윤물산,438,47960.75,325120
THCT,태호건설,438,76084.79,189430
THTC,태환통신,438,71985.0,411511
YJBK,유진문고,438,47626.2,132871
YWEL,영욱전자,438,118195.94,91983
HDMT,현도자동차,439,193405.16,151236
HLPM,혜린제약,439,56809.41,558731
HRBI,현려바이오,439,150265.61,293279
JCSC,지찬반도체,439,126041.16,360653
JHFD,주현식품,439,61553.45,192571
MHCH,문호화학,439,103442.07,232399
SHEN,수하에너지,439,127870.83,279416
SYTR,성윤물산,439,49801.29,439491
THCT,태호건설,439,78354.35,212017
THTC,태환통신,439,74626.63,393835
YJBK,유진문고,439,47835.33,125390
YWEL,영욱전자,439,117480.56,125458
HDMT,현도자동차,440,195456.51,142748
HLPM,혜린제약,440,59072.65,539383
HRBI,현려바이오,440,153026.18,266927
JCSC,지찬반도체,440,130939.98,399516
JHFD,주현식품,440,63087.06,169693
MHCH,문호화학,440,106628.3,269559
SHEN,수하에너지,440,132146.26,236243
SYTR,성윤물산,440,51663.47,320819
THCT,태호건설,440,80551.45,186186
THTC,태환통신,440,77291.13,353586
YJBK,유진문고,440,47922.43,112491
YWEL,영욱전자,440,116467.81,108459
HDMT,현도자동차,441,197087.07,182585
HLPM,혜린제약,441,61402.58,411042
HRBI,현려바이오,441,155498.7,373356
JCSC,지찬반도체,441,135960.76,347206
JHFD,주현식품,441,64552.7,156191
MHCH,문호화학,441,109747.0,258910
SHEN,수하에너지,441,136340.8,266924
SYTR,성윤물산,441,53542.35,485210
THCT,태호건설,441,82672.72,197792
THTC,태환통신,441,79940.62,330732
YJBK,유진문고,441,47896.03,107228
YWEL,영욱전자,441,115153.05,86930
HDMT,현도자동차,442,198220.13,113094
HLPM,혜린제약,442,63792.62,418060
HRBI,현려바이오,442,157644.04,306359
JCSC,지찬반도체,442,141045.48,463662
JHFD,주현식품,442,65901.55,219810
MHCH,문호화학,442,112758.26,217282
SHEN,수하에너지,442,140476.3,348125
SYTR,성윤물산,442,55441.56,400969
THCT,태호건설,442,84684.17,192515
THTC,태환통신,442,82580.75,257489
YJBK,유진문고,442,47742.83,141606
YWEL,영욱전자,442,113593.46,90681
HDMT,현도자동차,443,198849.72,125060
HLPM,혜린제약,443,66239.5,527672
HRBI,현려바이오,443,159428.54,265513
JCSC,지찬반도체,443,146192.94,505427
JHFD,주현식품,443,67144.43,161558
MHCH,문호화학,443,115637.13,239174
SHEN,수하에너지,443,144471.03,291226
SYTR,성윤물산,443,57330.3,462109
THCT,태호건설,443,86565.56,217206
THTC,태환통신,443,85190.8,261895
YJBK,유진문고,443,47472.72,99586
YWEL,영욱전자,443,111788.8,112599
HDMT,현도자동차,444,199026.44,148109
HLPM,혜린제약,444,68730.04,579994
HRBI,현려바이오,444,160863.99,269318
JCSC,지찬반도체,444,151377.67,335229
JHFD,주현식품,444,68248.79,204567
MHCH,문호화학,444,118346.2,218611
SHEN,수하에너지,444,148309.31,275448
SYTR,성윤물산,444,59209.66,335673
THCT,태호건설,444,88304.54,180314
THTC,태환통신,444,87744.55,298727
YJBK,유진문고,444,47077.04,136796
YWEL,영욱전자,444,109753.61,120053
HDMT,현도자동차,445,198683.48,163379
HLPM,혜린제약,445,71248.32,568652
HRBI,현려바이오,445,161919.34,322145
JCSC,지찬반도체,445,156554.65,490568
JHFD,주현식품,445,69219.11,200512
MHCH,문호화학,445,120877.82,285195
SHEN,수하에너지,445,152005.71,349968
SYTR,성윤물산,445,61056.86,374590
THCT,태호건설,445,89882.2,236765
THTC,태환통신,445,90216.26,270193
YJBK,유진문고,445,46573.52,105256
YWEL,영욱전자,445,107529.22,108392
HDMT,현도자동차,446,197884.15,126442
HLPM,혜린제약,446,73783.14,552719
HRBI,현려바이오,446,162575.32,218899
JCSC,지찬반도체,446,161689.66,476180
JHFD,주현식품,446,70048.07,189357
MHCH,문호화학,446,123230.32,288490
SHEN,수하에너지,446,155499.4,254392
SYTR,성윤물산,446,62869.76,392274
THCT,태호건설,446,91286.79,252850
THTC,태환통신,446,92578.71,365023
YJBK,유진문고,446,45959.75,114699
YWEL,영욱전자,446,105111.16,99337
HDMT,현도자동차,447,196564.33,128766
HLPM,혜린제약,447,76322.26,439025
HRBI,현려바이오,447,162828.85,255134
JCSC,지찬반도체,447,166729.61,371583
JHFD,주현식품,447,70707.67,149968
MHCH,문호화학,447,125331.93,250269
SHEN,수하에너지,447,158755.31,263896
SYTR,성윤물산,447,64623.41,439065
THCT,태호건설,447,92486.84,199427
THTC,태환통신,447,94834.62,324900
YJBK,유진문고,447,45256.07,134111
YWEL,영욱전자,447,102533.49,153960
HDMT,현도자동차,448,194731.42,136303
HLPM,혜린제약,448,78845.7,517031
HRBI,현려바이오,448,162674.87,259440
JCSC,지찬반도체,448,171707.49,427396
JHFD,주현식품,448,71205.82,167125
MHCH,문호화학,448,127186.24,246514
SHEN,수하에너지,448,161710.03,301412
SYTR,성윤물산,448,66300.85,411522
THCT,태호건설,448,93506.2,153353
THTC,태환통신,448,96948.95,242119
YJBK,유진문고,448,44449.95,177168
YWEL,영욱전자,448,99830.29,120510
HDMT,현도자동차,449,192477.43,160910
HLPM,혜린제약,449,81328.02,492385
HRBI,현려바이오,449,162106.16,283501
JCSC,지찬반도체,449,176486.04,348130
JHFD,주현식품,449,71530.99,141732
MHCH,문호화학,449,128777.34,281855
SHEN,수하에너지,449,164378.63,250488
SYTR,성윤물산,449,67893.02,351820
THCT,태호건설,449,94301.53,245526
THTC,태환통신,449,98908.78,268242
YJBK,유진문고,449,43569.45,138693
YWEL,영욱전자,449,96999.02,119885
HDMT,현도자동차,450,189778.0,198218
HLPM,혜린제약,450,83780.31,392226
HRBI,현려바이오,450,161155.73,267427
JCSC,지찬반도체,450,181084.24,340351
JHFD,주현식품,450,71677.87,159506
MHCH,문호화학,450,130069.64,198200
SHEN,수하에너지,450,166672.89,216167
SYTR,성윤물산,450,69386.38,289145
THCT,태호건설,450,94860.67,240003
THTC,태환통신,450,100697.09,321863
YJBK,유진문고,450,42611.92,167678
YWEL,영욱전자,450,94087.07,154279
HDMT,현도자동차,451,186649.61,132098
HLPM,혜린제약,451,86160.64,341249
HRBI,현려바이오,451,159776.06,346862
JCSC,지찬반도체,451,185423.56,395291
JHFD,주현식품,451,71639.07,197922
MHCH,문호화학,451,131046.12,225619
SHEN,수하에너지,451,168613.35,248917
SYTR,성윤물산,451,70760.88,352078
THCT,태호건설,451,95181.41,153380
THTC,태환통신,451,102272.82,320348
YJBK,유진문고,451,41590.71,123316
YWEL,영욱전자,451,91117.41,126190
HDMT,현도자동차,452,183178.52,170714
HLPM,혜린제약,452,88433.1,374142
HRBI,현려바이오,452,158027.4,321865
JCSC,지찬반도체,452,189525.88,377929
JHFD,주현식품,452,71425.04,132031
MHCH,문호화학,452,131715.24,183123
SHEN,수하에너지,452,170165.55,291516
SYTR,성윤물산,452,72016.2,415156
THCT,태호건설,452,95266.93,141708
THTC,태환통신,452,103631.49,332091
YJBK,유진문고,452,40508.83,149845
YWEL,영욱전자,452,88106.18,168341
HDMT,현도자동차,453,179370.74,218482
HLPM,혜린제약,453,90591.36,495327
HRBI,현려바이오,453,155940.02,349848
JCSC,지찬반도체,453,193271.55,429070
JHFD,주현식품,453,71034.5,144848
MHCH,문호화학,453,132048.05,250600
SHEN,수하에너지,453,171310.45,236126
SYTR,성윤물산,453,73114.35,249601
THCT,태호건설,453,95116.28,178004
THTC,태환통신,453,104757.49,281162
YJBK,유진문고,453,39374.99,189905
YWEL,영욱전자,453,85064.47,172346
HDMT,현도자동차,454,175278.5,203034
HLPM,혜린제약,454,92612.97,422593
HRBI,현려바이오,454,153504.0,337933
JCSC,지찬반도체,454,196669.92,306838
JHFD,주현식품,454,70461.38,183861
MHCH,문호화학,454,132049.7,166534
SHEN,수하에너지,454,172037.78,190845
SYTR,성윤물산,454,74063.77,311909
THCT,태호건설,454,94724.14,156137
THTC,태환통신,454,105644.15,209876
YJBK,유진문고,454,38206.24,145804
YWEL,영욱전자,454,82043.25,138640
HDMT,현도자동차,455,170933.34,137324
HLPM,혜린제약,455,94511.66,477031
HRBI,현려바이오,455,150760.07,292975
JCSC,지찬반도체,455,199716.67,354881
JHFD,주현식품,455,69721.61,182913
MHCH,문호화학,455,131701.85,180769
SHEN,수하에너지,455,172305.27,255863
SYTR,성윤물산,455,74846.38,273375
THCT,태호건설,455,94086.21,180390
THTC,태환통신,455,106300.78,251978
YJBK,유진문고,455,37018.78,151312
YWEL,영욱전자,455,79025.55,151399
HDMT,현도자동차,456,166342.1,215990
HLPM,혜린제약,456,96225.22,391059
HRBI,현려바이오,456,147746.02,376974
JCSC,지찬반도체,456,202323.8,402977
JHFD,주현식품,456,68827.42,221308
MHCH,문호화학,456,131035.87,245427
SHEN,수하에너지,456,172178.02,223939
SYTR,성윤물산,456,75463.42,235546
THCT,태호건설,456,93245.78,166759
THTC,태환통신,456,106673.16,196858
YJBK,유진문고,456,35803.6,139604
YWEL,영욱전자,456,76061.27,147634
HDMT,현도자동차,457,161595.9,214525
HLPM,혜린제약,457,97733.85,357943
HRBI,현려바이오,457,144469.21,338984
JCSC,지찬반도체,457,204470.63,262336
JHFD,주현식품,457,67778.19,213405
MHCH,문호화학,457,130048.75,234795
SHEN,수하에너지,457,171639.89,250695
SYTR,성윤물산,457,75884.45,304028
THCT,태호건설,457,92191.35,219464
THTC,태환통신,457,106803.39,234558
YJBK,유진문고,457,34580.72,129172
YWEL,영욱전자,457,73134.08,112883
HDMT,현도자동차,458,156701.85,173460
HLPM,혜린제약,458,99071.81,305199
HRBI,현려바이오,458,140951.39,317255
JCSC,지찬반도체,458,206133.5,316550
JHFD,주현식품,458,66590.53,199965
MHCH,문호화학,458,128758.51,218825
SHEN,수하에너지,458,170657.12,232835
SYTR,성윤물산,458,76133.82,353746
THCT,태호건설,458,90918.94,182632
THTC,태환통신,458,106650.67,217699
YJBK,유진문고,458,33359.24,171469
YWEL,영욱전자,458,70278.64,142879
HDMT,현도자동차,459,151691.78,209101
HLPM,혜린제약,459,100187.31,273762
HRBI,현려바이오,459,137242.75,284960
JCSC,지찬반도체,459,207292.7,354936
JHFD,주현식품,459,65279.4,232691
MHCH,문호화학,459,127178.3,255898
SHEN,수하에너지,459,169234.05,186237
SYTR,성윤물산,459,76190.15,236351
THCT,태호건설,459,89466.69,207856
THTC,태환통신,459,106227.01,201221
YJBK,유진문고,459,32141.91,163625
YWEL,영욱전자,459,67498.15,167451
HDMT,현도자동차,460,146637.04,151791
HLPM,혜린제약,460,101074.64,287266
HRBI,현려바이오,460,133398.56,422566
JCSC,지찬반도체,460,207984.13,336953
JHFD,주현식품,460,63862.07,234081
MHCH,문호화학,460,125298.04,281206
SHEN,수하에너지,460,167436.31,195547
SYTR,성윤물산,460,76047.17,216825
THCT,태호건설,460,87804.34,237348
THTC,태환통신,460,105540.97,287191
YJBK,유진문고,460,30936.81,194000
YWEL,영욱전자,460,64813.75,111116
HDMT,현도자동차,461,141552.46,164148
HLPM,혜린제약,461,101708.63,349084
HRBI,현려바이오,461,129429.5,433026
JCSC,지찬반도체,461,208133.3,309982
JHFD,주현식품,461,62337.61,197260
MHCH,문호화학,461,123190.75,293066
SHEN,수하에너지,461,165256.63,247095
SYTR,성윤물산,461,75704.06,339729
THCT,태호건설,461,85987.08,235172
THTC,태환통신,461,104598.35,241041
YJBK,유진문고,461,29756.51,152165
YWEL,영욱전자,461,62226.29,165486
HDMT,현도자동차,462,136494.2,226357
HLPM,혜린제약,462,102100.85,293280
HRBI,현려바이오,462,125376.55,280934
JCSC,지찬반도체,462,207735.92,323704
JHFD,주현식품,462,60726.28,188020
MHCH,문호화학,462,120818.82,277204
SHEN,수하에너지,462,162703.97,264166
SYTR,성윤물산,462,75170.14,315154
THCT,태호건설,462,84040.6,219929
THTC,태환통신,462,103415.22,296469
YJBK,유진문고,462,28598.4,173002
YWEL,영욱전자,462,59725.73,157854
HDMT,현도자동차,463,131448.28,240494
HLPM,혜린제약,463,102201.38,310817
HRBI,현려바이오,463,121235.7,284663
JCSC,지찬반도체,463,206832.44,278816
JHFD,주현식품,463,59031.91,161723
MHCH,문호화학,463,118237.62,229601
SHEN,수하에너지,463,159822.41,267048
SYTR,성윤물산,463,74479.83,297543
THCT,태호건설,463,81956.25,235571
THTC,태환통신,463,101990.16,285039
YJBK,유진문고,463,27475.09,202432
YWEL,영욱전자,463,57336.31,178742
HDMT,현도자동차,464,126448.3,169024
HLPM,혜린제약,464,102062.72,401563
HRBI,현려바이오,464,117078.78,354584
JCSC,지찬반도체,464,205369.17,291909
JHFD,주현식품,464,57293.32,198717
MHCH,문호화학,464,115484.71,309023
SHEN,수하에너지,464,156639.44,330379
SYTR,성윤물산,464,73608.06,282434
THCT,태호건설,464,79769.02,180800
THTC,태환통신,464,100362.64,264814
YJBK,유진문고,464,26388.96,148066
YWEL,영욱전자,464,55074.68,147307
HDMT,현도자동차,465,121581.76,157841
HLPM,혜린제약,465,101673.36,269004
HRBI,현려바이오,465,112897.57,460876
JCSC,지찬반도체,465,203439.65,374677
JHFD,주현식품,465,55516.72,252291
MHCH,문호화학,465,112537.67,308753
SHEN,수하에너지,465,153194.56,287784
SYTR,성윤물산,465,72570.42,329418
THCT,태호건설,465,77498.41,291834
THTC,태환통신,465,98525.58,229323
YJBK,유진문고,465,25337.73,191640
YWEL,영욱전자,465,52928.69,112304
HDMT,현도자동차,466,116838.16,233023
HLPM,혜린제약,466,101049.21,342168
HRBI,현려바이오,466,108756.9,437688
JCSC,지찬반도체,466,201039.9,352591
JHFD,주현식품,466,53706.11,206597
MHCH,문호화학,466,109462.22,235183
SHEN,수하에너지,466,149498.63,225847
SYTR,성윤물산,466,71372.47,297313
THCT,태호건설,466,75161.3,267857
THTC,태환통신,466,96503.08,347917
YJBK,유진문고,466,24325.49,141076
YWEL,영욱전자,466,50887.66,116185
HDMT,현도자동차,467,112196.0,197434
HLPM,혜린제약,467,100174.16,395178
HRBI,현려바이오,467,104675.34,349476
JCSC,지찬반도체,467,198184.15,420992
JHFD,주현식품,467,51868.06,194770
MHCH,문호화학,467,106267.64,256200
SHEN,수하에너지,467,145625.89,273103
SYTR,성윤물산,467,70045.16,267210
THCT,태호건설,467,72787.82,211833
THTC,태환통신,467,94311.9,264576
YJBK,유진문고,467,23355.84,155726
YWEL,영욱전자,467,48977.95,129693
HDMT,현도자동차,468,107749.19,225293
HLPM,혜린제약,468,99054.83,390102
HRBI,현려바이오,468,100649.95,403761
JCSC,지찬반도체,468,194911.29,294869
JHFD,주현식품,468,50042.66,209352
MHCH,문호화학,468,103003.82,278306
SHEN,수하에너지,468,141539.37,343678
SYTR,성윤물산,468,68583.43,308513
THCT,태호건설,468,70384.05,285354
THTC,태환통신,468,91990.18,350591
YJBK,유진문고,468,22429.53,165032
YWEL,영욱전자,468,47179.99,129246
HDMT,현도자동차,469,103437.29,157113
HLPM,혜린제약,469,97723.76,280082
HRBI,현려바이오,469,96727.39,468836
JCSC,지찬반도체,469,191294.35,329217
JHFD,주현식품,469,48228.74,233935
MHCH,문호화학,469,99694.25,240824
SHEN,수하에너지,469,137329.79,245381
SYTR,성윤물산,469,67008.95,444109
THCT,태호건설,469,67959.03,242160
THTC,태환통신,469,89549.4,272447
YJBK,유진문고,469,21552.01,201801
YWEL,영욱전자,469,45497.39,125056
HDMT,현도자동차,470,99299.24,176945
HLPM,혜린제약,470,96182.17,342039
HRBI,현려바이오,470,92926.3,314612
JCSC,지찬반도체,470,187317.88,409924
JHFD,주현식품,470,46429.54,284831
MHCH,문호화학,470,96327.68,321202
SHEN,수하에너지,470,133038.45,256001
SYTR,성윤물산,470,65324.86,451971
THCT,태호건설,470,65525.43,201874
THTC,태환통신,470,87005.52,320642
YJBK,유진문고,470,20717.73,132241
YWEL,영욱전자,470,43931.01,108944
HDMT,현도자동차,471,95355.71,165321
HLPM,혜린제약,471,94423.84,313928
HRBI,현려바이오,471,89249.85,417607
JCSC,지찬반도체,471,183022.55,353384
JHFD,주현식품,471,44657.52,175585
MHCH,문호화학,471,92958.59,249380
SHEN,수하에너지,471,128676.28,370794
SYTR,성윤물산,471,63567.24,293256
THCT,태호건설,471,63127.85,237608
THTC,태환통신,471,84357.2,311137
YJBK,유진문고,471,19933.67,178746
YWEL,영욱전자,471,42483.87,163364
HDMT,현도자동차,472,91598.21,201667
HLPM,혜린제약,472,92494.9,469690
HRBI,현려바이오,472,85676.93,424945
JCSC,지찬반도체,472,178448.99,405843
JHFD,주현식품,472,42923.89,292742
MHCH,문호화학,472,89593.41,279587
SHEN,수하에너지,472,124292.87,340789
SYTR,성윤물산,472,61739.75,424548
THCT,태호건설,472,60741.07,230243
THTC,태환통신,472,81687.45,248943
YJBK,유진문고,472,19195.99,165690
YWEL,영욱전자,472,41141.16,161662
HDMT,현도자동차,473,88040.81,161947
HLPM,혜린제약,473,90427.27,444941
HRBI,현려바이오,473,82260.21,386410
JCSC,지찬반도체,473,173610.55,354539
JHFD,주현식품,473,41231.18,191061
MHCH,문호화학,473,86273.0,254959
SHEN,수하에너지,473,119897.03,236773
SYTR,성윤물산,473,59861.21,373554
THCT,태호건설,473,58402.2,265861
THTC,태환통신,473,78974.55,328352
YJBK,유진문고,473,18506.83,192119
YWEL,영욱전자,473,39902.71,102679
HDMT,현도자동차,474,84675.0,155337
HLPM,혜린제약,474,88204.8,420426
HRBI,현려바이오,474,78992.3,343437
JCSC,지찬반도체,474,168622.04,326035
JHFD,주현식품,474,39593.07,186222
MHCH,문호화학,474,83000.36,340580
SHEN,수하에너지,474,115531.2,284079
SYTR,성윤물산,474,57945.62,443990
THCT,태호건설,474,56120.72,287554
THTC,태환통신,474,76254.05,283574
YJBK,유진문고,474,17862.33,141397
YWEL,영욱전자,474,38773.57,161494
HDMT,현도자동차,475,81506.71,190273
HLPM,혜린제약,475,85862.03,422221
HRBI,현려바이오,475,75861.54,340843
JCSC,지찬반도체,475,163483.56,478940
JHFD,주현식품,475,38012.2,282990
MHCH,문호화학,475,79798.9,273019
SHEN,수하에너지,475,111221.38,395762
SYTR,성윤물산,475,56010.62,392600
THCT,태호건설,475,53903.52,271389
THTC,태환통신,475,73529.08,266404
YJBK,유진문고,475,17267.16,179875
YWEL,영욱전자,475,37755.06,108278
HDMT,현도자동차,476,78522.68,240718
HLPM,혜린제약,476,83431.39,344160
HRBI,현려바이오,476,72899.38,448028
JCSC,지찬반도체,476,158251.0,346804
JHFD,주현식품,476,36495.23,266854
MHCH,문호화학,476,76680.32,266137
SHEN,수하에너지,476,106948.36,389907
SYTR,성윤물산,476,54057.12,439185
THCT,태호건설,476,51774.85,249272
THTC,태환통신,476,70822.73,413301
YJBK,유진문고,476,16714.48,189971
YWEL,영욱전자,476,36825.26,116709
HDMT,현도자동차,477,75727.2,169694
HLPM,혜린제약,477,80935.8,448080
HRBI,현려바이오,477,70091.17,316282
JCSC,지찬반도체,477,152963.63,492629
JHFD,주현식품,477,35044.21,207016
MHCH,문호화학,477,73633.74,340739
SHEN,수하에너지,477,102785.45,374020
SYTR,성윤물산,477,52115.9,394528
THCT,태호건설,477,49712.09,328836
THTC,태환통신,477,68152.27,292653
YJBK,유진문고,477,16208.4,183722
YWEL,영욱전자,477,35996.37,156254
HDMT,현도자동차,478,73131.41,189600
HLPM,혜린제약,478,78383.02,511594
HRBI,현려바이오,478,67438.87,410568
JCSC,지찬반도체,478,147663.9,397513
JHFD,주현식품,478,33654.17,289863
MHCH,문호화학,478,70709.65,247587
SHEN,수하에너지,478,98751.19,342133
SYTR,성윤물산,478,50184.86,376689
THCT,태호건설,478,47729.11,281347
THTC,태환통신,478,65526.21,403145
YJBK,유진문고,478,15745.52,124074
YWEL,영욱전자,478,35259.81,155277
HDMT,현도자동차,479,70737.69,179318
HLPM,혜린제약,479,75783.15,548853
HRBI,현려바이오,479,64956.74,379214
JCSC,지찬반도체,479,142362.11,350378
JHFD,주현식품,479,32341.8,189329
MHCH,문호화학,479,67897.73,342232
SHEN,수하에너지,479,94807.38,393665
SYTR,성윤물산,479,48279.97,332982
THCT,태호건설,479,45830.44,325920
THTC,태환통신,479,62963.17,366911
YJBK,유진문고,479,15321.87,177810
YWEL,영욱전자,479,34619.82,117465
HDMT,현도자동차,480,68506.16,145398
HLPM,혜린제약,480,73172.33,517609
HRBI,현려바이오,480,62613.54,312279
JCSC,지찬반도체,480,137097.08,432748
JHFD,주현식품,480,31093.72,268282
MHCH,문호화학,480,65186.02,283804
SHEN,수하에너지,480,91035.16,264788
SYTR,성윤물산,480,46422.05,435885
THCT,태호건설,480,44019.75,296112
THTC,태환통신,480,60475.76,431630
YJBK,유진문고,480,14939.02,156778
YWEL,영욱전자,480,34073.61,125998
HDMT,현도자동차,481,66478.21,183069
HLPM,혜린제약,481,70564.69,377746
HRBI,현려바이오,481,60453.28,339424
JCSC,지찬반도체,481,131881.66,436274
JHFD,주현식품,481,29910.45,243344
MHCH,문호화학,481,62602.45,311638
SHEN,수하에너지,481,87389.5,291481
SYTR,성윤물산,481,44606.03,404842
THCT,태호건설,481,42308.5,312078
THTC,태환통신,481,58061.03,283540
YJBK,유진문고,481,14595.55,124477
YWEL,영욱전자,481,33609.66,110782
HDMT,현도자동차,482,64619.63,151170
HLPM,혜린제약,482,67972.92,515950
HRBI,현려바이오,482,58446.23,389275
JCSC,지찬반도체,482,126797.0,518393
JHFD,주현식품,482,28808.65,177117
MHCH,문호화학,482,60131.75,313744
SHEN,수하에너지,482,83908.1,287387
SYTR,성윤물산,482,42837.9,461730
THCT,태호건설,482,40687.42,199273
THTC,태환통신,482,55736.0,292793
YJBK,유진문고,482,14292.14,157894
YWEL,영욱전자,482,33229.29,125280
HDMT,현도자동차,483,62939.34,185744
HLPM,혜린제약,483,65421.39,399963
HRBI,현려바이오,483,56599.9,314691
JCSC,지찬반도체,483,121818.2,485190
JHFD,주현식품,483,27775.15,265744
MHCH,문호화학,483,57803.69,337494
SHEN,수하에너지,483,80588.38,333316
SYTR,성윤물산,483,41133.18,333488
THCT,태호건설,483,39164.46,257742
THTC,태환통신,483,53519.14,282303
YJBK,유진문고,483,14027.6,155337
YWEL,영욱전자,483,32937.23,89797
HDMT,현도자동차,484,61423.68,192498
HLPM,혜린제약,484,62923.22,476632
HRBI,현려바이오,484,54900.55,332586
JCSC,지찬반도체,484,117010.72,489607
JHFD,주현식품,484,26806.77,270115
MHCH,문호화학,484,55612.86,349831
SHEN,수하에너지,484,77425.55,315355
SYTR,성윤물산,484,39489.08,504361
THCT,태호건설,484,37738.14,253975
THTC,태환통신,484,51393.68,391960
YJBK,유진문고,484,13796.02,128052
YWEL,영욱전자,484,32725.13,105642
HDMT,현도자동차,485,60070.77,175816
HLPM,혜린제약,485,60473.73,379692
HRBI,현려바이오,485,53337.99,373428
JCSC,지찬반도체,485,112337.33,439539
JHFD,주현식품,485,25909.03,201935
MHCH,문호화학,485,53539.92,312319
SHEN,수하에너지,485,74430.39,292008
SYTR,성윤물산,485,37906.79,312653
THCT,태호건설,485,36399.55,304054
THTC,태환통신,485,49369.48,389617
YJBK,유진문고,485,13601.05,153016
YWEL,영욱전자,485,32599.72,95652
HDMT,현도자동차,486,58870.28,131800
HLPM,혜린제약,486,58091.58,510376
HRBI,현려바이오,486,51922.37,361083
JCSC,지찬반도체,486,107837.26,448602
JHFD,주현식품,486,25078.76,225045
MHCH,문호화학,486,51595.63,217630
SHEN,수하에너지,486,71621.23,279582
SYTR,성윤물산,486,36403.28,455898
THCT,태호건설,486,35146.35,252760
THTC,태환통신,486,47446.89,400188
YJBK,유진문고,486,13440.54,107587
YWEL,영욱전자,486,32549.6,101483
HDMT,현도자동차,487,57816.93,189849
HLPM,혜린제약,487,55780.66,540338
HRBI,현려바이오,487,50642.56,297135
JCSC,지찬반도체,487,103530.63,400086
JHFD,주현식품,487,24310.37,217787
MHCH,문호화학,487,49778.64,320252
SHEN,수하에너지,487,68976.25,315889
SYTR,성윤물산,487,34971.27,442561
THCT,태호건설,487,33993.82,305093
THTC,태환통신,487,45622.47,367855
YJBK,유진문고,487,13315.16,107135
YWEL,영욱전자,487,32589.73,94028
HDMT,현도자동차,488,56928.17,187661
HLPM,혜린제약,488,53551.49,427393
HRBI,현려바이오,488,49502.68,271294
JCSC,지찬반도체,488,99407.15,427799
JHFD,주현식품,488,23605.47,164712
MHCH,문호화학,488,48090.48,319929
SHEN,수하에너지,488,66494.61,352217
SYTR,성윤물산,488,33609.54,333921
THCT,태호건설,488,32927.07,212699
THTC,태환통신,488,43907.66,334942
YJBK,유진문고,488,13227.25,111383
YWEL,영욱전자,488,32710.0,96610
HDMT,현도자동차,489,56176.19,197801
HLPM,혜린제약,489,51411.37,547045
HRBI,현려바이오,489,48475.23,256723
JCSC,지찬반도체,489,95495.79,375612
JHFD,주현식품,489,22968.07,191632
MHCH,문호화학,489,46530.56,220498
SHEN,수하에너지,489,64184.78,305977
SYTR,성윤물산,489,32326.08,501445
THCT,태호건설,489,31945.02,262544
THTC,태환통신,489,42300.17,379091
YJBK,유진문고,489,13169.45,105908
YWEL,영욱전자,489,32911.15,92995
HDMT,현도자동차,490,55569.48,141902
HLPM,혜린제약,490,49363.48,482193
HRBI,현려바이오,490,47584.78,294931
JCSC,지찬반도체,490,91771.73,495743
JHFD,주현식품,490,22390.42,239936
MHCH,문호화학,490,45096.35,238750
SHEN,수하에너지,490,62026.78,239085
SYTR,성윤물산,490,31117.25,391644
THCT,태호건설,490,31048.12,247875
THTC,태환통신,490,40797.0,295026
YJBK,유진문고,490,13143.95,98912
YWEL,영욱전자,490,33196.39,106106
HDMT,현도자동차,491,55104.8,153063
HLPM,혜린제약,491,47420.15,579734
HRBI,현려바이오,491,46819.5,314986
JCSC,지찬반도체,491,88253.29,463192
JHFD,주현식품,491,21873.03,180141
MHCH,문호화학,491,43775.7,221843
SHEN,수하에너지,491,60045.65,277402
SYTR,성윤물산,491,29987.85,326161
THCT,태호건설,491,30231.95,180375
THTC,태환통신,491,39386.85,318489
YJBK,유진문고,491,13152.57,117341
YWEL,영욱전자,491,33567.25,123766
HDMT,현도자동차,492,54786.46,147709
HLPM,혜린제약,492,45571.9,530477
HRBI,현려바이오,492,46172.76,310466
JCSC,지찬반도체,492,84952.41,344538
JHFD,주현식품,492,21414.84,209093
MHCH,문호화학,492,42576.97,298128
SHEN,수하에너지,492,58220.37,299300
SYTR,성윤물산,492,28927.3,304698
THCT,태호건설,492,29499.08,254096
THTC,태환통신,492,38088.07,384539
YJBK,유진문고,492,13193.26,144958
YWEL,영욱전자,492,34016.22,133397
HDMT,현도자동차,493,54600.41,116701
HLPM,혜린제약,493,43822.61,528982
HRBI,현려바이오,493,45650.21,257155
JCSC,지찬반도체,493,81859.45,402744
JHFD,주현식품,493,21015.01,199274
MHCH,문호화학,493,41489.89,305320
SHEN,수하에너지,493,56549.69,238194
SYTR,성윤물산,493,27938.83,466456
THCT,태호건설,493,28842.32,279115
THTC,태환통신,493,36886.82,382474
YJBK,유진문고,493,13267.37,116247
YWEL,영욱전자,493,34546.13,97275
HDMT,현도자동차,494,54545.89,152349
HLPM,혜린제약,494,42172.52,404641
HRBI,현려바이오,494,45240.62,240675
JCSC,지찬반도체,494,78954.43,524144
JHFD,주현식품,494,20664.94,208413
MHCH,문호화학,494,40517.76,246900
SHEN,수하에너지,494,55040.05,339679
SYTR,성윤물산,494,27023.43,449457
THCT,태호건설,494,28261.39,212844
THTC,태환통신,494,35784.19,318083
YJBK,유진문고,494,13376.43,142269
YWEL,영욱전자,494,35170.97,130924
HDMT,현도자동차,495,54637.06,116403
HLPM,혜린제약,495,40632.35,477569
HRBI,현려바이오,495,44941.23,217998
JCSC,지찬반도체,495,76258.78,436647
JHFD,주현식품,495,20369.87,213419
MHCH,문호화학,495,39639.99,277751
SHEN,수하에너지,495,53665.32,331136
SYTR,성윤물산,495,26181.08,368041
THCT,태호건설,495,27756.15,266972
THTC,태환통신,495,34775.05,263460
YJBK,유진문고,495,13517.92,165485
YWEL,영욱전자,495,35887.98,150271
HDMT,현도자동차,496,54867.17,127474
HLPM,혜린제약,496,39186.67,493931
HRBI,현려바이오,496,44753.97,284507
JCSC,지찬반도체,496,73757.67,403432
JHFD,주현식품,496,20130.25,160525
MHCH,문호화학,496,38875.68,279866
SHEN,수하에너지,496,52436.61,239918
SYTR,성윤물산,496,25401.85,334777
THCT,태호건설,496,27323.15,187525
THTC,태환통신,496,33854.14,244304
YJBK,유진문고,496,13691.32,116589
YWEL,영욱전자,496,36695.92,152905
HDMT,현도자동차,497,55230.23,145297
HLPM,혜린제약,497,37844.03,447986
HRBI,현려바이오,497,44679.56,327878
JCSC,지찬반도체,497,71461.93,484526
JHFD,주현식품,497,19937.5,166632
MHCH,문호화학,497,38213.75,300507
SHEN,수하에너지,497,51344.19,248150
SYTR,성윤물산,497,24692.97,432010
THCT,태호건설,497,26957.87,223235
THTC,태환통신,497,33028.58,252344
YJBK,유진문고,497,13902.44,113618
YWEL,영욱전자,497,37595.07,138123
HDMT,현도자동차,498,55739.24,138395
HLPM,혜린제약,498,36588.13,531768
HRBI,현려바이오,498,44719.2,217812
JCSC,지찬반도체,498,69358.94,507401
JHFD,주현식품,498,19796.16,207797
MHCH,문호화학,498,37647.75,201104
SHEN,수하에너지,498,50396.4,240153
SYTR,성윤물산,498,24051.19,433528
THCT,태호건설,498,26663.18,235400
THTC,태환통신,498,32291.69,319302
YJBK,유진문고,498,14146.32,165928
YWEL,영욱전자,498,38594.44,147613
HDMT,현도자동차,499,56388.17,180604
HLPM,혜린제약,499,35430.13,447363
HRBI,현려바이오,499,44870.93,334888
JCSC,지찬반도체,499,67432.37,391193
JHFD,주현식품,499,19708.66,207921
MHCH,문호화학,499,37181.5,220037
SHEN,수하에너지,499,49574.87,249142
SYTR,성윤물산,499,23475.94,398175
THCT,태호건설,499,26442.47,193961
THTC,태환통신,499,31641.31,282506
YJBK,유진문고,499,14428.9,113717
YWEL,영욱전자,499,39685.32,128119
HDMT,현도자동차,500,57172.04,193980
HLPM,혜린제약,500,34376.99,408987
HRBI,현려바이오,500,45143.95,292546
JCSC,지찬반도체,500,65690.05,417910
JHFD,주현식품,500,19667.26,132623
MHCH,문호화학,500,36807.16,176242
SHEN,수하에너지,500,48879.32,193602
SYTR,성윤물산,500,22962.59,309422
THCT,태호건설,500,26286.17,186469
THTC,태환통신,500,31068.99,263175
YJBK,유진문고,500,14747.56,140762
YWEL,영욱전자,500,40882.37,159620
HDMT,현도자동차,501,58108.37,172623
HLPM,혜린제약,501,33403.44,428742
HRBI,현려바이오,501,45528.96,247832
JCSC,지찬반도체,501,64098.35,450376
JHFD,주현식품,501,19677.33,182630
MHCH,문호화학,501,36528.61,217913
SHEN,수하에너지,501,48317.46,275750
SYTR,성윤물산,501,22511.51,370082
THCT,태호건설,501,26190.54,145038
THTC,태환통신,501,30576.92,229469
YJBK,유진문고,501,15100.92,127000
YWEL,영욱전자,501,42172.69,172044
HDMT,현도자동차,502,59187.22,151050
HLPM,혜린제약,502,32523.42,455937
HRBI,현려바이오,502,46027.07,318389
JCSC,지찬반도체,502,62691.51,394943
JHFD,주현식품,502,19740.27,141814
MHCH,문호화학,502,36339.86,261604
SHEN,수하에너지,502,47870.35,263722
SYTR,성윤물산,502,22115.75,359644
THCT,태호건설,502,26156.09,210733
THTC,태환통신,502,30165.27,245652
YJBK,유진문고,502,15496.46,161404
YWEL,영욱전자,502,43565.79,155634
HDMT,현도자동차,503,60416.3,158629
HLPM,혜린제약,503,31719.42,375289
HRBI,현려바이오,503,46637.85,324679
JCSC,지찬반도체,503,61449.17,442602
JHFD,주현식품,503,19846.34,155934
MHCH,문호화학,503,36251.39,199250
SHEN,수하에너지,503,47545.81,227793
SYTR,성윤물산,503,21777.08,377253
THCT,태호건설,503,26196.67,138949
THTC,태환통신,503,29832.39,332772
YJBK,유진문고,503,15927.23,174553
YWEL,영욱전자,503,45065.18,119577
HDMT,현도자동차,504,61798.98,146823
HLPM,혜린제약,504,31007.43,495827
HRBI,현려바이오,504,47368.43,322010
JCSC,지찬반도체,504,60362.29,427576
JHFD,주현식품,504,20002.19,215526
MHCH,문호화학,504,36248.65,151908
SHEN,수하에너지,504,47337.84,220289
SYTR,성윤물산,504,21493.99,312921
THCT,태호건설,504,26303.22,144729
THTC,태환통신,504,29574.65,317609
YJBK,유진문고,504,16400.22,180829
YWEL,영욱전자,504,46671.5,138423
HDMT,현도자동차,505,63336.31,218032
HLPM,혜린제약,505,30374.88,350701
HRBI,현려바이오,505,48210.79,327816
JCSC,지찬반도체,505,59427.3,366762
JHFD,주현식품,505,20211.85,135267
MHCH,문호화학,505,36340.97,157918
SHEN,수하에너지,505,47259.39,246959
SYTR,성윤물산,505,21265.73,298584
THCT,태호건설,505,26475.23,199455
THTC,태환통신,505,29400.4,247695
YJBK,유진문고,505,16911.47,180637
YWEL,영욱전자,505,48382.32,120695
HDMT,현도자동차,506,65033.34,220311
HLPM,혜린제약,506,29822.12,448874
HRBI,현려바이오,506,49182.7,280378
JCSC,지찬반도체,506,58661.83,394114
JHFD,주현식품,506,20470.6,171935
MHCH,문호화학,506,36521.17,235329
SHEN,수하에너지,506,47300.53,231927
SYTR,성윤물산,506,21091.27,347231
THCT,태호건설,506,26710.12,164853
THTC,태환통신,506,29292.35,303648
YJBK,유진문고,506,17462.27,170350
YWEL,영욱전자,506,50207.35,143298
HDMT,현도자동차,507,66893.72,199609
HLPM,혜린제약,507,29350.28,406055
HRBI,현려바이오,507,50271.41,346480
JCSC,지찬반도체,507,58040.5,337092
JHFD,주현식품,507,20783.16,219819
MHCH,문호화학,507,36791.16,224425
SHEN,수하에너지,507,47453.35,195875
SYTR,성윤물산,507,20970.53,276145
THCT,태호건설,507,27008.98,163641
THTC,태환통신,507,29263.88,219049
YJBK,유진문고,507,18057.17,202190
YWEL,영욱전자,507,52140.61,154565
HDMT,현도자동차,508,68916.0,169013
HLPM,혜린제약,508,28955.02,446600
HRBI,현려바이오,508,51491.79,367284
JCSC,지찬반도체,508,57567.18,392941
JHFD,주현식품,508,21141.84,195217
MHCH,문호화학,508,37151.07,246117
SHEN,수하에너지,508,47725.47,261490
SYTR,성윤물산,508,20900.91,255229
THCT,태호건설,508,27380.59,160856
THTC,태환통신,508,29305.96,292696
YJBK,유진문고,508,18697.7,184565
YWEL,영욱전자,508,54173.52,130718
HDMT,현도자동차,509,71112.42,208763
HLPM,혜린제약,509,28639.03,281040
HRBI,현려바이오,509,52843.24,279808
JCSC,지찬반도체,509,57241.3,307297
JHFD,주현식품,509,21558.51,213194
MHCH,문호화학,509,37606.1,244678
SHEN,수하에너지,509,48114.99,210562
SYTR,성윤물산,509,20883.04,269501
THCT,태호건설,509,27824.31,250331
THTC,태환통신,509,29429.4,224113
YJBK,유진문고,509,19376.95,157491
YWEL,영욱전자,509,56315.47,141368
HDMT,현도자동차,510,73495.38,235139
HLPM,혜린제약,510,28390.49,273581
HRBI,현려바이오,510,54338.94,383490
JCSC,지찬반도체,510,57051.05,278032
JHFD,주현식품,510,22028.28,251078
MHCH,문호화학,510,38157.0,284189
SHEN,수하에너지,510,48624.17,257181
SYTR,성윤물산,510,20920.39,262899
THCT,태호건설,510,28332.75,253714
THTC,태환통신,510,29629.68,318248
YJBK,유진문고,510,20101.76,154056
YWEL,영욱전자,510,58552.56,182214
HDMT,현도자동차,511,76039.91,227352
HLPM,혜린제약,511,28210.09,308715
HRBI,현려바이오,511,55962.47,306202
JCSC,지찬반도체,511,57008.47,370548
JHFD,주현식품,511,22560.66,183074
MHCH,문호화학,511,38813.23,274906
SHEN,수하에너지,511,49265.59,220461
SYTR,성윤물산,511,21011.13,277137
THCT,태호건설,511,28914.6,206863
THTC,태환통신,511,29889.84,223549
YJBK,유진문고,511,20869.2,210474
YWEL,영욱전자,511,60891.82,147831
HDMT,현도자동차,512,78772.13,211914
HLPM,혜린제약,512,28101.93,370768
HRBI,현려바이오,512,57708.81,287031
JCSC,지찬반도체,512,57122.92,234816
JHFD,주현식품,512,23143.92,257540
MHCH,문호화학,512,39556.56,202078
SHEN,수하에너지,512,50027.57,309108
SYTR,성윤물산,512,21149.23,244880
THCT,태호건설,512,29569.01,219722
THTC,태환통신,512,30228.07,253021
YJBK,유진문고,512,21681.1,166263
YWEL,영욱전자,512,63333.08,174849
HDMT,현도자동차,513,81680.51,154247
HLPM,혜린제약,513,28068.31,293383
HRBI,현려바이오,513,59603.3,302996
JCSC,지찬반도체,513,57375.04,367844
JHFD,주현식품,513,23789.79,163107
MHCH,문호화학,513,40404.27,245170
SHEN,수하에너지,513,50910.53,314263
SYTR,성윤물산,513,21347.61,368342
THCT,태호건설,513,30303.18,202009
THTC,태환통신,513,30642.83,228370
YJBK,유진문고,513,22533.99,214446
YWEL,영욱전자,513,65858.01,176488
HDMT,현도자동차,514,84757.73,181650
HLPM,혜린제약,514,28101.22,265611
HRBI,현려바이오,514,61650.43,352488
JCSC,지찬반도체,514,57762.3,291257
JHFD,주현식품,514,24495.47,247336
MHCH,문호화학,514,41350.47,230638
SHEN,수하에너지,514,51928.98,252359
SYTR,성윤물산,514,21599.07,325931
THCT,태호건설,514,31104.25,247251
THTC,태환통신,514,31139.79,349284
YJBK,유진문고,514,23428.51,171942
YWEL,영욱전자,514,68464.21,180660
HDMT,현도자동차,515,88023.03,220763
HLPM,혜린제약,515,28210.36,266645
HRBI,현려바이오,515,63838.83,439002
JCSC,지찬반도체,515,58308.38,343455
JHFD,주현식품,515,25257.76,223786
MHCH,문호화학,515,42405.66,277529
SHEN,수하에너지,515,53078.29,218738
SYTR,성윤물산,515,21906.42,307360
THCT,태호건설,515,31991.05,214531
THTC,태환통신,515,31709.39,248967
YJBK,유진문고,515,24362.56,161380
YWEL,영욱전자,515,71123.41,142541
HDMT,현도자동차,516,91470.1,169793
HLPM,혜린제약,516,28388.62,378283
HRBI,현려바이오,516,66179.44,323053
JCSC,지찬반도체,516,58997.63,410384
JHFD,주현식품,516,26083.94,259326
MHCH,문호화학,516,43569.56,318131
SHEN,수하에너지,516,54362.91,219676
SYTR,성윤물산,516,22265.15,355046
THCT,태호건설,516,32958.88,227879
THTC,태환통신,516,32362.2,355861
YJBK,유진문고,516,25338.94,149043
YWEL,영욱전자,516,73856.48,148632
HDMT,현도자동차,517,95097.6,257655
HLPM,혜린제약,517,28636.25,350044
HRBI,현려바이오,517,68658.48,286350
JCSC,지찬반도체,517,59829.28,428452
JHFD,주현식품,517,26972.55,240125
MHCH,문호화학,517,44834.26,213545
SHEN,수하에너지,517,55773.06,359631
SYTR,성윤물산,517,22683.03,402857
THCT,태호건설,517,34003.35,278043
THTC,태환통신,517,33091.94,352831
YJBK,유진문고,517,26348.5,201949
YWEL,영욱전자,517,76648.07,172449
HDMT,현도자동차,518,98887.53,197879
HLPM,혜린제약,518,28952.63,437672
HRBI,현려바이오,518,71287.47,345108
JCSC,지찬반도체,518,60816.25,440849
JHFD,주현식품,518,27926.89,261457
MHCH,문호화학,518,46217.11,238858
SHEN,수하에너지,518,57324.71,342889
SYTR,성윤물산,518,23157.71,363720
THCT,태호건설,518,35133.05,288353
THTC,태환통신,518,33905.46,250092
YJBK,유진문고,518,27395.75,168121
YWEL,영욱전자,518,79472.96,176724
HDMT,현도자동차,519,102851.48,164633
HLPM,혜린제약,519,29344.13,308640
HRBI,현려바이오,519,74066.43,320820
JCSC,지찬반도체,519,61942.65,339748
JHFD,주현식품,519,28946.59,205141
MHCH,문호화학,519,47711.68,214192
SHEN,수하에너지,519,59026.79,238287
SYTR,성윤물산,519,23694.14,273283
THCT,태호건설,519,36344.76,191319
THTC,태환통신,519,34811.93,271526
YJBK,유진문고,519,28466.85,185967
YWEL,영욱전자,519,82300.18,122406
HDMT,현도자동차,520,106965.03,208931
HLPM,혜린제약,520,29816.21,395668
HRBI,현려바이오,520,76992.81,397785
JCSC,지찬반도체,520,63235.14,318495
JHFD,주현식품,520,30032.96,282124
MHCH,문호화학,520,49314.71,214692
SHEN,수하에너지,520,60868.84,309578
SYTR,성윤물산,520,24289.43,280440
THCT,태호건설,520,37647.08,302922
THTC,태환통신,520,35805.22,309021
YJBK,유진문고,520,29565.75,176690
YWEL,영욱전자,520,85145.53,144620
HDMT,현도자동차,521,111197.94,222622
HLPM,혜린제약,521,30361.75,427768
HRBI,현려바이오,521,80065.07,463224
JCSC,지찬반도체,521,64690.2,350988
JHFD,주현식품,521,31178.36,285148
MHCH,문호화학,521,51049.92,295763
SHEN,수하에너지,521,62873.75,325688
SYTR,성윤물산,521,24941.41,455133
THCT,태호건설,521,39034.27,217436
THTC,태환통신,521,36887.54,276376
YJBK,유진문고,521,30687.44,183892
YWEL,영욱전자,521,87956.33,105626
HDMT,현도자동차,522,115570.85,224631
HLPM,혜린제약,522,30975.78,401023
HRBI,현려바이오,522,83273.4,377801
JCSC,지찬반도체,522,66300.17,324924
JHFD,주현식품,522,32387.15,244123
MHCH,문호화학,522,52891.08,272753
SHEN,수하에너지,522,65025.58,367344
SYTR,성윤물산,522,25659.54,359887
THCT,태호건설,522,40507.95,286343
THTC,태환통신,522,38051.71,405439
YJBK,유진문고,522,31819.41,195849
YWEL,영욱전자,522,90742.86,138955
HDMT,현도자동차,523,120079.35,180988
HLPM,혜린제약,523,31672.17,428560
HRBI,현려바이오,523,86603.4,374849
JCSC,지찬반도체,523,68090.75,440664
JHFD,주현식품,523,33661.62,290107
MHCH,문호화학,523,54855.76,288632
SHEN,수하에너지,523,67315.32,296927
SYTR,성윤물산,523,26435.43,291394
THCT,태호건설,523,42065.65,232651
THTC,태환통신,523,39309.88,265434
YJBK,유진문고,523,32964.26,191969
YWEL,영욱전자,523,93467.03,148336
HDMT,현도자동차,524,124684.05,210642
HLPM,혜린제약,524,32455.53,348833
HRBI,현려바이오,524,90055.21,439864
JCSC,지찬반도체,524,70058.07,388043
JHFD,주현식품,524,34997.96,251517
MHCH,문호화학,524,56933.7,274913
SHEN,수하에너지,524,69769.64,346667
SYTR,성윤물산,524,27280.19,458142
THCT,태호건설,524,43712.52,274492
THTC,태환통신,524,40657.45,254857
YJBK,유진문고,524,34103.56,199685
YWEL,영욱전자,524,96104.47,149262
HDMT,현도자동차,525,129348.12,244368
HLPM,혜린제약,525,33318.55,399997
HRBI,현려바이오,525,93623.68,443957
JCSC,지찬반도체,525,72187.72,441953
JHFD,주현식품,525,36393.99,204997
MHCH,문호화학,525,59128.62,332589
SHEN,수하에너지,525,72378.82,396671
SYTR,성윤물산,525,28187.22,328655
THCT,태호건설,525,45440.68,217355
THTC,태환통신,525,42114.65,295398
YJBK,유진문고,525,35246.64,147689
YWEL,영욱전자,525,98652.55,135979
HDMT,현도자동차,526,134052.9,208589
HLPM,혜린제약,526,34255.6,511146
HRBI,현려바이오,526,97262.43,367137
JCSC,지찬반도체,526,74483.63,360629
JHFD,주현식품,526,37847.88,182274
MHCH,문호화학,526,61448.68,307621
SHEN,수하에너지,526,75151.97,397547
SYTR,성윤물산,526,29168.75,346721
THCT,태호건설,526,47246.77,321760
THTC,태환통신,526,43663.84,273441
YJBK,유진문고,526,36373.81,132648
YWEL,영욱전자,526,101064.43,122921
HDMT,현도자동차,527,138795.35,186229
HLPM,혜린제약,527,35284.7,428797
HRBI,현려바이오,527,101008.67,427883
JCSC,지찬반도체,527,76973.23,456911
JHFD,주현식품,527,39360.47,278595
MHCH,문호화학,527,63877.25,249760
SHEN,수하에너지,527,78079.86,357325
SYTR,성윤물산,527,30221.01,413879
THCT,태호건설,527,49133.07,320466
THTC,태환통신,527,45308.43,418326
YJBK,유진문고,527,37483.43,185979
YWEL,영욱전자,527,103344.21,124782
HDMT,현도자동차,528,143528.39,232567
HLPM,혜린제약,528,36403.55,402486
HRBI,현려바이오,528,104816.3,289515
JCSC,지찬반도체,528,79637.86,514614
JHFD,주현식품,528,40914.51,190960
MHCH,문호화학,528,66430.27,299121
SHEN,수하에너지,528,81156.79,295192
SYTR,성윤물산,528,31347.0,360425
THCT,태호건설,528,51098.25,277876
THTC,태환통신,528,47052.69,404917
YJBK,유진문고,528,38563.33,170128
YWEL,영욱전자,528,105443.16,131982
HDMT,현도자동차,529,148242.35,160894
HLPM,혜린제약,529,37605.96,480691
HRBI,현려바이오,529,108666.83,456343
JCSC,지찬반도체,529,82491.8,329835
JHFD,주현식품,529,42516.21,200124
MHCH,문호화학,529,69102.64,339399
SHEN,수하에너지,529,84407.42,324903
SYTR,성윤물산,529,32530.4,359402
THCT,태호건설,529,53123.42,233368
THTC,태환통신,529,48887.69,371357
YJBK,유진문고,529,39603.82,169934
YWEL,영욱전자,529,107368.63,138598
HDMT,현도자동차,530,152889.49,162672
HLPM,혜린제약,530,38902.88,407717
HRBI,현려바이오,530,112557.92,315959
JCSC,지찬반도체,530,85534.76,485834
JHFD,주현식품,530,44163.07,187958
MHCH,문호화학,530,71865.76,244378
SHEN,수하에너지,530,87768.62,292582
SYTR,성윤물산,530,33781.46,357525
THCT,태호건설,530,55227.4,208604
THTC,태환통신,530,50821.65,270216
YJBK,유진문고,530,40599.83,118350
YWEL,영욱전자,530,109073.62,140251
HDMT,현도자동차,531,157428.51,235327
HLPM,혜린제약,531,40286.9,521368
HRBI,현려바이오,531,116450.32,399638
JCSC,지찬반도체,531,88787.12,393793
JHFD,주현식품,531,45833.97,184176
MHCH,문호화학,531,74713.1,355536
SHEN,수하에너지,531,91289.17,331795
SYTR,성윤물산,531,35106.22,452922
THCT,태호건설,531,57376.6,290418
THTC,태환통신,531,52844.26,277115
YJBK,유진문고,531,41532.99,155385
YWEL,영욱전자,531,110566.36,126715
HDMT,현도자동차,532,161811.11,189307
HLPM,혜린제약,532,41765.95,566944
HRBI,현려바이오,532,120316.21,386525
JCSC,지찬반도체,532,92220.78,414950
JHFD,주현식품,532,47525.05,287214
MHCH,문호화학,532,77658.36,306345
SHEN,수하에너지,532,94922.0,244041
SYTR,성윤물산,532,36497.33,430551
THCT,태호건설,532,59566.83,287627
THTC,태환통신,532,54967.56,415905
YJBK,유진문고,532,42398.22,124212
YWEL,영욱전자,532,111798.88,109193
HDMT,현도자동차,533,166048.25,178044
HLPM,혜린제약,533,43342.33,411491
HRBI,현려바이오,533,124142.78,368146
JCSC,지찬반도체,533,95826.44,414086
JHFD,주현식품,533,49242.11,263296
MHCH,문호화학,533,80654.62,334010
SHEN,수하에너지,533,98660.01,335131
SYTR,성윤물산,533,37949.94,375635
THCT,태호건설,533,61814.25,244769
THTC,태환통신,533,57169.98,435101
YJBK,유진문고,533,43195.5,150941
YWEL,영욱전자,533,112792.45,105341
HDMT,현도자동차,534,170052.42,176200
HLPM,혜린제약,534,45004.75,497876
HRBI,현려바이오,534,127868.52,396633
JCSC,지찬반도체,534,99623.11,406680
JHFD,주현식품,534,50956.29,189367
MHCH,문호화학,534,83741.94,304526
SHEN,수하에너지,534,102512.38,387735
SYTR,성윤물산,534,39464.58,348475
THCT,태호건설,534,64068.75,250822
THTC,태환통신,534,59439.98,352455
YJBK,유진문고,534,43905.53,110220
YWEL,영욱전자,534,113469.11,87573
HDMT,현도자동차,535,173824.14,219140
HLPM,혜린제약,535,46748.65,388141
HRBI,현려바이오,535,131500.25,371384
JCSC,지찬반도체,535,103602.66,458186
JHFD,주현식품,535,52661.71,181722
MHCH,문호화학,535,86842.75,268385
SHEN,수하에너지,535,106473.47,315706
SYTR,성윤물산,535,41041.46,313285
THCT,태호건설,535,66351.36,245074
THTC,태환통신,535,61780.32,383013
YJBK,유진문고,535,44518.99,117494
YWEL,영욱전자,535,113903.48,85854
HDMT,현도자동차,536,177299.28,140742
HLPM,혜린제약,536,48605.38,499014
HRBI,현려바이오,536,135024.32,422931
JCSC,지찬반도체,536,107730.6,435343
JHFD,주현식품,536,54347.52,275116
MHCH,문호화학,536,89988.28,357737
SHEN,수하에너지,536,110489.58,319865
SYTR,성윤물산,536,42669.83,340698
THCT,태호건설,536,68625.0,316737
THTC,태환통신,536,64177.36,266322
YJBK,유진문고,536,45042.89,119447
YWEL,영욱전자,536,114043.25,116920
HDMT,현도자동차,537,180447.14,148803
HLPM,혜린제약,537,50544.72,399195
HRBI,현려바이오,537,138361.72,280979
JCSC,지찬반도체,537,112028.88,367959
JHFD,주현식품,537,56007.89,193656
MHCH,문호화학,537,93145.8,320266
SHEN,수하에너지,537,114574.2,385525
SYTR,성윤물산,537,44344.98,364210
THCT,태호건설,537,70884.23,307469
THTC,태환통신,537,66643.46,344503
YJBK,유진문고,537,45451.77,111196
YWEL,영욱전자,537,113903.43,103498
HDMT,현도자동차,538,183206.01,186114
HLPM,혜린제약,538,52560.84,552854
HRBI,현려바이오,538,141483.34,340298
JCSC,지찬반도체,538,116496.35,493806
JHFD,주현식품,538,57625.2,179030
MHCH,문호화학,538,96294.41,251127
SHEN,수하에너지,538,118707.82,331407
SYTR,성윤물산,538,46070.79,464096
THCT,태호건설,538,73109.62,288022
THTC,태환통신,538,69141.76,390678
YJBK,유진문고,538,45766.25,124781
YWEL,영욱전자,538,113484.71,91961
HDMT,현도자동차,539,185615.12,185845
HLPM,혜린제약,539,54660.5,398690
HRBI,현려바이오,539,144382.87,369713
JCSC,지찬반도체,539,121099.52,477165
JHFD,주현식품,539,59177.09,176362
MHCH,문호화학,539,99408.17,225186
SHEN,수하에너지,539,122818.82,356385
SYTR,성윤물산,539,47833.61,480630
THCT,태호건설,539,75296.55,252947
THTC,태환통신,539,71678.15,315823
YJBK,유진문고,539,45964.03,139626
YWEL,영욱전자,539,112759.96,96785
HDMT,현도자동차,540,187619.24,170667
HLPM,혜린제약,540,56840.2,541072
HRBI,현려바이오,540,147036.61,370001
JCSC,지찬반도체,540,125840.2,415104
JHFD,주현식품,540,60657.78,247315
MHCH,문호화학,540,102488.38,226281
SHEN,수하에너지,540,126906.64,308641
SYTR,성윤물산,540,49623.23,304590
THCT,태호건설,540,77409.43,259645
THTC,태환통신,540,74235.41,265838
YJBK,유진문고,540,46040.97,152855
YWEL,영욱전자,540,111773.47,106406
HDMT,현도자동차,541,189176.73,173269
HLPM,혜린제약,541,59086.65,532689
HRBI,현려바이오,541,149407.95,253698
JCSC,지찬반도체,541,130645.06,410201
JHFD,주현식품,541,62065.16,206783
MHCH,문호화학,541,105478.64,285274
SHEN,수하에너지,541,130947.41,259204
SYTR,성윤물산,541,51431.93,391554
THCT,태호건설,541,79436.51,265025
THTC,태환통신,541,76786.62,271272
YJBK,유진문고,541,46021.52,106036
YWEL,영욱전자,541,110541.37,108504
HDMT,현도자동차,542,190263.9,162292
HLPM,혜린제약,542,61382.68,539321
HRBI,현려바이오,542,151491.49,318264
JCSC,지찬반도체,542,135520.02,404778
JHFD,주현식품,542,63372.56,171307
MHCH,문호화학,542,108364.44,252398
SHEN,수하에너지,542,134889.37,322405
SYTR,성윤물산,542,53256.0,468207
THCT,태호건설,542,81385.7,276401
THTC,태환통신,542,79321.62,291086
YJBK,유진문고,542,45881.84,137050
YWEL,영욱전자,542,109020.27,101853
HDMT,현도자동차,543,190915.19,120532
HLPM,혜린제약,543,63744.19,414631
HRBI,현려바이오,543,153209.68,296458
JCSC,지찬반도체,543,140476.49,507003
JHFD,주현식품,543,64551.23,214796
MHCH,문호화학,543,111140.39,260639
SHEN,수하에너지,543,138752.28,346434
SYTR,성윤물산,543,55069.6,394765
THCT,태호건설,543,83199.2,279382
THTC,태환통신,543,81813.18,366194
YJBK,유진문고,543,45619.15,128950
YWEL,영욱전자,543,107271.98,145995
HDMT,현도자동차,544,191084.34,117072
HLPM,혜린제약,544,66144.12,396661
HRBI,현려바이오,544,154594.73,334159
JCSC,지찬반도체,544,145435.17,336341
JHFD,주현식품,544,65635.08,167993
MHCH,문호화학,544,113757.44,247063
SHEN,수하에너지,544,142466.93,281257
SYTR,성윤물산,544,56876.6,386091
THCT,태호건설,544,84886.84,235963
THTC,태환통신,544,84259.82,396643
YJBK,유진문고,544,45236.22,130820
YWEL,영욱전자,544,105315.36,116773
HDMT,현도자동차,545,190772.72,146254
HLPM,혜린제약,545,68568.62,463384
HRBI,현려바이오,545,155586.56,246616
JCSC,지찬반도체,545,150380.42,379267
JHFD,주현식품,545,66568.67,216830
MHCH,문호화학,545,116213.69,291747
SHEN,수하에너지,545,146023.05,226359
SYTR,성윤물산,545,58652.82,375588
THCT,태호건설,545,86411.93,202652
THTC,태환통신,545,86629.87,317774
YJBK,유진문고,545,44758.06,142140
YWEL,영욱전자,545,103199.1,127934
HDMT,현도자동차,546,189978.83,125465
HLPM,혜린제약,546,71016.49,466898
HRBI,현려바이오,546,156207.49,305175
JCSC,지찬반도체,546,155327.35,378233
JHFD,주현식품,546,67348.97,143393
MHCH,문호화학,546,118455.87,225217
SHEN,수하에너지,546,149366.34,293617
SYTR,성윤물산,546,60407.04,309902
THCT,태호건설,546,87758.8,227069
THTC,태환통신,546,88891.87,289867
YJBK,유진문고,546,44183.13,137844
YWEL,영욱전자,546,100880.1,123724
HDMT,현도자동차,547,188706.36,119100
HLPM,혜린제약,547,73450.42,387358
HRBI,현려바이오,547,156428.08,259239
JCSC,지찬반도체,547,160183.84,359103
JHFD,주현식품,547,67992.2,222567
MHCH,문호화학,547,120485.68,194313
SHEN,수하에너지,547,152480.0,230833
SYTR,성윤물산,547,62089.5,359947
THCT,태호건설,547,88913.31,170674
THTC,태환통신,547,91049.12,332566
YJBK,유진문고,547,43499.56,116167
YWEL,영욱전자,547,98394.12,138222
HDMT,현도자동차,548,186972.58,132991
HLPM,혜린제약,548,75888.86,428012
HRBI,현려바이오,548,156255.14,253300
JCSC,지찬반도체,548,164930.19,394256
JHFD,주현식품,548,68474.42,202695
MHCH,문호화학,548,122249.77,266057
SHEN,수하에너지,548,155347.59,206702
SYTR,성윤물산,548,63707.56,402368
THCT,태호건설,548,89886.56,178575
THTC,태환통신,548,93092.56,261149
YJBK,유진문고,548,42731.49,173882
YWEL,영욱전자,548,95776.85,107933
HDMT,현도자동차,549,184836.8,194640
HLPM,혜린제약,549,78281.77,466373
HRBI,현려바이오,549,155722.69,239493
JCSC,지찬반도체,549,169548.93,402498
JHFD,주현식품,549,68777.2,180991
MHCH,문호화학,549,123783.69,268632
SHEN,수하에너지,549,157872.3,304986
SYTR,성윤물산,549,65242.59,440692
THCT,태호건설,549,90635.59,199845
THTC,태환통신,549,94959.3,371456
YJBK,유진문고,549,41888.23,125354
YWEL,영욱전자,549,93066.02,164619
HDMT,현도자동차,550,182235.38,185302
HLPM,혜린제약,550,80632.11,532874
HRBI,현려바이오,550,154799.54,211550
JCSC,지찬반도체,550,173971.42,422467
JHFD,주현식품,550,68917.12,126162
MHCH,문호화학,550,125017.77,205613
SHEN,수하에너지,550,160080.03,215323
SYTR,성윤물산,550,66677.03,386614
THCT,태호건설,550,91155.62,187794
THTC,태환통신,550,96666.8,314476
YJBK,유진문고,550,40967.92,116370
YWEL,영욱전자,550,90260.1,135048
HDMT,현도자동차,551,179283.4,195848
HLPM,혜린제약,551,82912.94,521165
HRBI,현려바이오,551,153489.67,228016
JCSC,지찬반도체,551,178140.52,344988
JHFD,주현식품,551,68873.53,144791
MHCH,문호화학,551,125950.79,251535
SHEN,수하에너지,551,161962.52,290477
SYTR,성윤물산,551,68008.91,368815
THCT,태호건설,551,91467.8,218204
THTC,태환통신,551,98188.23,240077
YJBK,유진문고,551,39978.39,169842
YWEL,영욱전자,551,87401.59,166432
HDMT,현도자동차,552,175954.69,162530
HLPM,혜린제약,552,85113.34,443080
HRBI,현려바이오,552,151803.06,263839
JCSC,지찬반도체,552,182082.01,426986
JHFD,주현식품,552,68669.69,163618
MHCH,문호화학,552,126593.6,168570
SHEN,수하에너지,552,163462.6,245071
SYTR,성윤물산,552,69222.81,266732
THCT,태호건설,552,91564.68,164413
THTC,태환통신,552,99491.07,252163
YJBK,유진문고,552,38935.78,132636
YWEL,영욱전자,552,84493.88,153903
HDMT,현도자동차,553,172308.5,169921
HLPM,혜린제약,553,87188.62,440871
HRBI,현려바이오,553,149787.14,350482
JCSC,지찬반도체,553,185677.89,303404
JHFD,주현식품,553,68293.83,165520
MHCH,문호화학,553,126942.21,183373
SHEN,수하에너지,553,164568.28,272343
SYTR,성윤물산,553,70289.13,338897
THCT,태호건설,553,91427.91,138537
THTC,태환통신,553,100590.13,279898
YJBK,유진문고,553,37846.93,177356
YWEL,영욱전자,553,81570.58,156449
HDMT,현도자동차,554,168374.72,169236
HLPM,혜린제약,554,89135.54,461153
HRBI,현려바이오,554,147462.21,366485
JCSC,지찬반도체,554,188938.21,402272
JHFD,주현식품,554,67768.26,148329
MHCH,문호화학,554,126943.8,155867
SHEN,수하에너지,554,165284.77,200108
SYTR,성윤물산,554,71207.08,383174
THCT,태호건설,554,91066.49,228455
THTC,태환통신,554,101447.83,228643
YJBK,유진문고,554,36724.77,150730
YWEL,영욱전자,554,78657.85,158412
HDMT,현도자동차,555,164203.57,202486
HLPM,혜린제약,555,90954.36,360988
HRBI,현려바이오,555,144805.44,305379
JCSC,지찬반도체,555,191855.91,341285
JHFD,주현식품,555,67064.88,144982
MHCH,문호화학,555,126628.08,185883
SHEN,수하에너지,555,165559.47,245838
SYTR,성윤물산,555,71951.15,352683
THCT,태호건설,555,90458.25,154843
THTC,태환통신,555,102058.39,230796
YJBK,유진문고,555,35571.11,135141
YWEL,영욱전자,555,75768.12,137844
HDMT,현도자동차,556,159838.5,187944
HLPM,혜린제약,556,92602.11,476498
HRBI,현려바이오,556,141870.24,298828
JCSC,지찬반도체,556,194330.45,362021
JHFD,주현식품,556,66207.47,220673
MHCH,문호화학,556,126016.61,189062
SHEN,수하에너지,556,165417.07,199450
SYTR,성윤물산,556,72531.14,294406
THCT,태호건설,556,89649.12,229112
THTC,태환통신,556,102432.38,220726
YJBK,유진문고,556,34400.46,208801
YWEL,영욱전자,556,72918.0,165460
HDMT,현도자동차,557,155253.16,150835
HLPM,혜린제약,557,94042.44,449932
HRBI,현려바이오,557,138735.96,365061
JCSC,지찬반도체,557,196377.37,281092
JHFD,주현식품,557,65208.22,158662
MHCH,문호화학,557,125086.84,247727
SHEN,수하에너지,557,164860.94,245171
SYTR,성윤물산,557,72943.26,308032
THCT,태호건설,557,88634.83,214280
THTC,태환통신,557,102524.1,232521
YJBK,유진문고,557,33225.07,200625
YWEL,영욱전자,557,70115.46,125976
HDMT,현도자동차,558,150567.95,167046
HLPM,혜린제약,558,95302.18,424121
HRBI,현려바이오,558,135369.06,374727
JCSC,지찬반도체,558,197957.55,299521
JHFD,주현식품,558,64065.57,161791
MHCH,문호화학,558,123850.39,258260
SHEN,수하에너지,558,163914.64,230141
SYTR,성윤물산,558,73176.72,265684
THCT,태호건설,558,87407.29,255925
THTC,태환통신,558,102360.36,253127
YJBK,유진문고,558,32052.33,148602
YWEL,영욱전자,558,67382.43,181860
HDMT,현도자동차,559,145758.37,230954
HLPM,혜린제약,559,96367.03,301507
HRBI,현려바이오,559,131809.12,288099
JCSC,지찬반도체,559,199085.62,382523
JHFD,주현식품,559,62806.52,164400
MHCH,문호화학,559,122326.27,228545
SHEN,수하에너지,559,162537.06,269877
SYTR,성윤물산,559,73225.96,276142
THCT,태호건설,559,85999.14,225100
THTC,태환통신,559,101943.03,223702
YJBK,유진문고,559,30884.37,136604
YWEL,영욱전자,559,64706.72,119621
HDMT,현도자동차,560,140901.8,209506
HLPM,혜린제약,560,97209.62,269859
HRBI,현려바이오,560,128093.35,401669
JCSC,지찬반도체,560,199718.18,318036
JHFD,주현식품,560,61434.17,188213
MHCH,문호화학,560,120512.64,274691
SHEN,수하에너지,560,160811.8,293980
SYTR,성윤물산,560,73098.49,307979
THCT,태호건설,560,84412.91,240516
THTC,태환통신,560,101290.55,257451
YJBK,유진문고,560,29728.22,197743
YWEL,영욱전자,560,62125.99,125200
HDMT,현도자동차,561,136026.82,229862
HLPM,혜린제약,561,97817.16,302740
HRBI,현려바이오,561,124304.99,361867
JCSC,지찬반도체,561,199864.26,237085
JHFD,주현식품,561,59963.4,204406
MHCH,문호화학,561,118463.77,244978
SHEN,수하에너지,561,158706.97,213662
SYTR,성윤물산,561,72781.19,222720
THCT,태호건설,561,82678.09,193751
THTC,태환통신,561,100381.05,309129
YJBK,유진문고,561,28592.56,141435
YWEL,영욱전자,561,59649.24,116532
HDMT,현도자동차,562,131146.48,224384
HLPM,혜린제약,562,98168.53,392874
HRBI,현려바이오,562,120414.71,425177
JCSC,지찬반도체,562,199442.3,332841
JHFD,주현식품,562,58404.47,168229
MHCH,문호화학,562,116182.58,286409
SHEN,수하에너지,562,156260.76,291736
SYTR,성윤물산,562,72292.01,343277
THCT,태호건설,562,80810.84,220078
THTC,태환통신,562,99251.36,280942
YJBK,유진문고,562,27482.02,141962
YWEL,영욱전자,562,57260.64,115223
HDMT,현도자동차,563,126303.96,235428
HLPM,혜린제약,563,98298.57,268517
HRBI,현려바이오,563,116453.02,347488
JCSC,지찬반도체,563,198586.53,310770
JHFD,주현식품,563,56793.06,225496
MHCH,문호화학,563,113685.9,311793
SHEN,수하에너지,563,153487.04,321024
SYTR,성윤물산,563,71622.17,345136
THCT,태호건설,563,78816.12,276979
THTC,태환통신,563,97887.28,211586
YJBK,유진문고,563,26396.07,142940
YWEL,영욱전자,563,54977.54,169862
HDMT,현도자동차,564,121539.11,253153
HLPM,혜린제약,564,98183.69,305883
HRBI,현려바이오,564,112457.14,417086
JCSC,지찬반도체,564,197222.43,380468
JHFD,주현식품,564,55110.77,192463
MHCH,문호화학,564,110999.07,223152
SHEN,수하에너지,564,150439.56,208874
SYTR,성윤물산,564,70782.29,318888
THCT,태호건설,564,76706.41,236677
THTC,태환통신,564,96320.7,347144
YJBK,유진문고,564,25348.93,212379
YWEL,영욱전자,564,52803.86,169815
HDMT,현도자동차,565,116860.93,201719
HLPM,혜린제약,565,97810.6,406967
HRBI,현려바이오,565,108474.68,331104
JCSC,지찬반도체,565,195417.71,279079
JHFD,주현식품,565,53396.06,261725
MHCH,문호화학,565,108180.17,229564
SHEN,수하에너지,565,147098.51,322826
SYTR,성윤물산,565,69785.65,334315
THCT,태호건설,565,74527.44,262985
THTC,태환통신,565,94571.07,220333
YJBK,유진문고,565,24336.4,145267
YWEL,영욱전자,565,50745.47,153956
HDMT,현도자동차,566,112279.73,196937
HLPM,혜린제약,566,97200.9,386812
HRBI,현려바이오,566,104508.46,410614
JCSC,지찬반도체,566,193113.55,394062
JHFD,주현식품,566,51653.25,185242
MHCH,문호화학,566,105220.68,308848
SHEN,수하에너지,566,143554.07,247352
SYTR,성윤물산,566,68643.48,368829
THCT,태호건설,566,72276.16,214065
THTC,태환통신,566,92632.92,283235
YJBK,유진문고,566,23362.54,211736
YWEL,영욱전자,566,48791.12,138932
HDMT,현도자동차,567,107815.27,163622
HLPM,혜린제약,567,96366.93,330940
HRBI,현려바이오,567,100576.25,403930
JCSC,지찬반도체,567,190394.08,431121
JHFD,주현식품,567,49895.31,274957
MHCH,문호화학,567,102120.84,277805
SHEN,수하에너지,567,139804.98,326340
SYTR,성윤물산,567,67361.54,330804
THCT,태호건설,567,69969.95,255031
THTC,태환통신,567,90532.67,299228
YJBK,유진문고,567,22428.6,217301
YWEL,영욱전자,567,46953.19,111894
HDMT,현도자동차,568,103500.46,157680
HLPM,혜린제약,568,95287.42,347165
HRBI,현려바이오,568,96720.64,310781
JCSC,지찬반도체,568,187264.2,443593
JHFD,주현식품,568,48137.38,256036
MHCH,문호화학,568,98994.65,266281
SHEN,수하에너지,568,135914.98,303422
SYTR,성윤물산,568,65961.91,327609
THCT,태호건설,568,67633.32,193618
THTC,태환통신,568,88311.05,333295
YJBK,유진문고,568,21537.77,191774
YWEL,영욱전자,568,45227.25,164398
HDMT,현도자동차,569,99353.32,241376
HLPM,혜린제약,569,94001.59,402785
HRBI,현려바이오,569,92950.64,430702
JCSC,지찬반도체,569,183726.67,311813
JHFD,주현식품,569,46380.2,205940
MHCH,문호화학,569,95798.55,249249
SHEN,수하에너지,569,131866.03,253933
SYTR,성윤물산,569,64454.68,287940
THCT,태호건설,569,65306.24,226426
THTC,태환통신,569,85950.14,257191
YJBK,유진문고,569,20692.22,146217
YWEL,영욱전자,569,43618.34,113424
HDMT,현도자동차,570,95374.58,170179
HLPM,혜린제약,570,92483.91,413903
HRBI,현려바이오,570,89281.25,290807
JCSC,지찬반도체,570,179879.34,443324
JHFD,주현식품,570,44641.84,289611
MHCH,문호화학,570,92558.25,304515
SHEN,수하에너지,570,127738.94,373737
SYTR,성윤물산,570,62852.73,332269
THCT,태호건설,570,62971.7,289427
THTC,태환통신,570,83503.53,392711
YJBK,유진문고,570,19892.03,168293
YWEL,영욱전자,570,42116.06,157372
HDMT,현도자동차,571,91577.09,244973
HLPM,혜린제약,571,90812.28,363963
HRBI,현려바이오,571,85727.86,455239
JCSC,지찬반도체,571,175771.38,305483
JHFD,주현식품,571,42948.09,277534
MHCH,문호화학,571,89321.97,292457
SHEN,수하에너지,571,123545.87,348988
SYTR,성윤물산,571,61161.56,374345
THCT,태호건설,571,60651.88,262914
THTC,태환통신,571,80985.59,395444
YJBK,유진문고,571,19141.83,191893
YWEL,영욱전자,571,40732.38,115087
HDMT,현도자동차,572,87962.93,249098
HLPM,혜린제약,572,88953.49,454680
HRBI,현려바이오,572,82295.76,297601
JCSC,지찬반도체,572,171364.16,438346
JHFD,주현식품,572,41279.03,180997
MHCH,문호화학,572,86098.32,232970
SHEN,수하에너지,572,119326.23,329975
SYTR,성윤물산,572,59411.02,383954
THCT,태호건설,572,58356.72,243003
THTC,태환통신,572,78414.82,286770
YJBK,유진문고,572,18435.42,190903
YWEL,영욱전자,572,39440.58,124355
HDMT,현도자동차,573,84542.54,191417
HLPM,혜린제약,573,86955.78,464739
HRBI,현려바이오,573,79000.39,476305
JCSC,지찬반도체,573,166743.51,322241
JHFD,주현식품,573,39645.82,192942
MHCH,문호화학,573,82888.05,293054
SHEN,수하에너지,573,115103.13,248162
SYTR,성윤물산,573,57614.31,334943
THCT,태호건설,573,56112.73,290927
THTC,태환통신,573,75812.84,400530
YJBK,유진문고,573,17770.86,151062
YWEL,영욱전자,573,38262.12,157872
HDMT,현도자동차,574,81303.24,159887
HLPM,혜린제약,574,84824.9,393806
HRBI,현려바이오,574,75875.49,397147
JCSC,지찬반도체,574,161946.52,502687
JHFD,주현식품,574,38073.75,181650
MHCH,문호화학,574,79722.29,267205
SHEN,수하에너지,574,110896.78,320626
SYTR,성윤물산,574,55776.37,292965
THCT,태호건설,574,53920.64,200476
THTC,태환통신,574,73195.94,308550
YJBK,유진문고,574,17154.34,193172
YWEL,영욱전자,574,37175.12,101947
HDMT,현도자동차,575,78257.55,215217
HLPM,혜린제약,575,82576.66,376459
HRBI,현려바이오,575,72878.46,368344
JCSC,지찬반도체,575,157053.65,439223
JHFD,주현식품,575,36550.63,228322
MHCH,문호화학,575,76637.24,267881
SHEN,수하에너지,575,106746.54,368176
SYTR,성윤물산,575,53917.68,440566
THCT,태호건설,575,51786.28,245566
THTC,태환통신,575,70581.5,392262
YJBK,유진문고,575,16582.41,160922
YWEL,영욱전자,575,36196.64,114073
HDMT,현도자동차,576,75406.43,184229
HLPM,혜린제약,576,80232.14,445231
HRBI,현려바이오,576,70026.62,322281
JCSC,지찬반도체,576,152017.99,334419
JHFD,주현식품,576,35088.71,248197
MHCH,문호화학,576,73624.69,276204
SHEN,수하에너지,576,102661.61,279888
SYTR,성윤물산,576,52057.75,312892
THCT,태호건설,576,49718.14,294064
THTC,태환통신,576,67982.15,268076
YJBK,유진문고,576,16051.67,189099
YWEL,영욱전자,576,35308.34,118929
HDMT,현도자동차,577,72733.4,180602
HLPM,혜린제약,577,77814.46,524174
HRBI,현려바이오,577,67329.56,369660
JCSC,지찬반도체,577,146927.48,479154
JHFD,주현식품,577,33686.86,203392
MHCH,문호화학,577,70702.73,228657
SHEN,수하에너지,577,98662.6,251389
SYTR,성윤물산,577,50186.63,305823
THCT,태호건설,577,47731.5,311054
THTC,태환통신,577,65413.54,435617
YJBK,유진문고,577,15563.86,185147
YWEL,영욱전자,577,34513.08,140065
HDMT,현도자동차,578,70256.48,190830
HLPM,혜린제약,578,75365.62,468986
HRBI,현려바이오,578,64788.53,366329
JCSC,지찬반도체,578,141839.55,393120
JHFD,주현식품,578,32356.11,236816
MHCH,문호화학,578,67876.76,295215
SHEN,수하에너지,578,94778.39,315218
SYTR,성윤물산,578,48335.16,438365
THCT,태호건설,578,45821.0,309277
THTC,태환통신,578,62886.75,368490
YJBK,유진문고,578,15116.09,165599
YWEL,영욱전자,578,33810.79,100618
HDMT,현도자동차,579,67952.59,199948
HLPM,혜린제약,579,72880.19,437302
HRBI,현려바이오,579,62393.45,392900
JCSC,지찬반도체,579,136759.91,431184
JHFD,주현식품,579,31089.82,292210
MHCH,문호화학,579,65154.69,269843
SHEN,수하에너지,579,90998.63,360055
SYTR,성윤물산,579,46507.43,435582
THCT,태호건설,579,43993.26,260912
THTC,태환통신,579,60435.73,305530
YJBK,유진문고,579,14710.04,134560
YWEL,영욱전자,579,33196.89,149880
HDMT,현도자동차,580,65837.0,227249
HLPM,혜린제약,580,70375.45,361311
HRBI,현려바이오,580,60168.77,403985
JCSC,지찬반도체,580,131728.82,406111
JHFD,주현식품,580,29888.26,216051
MHCH,문호화학,580,62553.62,239147
SHEN,수하에너지,580,87352.06,366234
SYTR,성윤물산,580,44719.16,451390
THCT,태호건설,580,42255.61,323702
THTC,태환통신,580,58042.2,442541
YJBK,유진문고,580,14344.74,139097
YWEL,영욱전자,580,32668.29,142737
HDMT,현도자동차,581,63876.59,183242
HLPM,혜린제약,581,67860.02,382456
HRBI,현려바이오,581,58093.95,435175
JCSC,지찬반도체,581,126749.28,414138
JHFD,주현식품,581,28756.5,267653
MHCH,문호화학,581,60063.13,317393
SHEN,수하에너지,581,83874.2,297902
SYTR,성윤물산,581,42972.64,471159
THCT,태호건설,581,40616.83,272054
THTC,태환통신,581,55731.88,335764
YJBK,유진문고,581,14016.28,134048
YWEL,영욱전자,581,32226.72,102378
HDMT,현도자동차,582,62095.7,186614
HLPM,혜린제약,582,65369.96,541870
HRBI,현려바이오,582,56153.68,424740
JCSC,지찬반도체,582,121864.39,397069
JHFD,주현식품,582,27698.89,192297
MHCH,문호화학,582,57701.19,318134
SHEN,수하에너지,582,80522.51,286440
SYTR,성윤물산,582,41269.25,483431
THCT,태호건설,582,39059.88,309464
THTC,태환통신,582,53507.07,427762
YJBK,유진문고,582,13722.3,119427
YWEL,영욱전자,582,31863.21,86240
HDMT,현도자동차,583,60470.96,179795
HLPM,혜린제약,583,62913.11,525032
HRBI,현려바이오,583,54376.85,388985
JCSC,지찬반도체,583,117077.24,369697
JHFD,주현식품,583,26705.67,242176
MHCH,문호화학,583,55469.66,246920
SHEN,수하에너지,583,77335.8,262309
SYTR,성윤물산,583,39621.88,382499
THCT,태호건설,583,37592.65,266031
THTC,태환통신,583,51368.33,317276
YJBK,유진문고,583,13468.92,110734
YWEL,영욱전자,583,31581.68,129418
HDMT,현도자동차,584,59004.59,181585
HLPM,혜린제약,584,60497.18,454311
HRBI,현려바이오,584,52729.32,303956
JCSC,지찬반도체,584,112429.81,472678
JHFD,주현식품,584,25775.42,241142
MHCH,문호화학,584,53364.08,359269
SHEN,수하에너지,584,74307.46,291451
SYTR,성윤물산,584,38033.84,379649
THCT,태호건설,584,36217.52,222168
THTC,태환통신,584,49324.46,369956
YJBK,유진문고,584,13247.69,109595
YWEL,영욱전자,584,31383.76,81423
HDMT,현도자동차,585,57694.52,196024
HLPM,혜린제약,585,58134.55,375521
HRBI,현려바이오,585,51220.65,305914
JCSC,지찬반도체,585,107958.19,479133
JHFD,주현식품,585,24914.03,236136
MHCH,문호화학,585,51381.31,284850
SHEN,수하에너지,585,71431.27,345634
SYTR,성윤물산,585,36520.67,430628
THCT,태호건설,585,34932.57,273563
THTC,태환통신,585,47374.17,413856
YJBK,유진문고,585,13060.24,156627
YWEL,영욱전자,585,31258.27,108543
HDMT,현도자동차,586,56546.18,201218
HLPM,혜린제약,586,55837.48,517444
HRBI,현려바이오,586,49850.18,329996
JCSC,지찬반도체,586,103647.72,418512
JHFD,주현식품,586,24119.44,229182
MHCH,문호화학,586,49524.38,241858
SHEN,수하에너지,586,68726.16,257234
SYTR,성윤물산,586,35066.21,380535
THCT,태호건설,586,33737.73,290290
THTC,태환통신,586,45523.55,376494
YJBK,유진문고,586,12906.94,166660
YWEL,영욱전자,586,31217.68,121726
HDMT,현도자동차,587,55533.58,132340
HLPM,혜린제약,587,53607.96,538897
HRBI,현려바이오,587,48621.22,400889
JCSC,지찬반도체,587,99507.17,466121
JHFD,주현식품,587,23385.59,208614
MHCH,문호화학,587,47785.33,285233
SHEN,수하에너지,587,66191.21,359613
SYTR,성윤물산,587,33682.02,355574
THCT,태호건설,587,32624.85,270158
THTC,태환통신,587,43784.54,271068
YJBK,유진문고,587,12788.82,126365
YWEL,영욱전자,587,31256.92,124865
HDMT,현도자동차,588,54679.05,137818
HLPM,혜린제약,588,51461.06,391227
HRBI,현려바이오,588,47513.4,285208
JCSC,지찬반도체,588,95549.97,438724
JHFD,주현식품,588,22711.48,181594
MHCH,문호화학,588,46181.81,217626
SHEN,수하에너지,588,63812.53,351864
SYTR,성윤물산,588,32372.47,379118
THCT,태호건설,588,31599.66,233456
THTC,태환통신,588,42137.63,337304
YJBK,유진문고,588,12699.63,118628
YWEL,영욱전자,588,31376.65,79450
HDMT,현도자동차,589,53958.73,186441
HLPM,혜린제약,589,49407.44,550289
HRBI,현려바이오,589,46538.55,338873
JCSC,지찬반도체,589,91791.78,429570
JHFD,주현식품,589,22101.24,210547
MHCH,문호화학,589,44686.56,234297
SHEN,수하에너지,589,61603.97,334100
SYTR,성윤물산,589,31132.91,423169
THCT,태호건설,589,30658.67,209491
THTC,태환통신,589,40590.52,372024
YJBK,유진문고,589,12643.55,120661
YWEL,영욱전자,589,31570.07,112660
HDMT,현도자동차,590,53372.41,190209
HLPM,혜린제약,590,47432.91,425492
HRBI,현려바이오,590,45676.76,352114
JCSC,지찬반도체,590,88223.98,503189
JHFD,주현식품,590,21545.38,183230
MHCH,문호화학,590,43307.87,297017
SHEN,수하에너지,590,59551.57,233288
SYTR,성윤물산,590,29969.56,402807
THCT,태호건설,590,29796.47,238646
THTC,태환통신,590,39150.01,310829
YJBK,유진문고,590,12621.31,93193
YWEL,영욱전자,590,31840.04,110857
HDMT,현도자동차,591,52936.43,150254
HLPM,혜린제약,591,45555.46,416283
HRBI,현려바이오,591,44941.99,248402
JCSC,지찬반도체,591,84834.1,444856
JHFD,주현식품,591,21050.4,226708
MHCH,문호화학,591,42044.42,259382
SHEN,수하에너지,591,57647.95,231901
SYTR,성윤물산,591,28874.3,469983
THCT,태호건설,591,29014.41,186346
THTC,태환통신,591,37806.63,329582
YJBK,유진문고,591,12630.78,124755
YWEL,영욱전자,591,32196.86,128019
HDMT,현도자동차,592,52636.59,180859
HLPM,혜린제약,592,43778.56,441707
HRBI,현려바이오,592,44318.25,260365
JCSC,지찬반도체,592,81662.48,460972
JHFD,주현식품,592,20607.71,210262
MHCH,문호화학,592,40889.55,287590
SHEN,수하에너지,592,55895.67,338326
SYTR,성윤물산,592,27851.72,486240
THCT,태호건설,592,28307.97,208420
THTC,태환통신,592,36559.99,367548
YJBK,유진문고,592,12672.56,142813
YWEL,영욱전자,592,32628.58,124318
HDMT,현도자동차,593,52458.31,129565
HLPM,혜린제약,593,42090.67,358470
HRBI,현려바이오,593,43812.68,333706
JCSC,지찬반도체,593,78674.96,502043
JHFD,주현식품,593,20216.88,180035
MHCH,문호화학,593,39846.27,210851
SHEN,수하에너지,593,54291.75,322935
SYTR,성윤물산,593,26897.46,379186
THCT,태호건설,593,27678.73,282431
THTC,태환통신,593,35400.74,405171
YJBK,유진문고,593,12745.05,105756
YWEL,영욱전자,593,33146.02,98122
HDMT,현도자동차,594,52415.86,123548
HLPM,혜린제약,594,40506.17,416704
HRBI,현려바이오,594,43417.52,240663
JCSC,지찬반도체,594,75879.66,494603
JHFD,주현식품,594,19880.92,164210
MHCH,문호화학,594,38904.46,264765
SHEN,수하에너지,594,52837.81,323753
SYTR,성윤물산,594,26010.98,415384
THCT,태호건설,594,27119.69,172318
THTC,태환통신,594,34345.36,337605
YJBK,유진문고,594,12849.79,123193
YWEL,영욱전자,594,33747.04,93788
HDMT,현도자동차,595,52505.02,112512
HLPM,혜린제약,595,39020.08,533565
HRBI,현려바이오,595,43130.9,296846
JCSC,지찬반도체,595,73278.76,362118
JHFD,주현식품,595,19599.2,222833
MHCH,문호화학,595,38074.23,250375
SHEN,수하에너지,595,51515.96,232911
SYTR,성윤물산,595,25199.75,343039
THCT,태호건설,595,26633.05,250881
THTC,태환통신,595,33377.38,373458
YJBK,유진문고,595,12985.3,106581
YWEL,영욱전자,595,34429.18,147306
HDMT,현도자동차,596,52734.02,144425
HLPM,혜린제약,596,37623.23,477820
HRBI,현려바이오,596,42963.46,255005
JCSC,지찬반도체,596,70878.69,410925
JHFD,주현식품,596,19366.23,203250
MHCH,문호화학,596,37339.74,248476
SHEN,수하에너지,596,50344.11,303792
SYTR,성윤물산,596,24452.31,433280
THCT,태호건설,596,26214.41,203908
THTC,태환통신,596,32500.24,312847
YJBK,유진문고,596,13151.65,132785
YWEL,영욱전자,596,35205.7,148418
HDMT,현도자동차,597,53093.08,172808
HLPM,혜린제약,597,36328.25,391678
HRBI,현려바이오,597,42896.4,278608
JCSC,지찬반도체,597,68678.41,469719
JHFD,주현식품,597,19182.15,198895
MHCH,문호화학,597,36702.48,214638
SHEN,수하에너지,597,49298.06,240806
SYTR,성윤물산,597,23772.73,352037
THCT,태호건설,597,25866.05,213988
THTC,태환통신,597,31703.0,238956
YJBK,유진문고,597,13354.88,115121
YWEL,영욱전자,597,36076.42,156143
HDMT,현도자동차,598,53583.72,120655
HLPM,혜린제약,598,35133.12,457312
HRBI,현려바이오,598,42938.06,207518
JCSC,지찬반도체,598,66644.69,359189
JHFD,주현식품,598,19046.25,179403
MHCH,문호화학,598,36158.53,259279
SHEN,수하에너지,598,48379.52,330062
SYTR,성윤물산,598,23156.61,306626
THCT,태호건설,598,25584.5,168346
THTC,태환통신,598,30996.32,233416
YJBK,유진문고,598,13590.72,156959
YWEL,영욱전자,598,37027.15,146988
HDMT,현도자동차,599,54202.8,193744
HLPM,혜린제약,599,34026.59,493576
HRBI,현려바이오,599,43096.4,216021
JCSC,지찬반도체,599,64780.35,365426
JHFD,주현식품,599,18961.14,129445
MHCH,문호화학,599,35715.25,179098
SHEN,수하에너지,599,47592.01,254085
SYTR,성윤물산,599,22597.91,411586
THCT,태호건설,599,25365.43,210043
THTC,태환통신,599,30372.72,237993
YJBK,유진문고,599,13862.23,171664
YWEL,영욱전자,599,38072.31,126708
HDMT,현도자동차,600,54959.69,140316
HLPM,혜린제약,600,33000.55,464568
HRBI,현려바이오,600,43359.05,336962
JCSC,지찬반도체,600,63107.7,384420
JHFD,주현식품,600,18923.81,164765
MHCH,문호화학,600,35360.53,258278
SHEN,수하에너지,600,46922.78,300299
SYTR,성윤물산,600,22102.01,439768
THCT,태호건설,600,25216.66,155170
THTC,태환통신,600,29823.23,304419
YJBK,유진문고,600,14169.07,160657
YWEL,영욱전자,600,39211.07,160476
HDMT,현도자동차,601,55854.58,168365
HLPM,혜린제약,601,32070.61,438901
HRBI,현려바이오,601,43723.32,227584
JCSC,지찬반도체,601,61592.3,395517
JHFD,주현식품,601,18935.31,148239
MHCH,문호화학,601,35092.96,217924
SHEN,수하에너지,601,46372.46,278075
SYTR,성윤물산,601,21664.56,343213
THCT,태호건설,601,25130.23,212814
THTC,태환통신,601,29350.86,278497
YJBK,유진문고,601,14508.99,143788
YWEL,영욱전자,601,40451.21,127787
HDMT,현도자동차,602,56901.73,184116
HLPM,혜린제약,602,31226.91,451958
HRBI,현려바이오,602,44206.45,286404
JCSC,지찬반도체,602,60243.63,333106
JHFD,주현식품,602,18992.11,145347
MHCH,문호화학,602,34908.09,238387
SHEN,수하에너지,602,45947.69,230678
SYTR,성윤물산,602,21286.82,260668
THCT,태호건설,602,25102.77,202961
THTC,태환통신,602,28963.27,234297
YJBK,유진문고,602,14888.08,179976
YWEL,영욱전자,602,41795.58,134778
HDMT,현도자동차,603,58078.3,170795
HLPM,혜린제약,603,30461.94,413232
HRBI,현려바이오,603,44797.14,276759
JCSC,지찬반도체,603,59051.13,404515
JHFD,주현식품,603,19094.79,188319
MHCH,문호화학,603,34815.37,231014
SHEN,수하에너지,603,45630.92,197689
SYTR,성윤물산,603,20960.45,278964
THCT,태호건설,603,25138.37,159980
THTC,태환통신,603,28642.91,215995
YJBK,유진문고,603,15301.98,153808
YWEL,영욱전자,603,43230.37,128674
HDMT,현도자동차,604,59405.36,220590
HLPM,혜린제약,604,29775.79,434146
HRBI,현려바이오,604,45491.27,323561
JCSC,지찬반도체,604,58012.5,287677
JHFD,주현식품,604,19246.76,167567
MHCH,문호화학,604,34812.18,211607
SHEN,수하에너지,604,45429.84,279573
SYTR,성윤물산,604,20684.77,311032
THCT,태호건설,604,25237.26,211972
THTC,태환통신,604,28395.12,259502
YJBK,유진문고,604,15753.68,185306
YWEL,영욱전자,604,44773.29,127745
HDMT,현도자동차,605,60882.77,195452
HLPM,혜린제약,605,29168.99,436968
HRBI,현려바이오,605,46311.87,261031
JCSC,지찬반도체,605,57123.07,368368
JHFD,주현식품,605,19445.92,214154
MHCH,문호화학,605,34898.97,177219
SHEN,수하에너지,605,45355.66,230258
SYTR,성윤물산,605,20466.74,386755
THCT,태호건설,605,25398.67,230194
THTC,태환통신,605,28224.84,317652
YJBK,유진문고,605,16243.95,137019
YWEL,영욱전자,605,46419.22,146885
HDMT,현도자동차,606,62520.57,222256
HLPM,혜린제약,606,28634.96,484485
HRBI,현려바이오,606,47253.64,353894
JCSC,지찬반도체,606,56378.88,332469
JHFD,주현식품,606,19693.21,199720
MHCH,문호화학,606,35069.2,213506
SHEN,수하에너지,606,45384.6,177935
SYTR,성윤물산,606,20302.32,365921
THCT,태호건설,606,25628.62,170056
THTC,태환통신,606,28127.23,297280
YJBK,유진문고,606,16776.35,139802
YWEL,영욱전자,606,48164.28,178197
HDMT,현도자동차,607,64311.17,210059
HLPM,혜린제약,607,28179.83,294756
HRBI,현려바이오,607,48301.89,361432
JCSC,지찬반도체,607,55782.21,412157
JHFD,주현식품,607,19995.77,148829
MHCH,문호화학,607,35330.74,225488
SHEN,수하에너지,607,45533.31,177387
SYTR,성윤물산,607,20187.19,335070
THCT,태호건설,607,25921.65,179139
THTC,태환통신,607,28099.11,256582
YJBK,유진문고,607,17348.2,154736
YWEL,영욱전자,607,50008.85,138959
HDMT,현도자동차,608,66259.2,157680
HLPM,혜린제약,608,27802.46,322855
HRBI,현려바이오,608,49476.99,401096
JCSC,지찬반도체,608,55333.84,295975
JHFD,주현식품,608,20345.68,234463
MHCH,문호화학,608,35677.7,271729
SHEN,수하에너지,608,45804.16,258168
SYTR,성윤물산,608,20124.72,257095
THCT,태호건설,608,26279.34,191865
THTC,태환통신,608,28142.86,304689
YJBK,유진문고,608,17962.77,171603
YWEL,영욱전자,608,51966.84,110265
HDMT,현도자동차,609,68371.69,240419
HLPM,혜린제약,609,27490.38,359131
HRBI,현려바이오,609,50774.33,311571
JCSC,지찬반도체,609,55022.55,245072
JHFD,주현식품,609,20742.87,188131
MHCH,문호화학,609,36116.52,234757
SHEN,수하에너지,609,46178.7,243456
SYTR,성윤물산,609,20114.05,249510
THCT,태호건설,609,26699.0,166563
THTC,태환통신,609,28260.94,213690
YJBK,유진문고,609,18618.0,178757
YWEL,영욱전자,609,54016.68,150321
HDMT,현도자동차,610,70637.64,209309
HLPM,혜린제약,610,27250.93,371915
HRBI,현려바이오,610,52199.81,375118
JCSC,지찬반도체,610,54849.53,360225
JHFD,주현식품,610,21192.09,172081
MHCH,문호화학,610,36648.73,294109
SHEN,수하에너지,610,46667.36,218973
SYTR,성윤물산,610,20149.14,252858
THCT,태호건설,610,27189.81,164975
THTC,태환통신,610,28445.83,304581
YJBK,유진문고,610,19312.61,208798
YWEL,영욱전자,610,56167.63,177905
HDMT,현도자동차,611,73093.55,210278
HLPM,혜린제약,611,27082.61,418195
HRBI,현려바이오,611,53760.46,358954
JCSC,지찬반도체,611,54817.7,238513
JHFD,주현식품,611,21699.63,240313
MHCH,문호화학,611,37261.62,196381
SHEN,수하에너지,611,47274.18,303828
SYTR,성윤물산,611,20240.64,281585
THCT,태호건설,611,27756.38,224557
THTC,태환통신,611,28700.81,307957
YJBK,유진문고,611,20051.64,173595
YWEL,영욱전자,611,58415.36,142699
HDMT,현도자동차,612,75727.07,152360
HLPM,혜린제약,612,26983.42,323432
HRBI,현려바이오,612,55443.96,286221
JCSC,지찬반도체,612,54913.57,352240
JHFD,주현식품,612,22261.76,217869
MHCH,문호화학,612,37979.49,232332
SHEN,수하에너지,612,48006.52,235645
SYTR,성윤물산,612,20378.22,378042
THCT,태호건설,612,28385.51,250446
THTC,태환통신,612,29026.59,327306
YJBK,유진문고,612,20830.64,168151
YWEL,영욱전자,612,60751.0,124691
HDMT,현도자동차,613,78510.84,193575
HLPM,혜린제약,613,26945.45,370345
HRBI,현려바이오,613,57259.68,362069
JCSC,지찬반도체,613,55153.28,242734
JHFD,주현식품,613,22878.64,239827
MHCH,문호화학,613,38794.41,292831
SHEN,수하에너지,613,48859.92,209541
SYTR,성윤물산,613,20568.02,254818
THCT,태호건설,613,29083.83,266307
THTC,태환통신,613,29429.11,275140
YJBK,유진문고,613,21650.3,160503
YWEL,영욱전자,613,63171.27,137763
HDMT,현도자동차,614,81473.63,177708
HLPM,혜린제약,614,26981.85,318014
HRBI,현려바이오,614,59227.7,336979
JCSC,지찬반도체,614,55522.19,366059
JHFD,주현식품,614,23554.48,207674
MHCH,문호화학,614,39701.69,205878
SHEN,수하에너지,614,49837.46,210091
SYTR,성윤물산,614,20809.25,296679
THCT,태호건설,614,29859.3,214020
THTC,태환통신,614,29902.81,251451
YJBK,유진문고,614,22511.24,160032
YWEL,영욱전자,614,65666.78,181698
HDMT,현도자동차,615,84604.71,186933
HLPM,혜린제약,615,27086.9,349108
HRBI,현려바이오,615,61334.76,411180
JCSC,지찬반도체,615,56037.88,327959
JHFD,주현식품,615,24288.12,251708
MHCH,문호화학,615,40715.7,266441
SHEN,수하에너지,615,50937.71,215743
SYTR,성윤물산,615,21104.46,359083
THCT,태호건설,615,30704.77,188090
THTC,태환통신,615,30447.79,332124
YJBK,유진문고,615,23415.33,138987
YWEL,영욱전자,615,68236.14,126955
HDMT,현도자동차,616,87930.9,189301
HLPM,혜린제약,616,27256.4,373190
HRBI,현려바이오,616,63588.37,456547
JCSC,지찬반도체,616,56706.0,328396
JHFD,주현식품,616,25081.41,228579
MHCH,문호화학,616,41828.35,294643
SHEN,수하에너지,616,52165.61,224158
SYTR,성윤물산,616,21449.18,415619
THCT,태호건설,616,31631.25,282294
THTC,태환통신,616,31069.12,316025
YJBK,유진문고,616,24353.46,219583
YWEL,영욱전자,616,70857.14,112105
HDMT,현도자동차,617,91416.52,155368
HLPM,혜린제약,617,27496.56,370485
HRBI,현려바이오,617,65985.02,419636
JCSC,지찬반도체,617,57499.01,349772
JHFD,주현식품,617,25933.4,244834
MHCH,문호화학,617,43046.06,270186
SHEN,수하에너지,617,53519.5,335399
SYTR,성윤물산,617,21850.05,305985
THCT,태호건설,617,32636.25,188617
THTC,태환통신,617,31771.02,330290
YJBK,유진문고,617,25322.83,179371
YWEL,영욱전자,617,73512.95,176955
HDMT,현도자동차,618,95064.21,193046
HLPM,혜린제약,618,27806.24,390460
HRBI,현려바이오,618,68523.07,413570
JCSC,지찬반도체,618,58452.17,364637
JHFD,주현식품,618,26845.24,199388
MHCH,문호화학,618,44374.68,217014
SHEN,수하에너지,618,55004.79,227314
SYTR,성윤물산,618,22304.16,422992
THCT,태호건설,618,33726.14,198426
THTC,태환통신,618,32551.77,336565
YJBK,유진문고,618,26322.47,214717
YWEL,영욱전자,618,76224.36,112858
HDMT,현도자동차,619,98870.18,169210
HLPM,혜린제약,619,28185.58,417850
HRBI,현려바이오,619,71195.7,417572
JCSC,지찬반도체,619,59546.79,410500
JHFD,주현식품,619,27824.92,249916
MHCH,문호화학,619,45805.04,339588
SHEN,수하에너지,619,56638.25,225657
SYTR,성윤물산,619,22817.08,419650
THCT,태호건설,619,34893.24,265296
THTC,태환통신,619,33420.14,263928
YJBK,유진문고,619,27354.92,143150
YWEL,영욱전자,619,78932.01,143015
HDMT,현도자동차,620,102806.66,156579
HLPM,혜린제약,620,28634.6,470981
HRBI,현려바이오,620,74000.81,410376
JCSC,지찬반도체,620,60779.29,362051
JHFD,주현식품,620,28858.65,284410
MHCH,문호화학,620,47344.42,339198
SHEN,수하에너지,620,58418.14,249531
SYTR,성윤물산,620,23389.64,361469
THCT,태호건설,620,36145.89,199618
THTC,태환통신,620,34370.04,331199
YJBK,유진문고,620,28414.57,132440
YWEL,영욱전자,620,81643.09,165472
HDMT,현도자동차,621,106880.03,209890
HLPM,혜린제약,621,29157.1,306779
HRBI,현려바이오,621,76931.85,391447
JCSC,지찬반도체,621,62168.81,408465
JHFD,주현식품,621,29960.93,266485
MHCH,문호화학,621,49002.9,279875
SHEN,수하에너지,621,60339.36,302724
SYTR,성윤물산,621,24017.05,392016
THCT,태호건설,621,37473.36,313077
THTC,태환통신,621,35406.62,368187
YJBK,유진문고,621,29489.76,169946
YWEL,영욱전자,621,84349.49,117197
HDMT,현도자동차,622,111098.97,163366
HLPM,혜린제약,622,29746.71,376429
HRBI,현려바이오,622,80002.35,399064
JCSC,지찬반도체,622,63720.33,298366
JHFD,주현식품,622,31129.96,255613
MHCH,문호화학,622,50785.6,259837
SHEN,수하에너지,622,62411.67,264978
SYTR,성윤물산,622,24704.79,434215
THCT,태호건설,622,38884.54,296474
THTC,태환통신,622,36528.09,370844
YJBK,유진문고,622,30576.88,163871
YWEL,영욱전자,622,87006.11,124452
HDMT,현도자동차,623,115430.98,229584
HLPM,혜린제약,623,30416.07,477741
HRBI,현려바이오,623,83198.2,417252
JCSC,지찬반도체,623,65439.93,368973
JHFD,주현식품,623,32355.54,187601
MHCH,문호화학,623,52675.47,244349
SHEN,수하에너지,623,64624.95,246161
SYTR,성윤물산,623,25455.51,444984
THCT,태호건설,623,40378.55,284208
THTC,태환통신,623,37734.82,287808
YJBK,유진문고,623,31675.62,159008
YWEL,영욱전자,623,89621.5,130221
HDMT,현도자동차,624,119842.82,184800
HLPM,혜린제약,624,31165.81,334601
HRBI,현려바이오,624,86514.03,300713
JCSC,지찬반도체,624,67322.46,359304
JHFD,주현식품,624,33640.9,196878
MHCH,문호화학,624,54678.13,339378
SHEN,수하에너지,624,66976.43,349698
SYTR,성윤물산,624,26269.28,463745
THCT,태호건설,624,41960.15,298536
THTC,태환통신,624,39040.71,307078
YJBK,유진문고,624,32774.15,154177
YWEL,영욱전자,624,92159.91,154999
HDMT,현도자동차,625,124331.5,214844
HLPM,혜린제약,625,31987.1,524096
HRBI,현려바이오,625,89932.57,459815
JCSC,지찬반도체,625,69371.09,505430
JHFD,주현식품,625,34985.89,270883
MHCH,문호화학,625,56797.28,308631
SHEN,수하에너지,625,69497.05,341805
SYTR,성윤물산,625,27145.27,433219
THCT,태호건설,625,43614.89,225388
THTC,태환통신,625,40435.03,324965
YJBK,유진문고,625,33863.78,159408
YWEL,영욱전자,625,94598.22,126040
HDMT,현도자동차,626,128848.81,205761
HLPM,혜린제약,626,32894.73,321883
HRBI,현려바이오,626,93441.9,476893
JCSC,지찬반도체,626,71593.68,484791
JHFD,주현식품,626,36382.96,253796
MHCH,문호화학,626,59027.99,257753
SHEN,수하에너지,626,72169.2,324638
SYTR,성윤물산,626,28087.56,342289
THCT,태호건설,626,45351.97,323117
THTC,태환통신,626,41919.99,277592
YJBK,유진문고,626,34947.15,189312
YWEL,영욱전자,626,96926.71,103509
HDMT,현도자동차,627,133437.6,169823
HLPM,혜린제약,627,33884.1,326780
HRBI,현려바이오,627,97045.84,425105
JCSC,지찬반도체,627,73991.04,376783
JHFD,주현식품,627,37830.76,181569
MHCH,문호화학,627,61376.68,253202
SHEN,수하에너지,627,74974.23,382748
SYTR,성윤물산,627,29096.29,402665
THCT,태호건설,627,47171.72,256947
THTC,태환통신,627,43504.17,402285
YJBK,유진문고,627,36008.5,161322
YWEL,영욱전자,627,99123.44,145809
HDMT,현도자동차,628,138008.81,244386
HLPM,혜린제약,628,34955.46,547838
HRBI,현려바이오,628,100699.92,356518
JCSC,지찬반도체,628,76569.45,363199
JHFD,주현식품,628,39331.27,253751
MHCH,문호화학,628,63823.32,238425
SHEN,수하에너지,628,77931.45,372433
SYTR,성윤물산,628,30165.73,391139
THCT,태호건설,628,49052.35,280362
THTC,태환통신,628,45176.44,337237
YJBK,유진문고,628,37040.32,172715
YWEL,영욱전자,628,101145.43,100611
HDMT,현도자동차,629,142518.9,150814
HLPM,혜린제약,629,36115.54,456127
HRBI,현려바이오,629,104395.74,406203
JCSC,지찬반도체,629,79325.4,392724
JHFD,주현식품,629,40868.93,290097
MHCH,문호화학,629,66380.93,271832
SHEN,수하에너지,629,81023.42,341991
SYTR,성윤물산,629,31305.59,406100
THCT,태호건설,629,51002.61,213834
THTC,태환통신,629,46942.43,278281
YJBK,유진문고,629,38040.99,144112
YWEL,영욱전자,629,102986.31,143860
HDMT,현도자동차,630,146969.13,153242
HLPM,혜린제약,630,37360.32,561763
HRBI,현려바이오,630,108131.11,440836
JCSC,지찬반도체,630,82262.94,415373
JHFD,주현식품,630,42446.86,257361
MHCH,문호화학,630,69029.02,332975
SHEN,수하에너지,630,84257.83,330254
SYTR,성윤물산,630,32513.78,441901
THCT,태호건설,630,53012.43,294921
THTC,태환통신,630,48805.76,424202
YJBK,유진문고,630,38987.32,121048
YWEL,영욱전자,630,104605.52,125174
HDMT,현도자동차,631,151331.36,218754
HLPM,혜린제약,631,38693.62,535266
HRBI,현려바이오,631,111873.58,446134
JCSC,지찬반도체,631,85380.81,356855
JHFD,주현식품,631,44054.8,254209
MHCH,문호화학,631,71770.13,221652
SHEN,수하에너지,631,87633.34,316169
SYTR,성윤물산,631,33788.53,432510
THCT,태호건설,631,55073.99,299857
THTC,태환통신,631,50757.3,322789
YJBK,유진문고,631,39884.63,143060
YWEL,영욱전자,631,106005.97,128278
HDMT,현도자동차,632,155562.22,198326
HLPM,혜린제약,632,40111.2,562738
HRBI,현려바이오,632,115605.11,378000
JCSC,지찬반도체,632,88658.03,380943
JHFD,주현식품,632,45689.28,214720
MHCH,문호화학,632,74600.0,322733
SHEN,수하에너지,632,91127.07,334444
SYTR,성윤물산,632,35129.33,318339
THCT,태호건설,632,57197.95,222640
THTC,태환통신,632,52786.74,279744
YJBK,유진문고,632,40712.51,128622
YWEL,영욱전자,632,107192.36,130034
HDMT,현도자동차,633,159635.48,196710
HLPM,혜린제약,633,41616.23,518700
HRBI,현려바이오,633,119283.87,405985
JCSC,지찬반도체,633,92132.68,404535
JHFD,주현식품,633,47324.57,191477
MHCH,문호화학,633,77477.38,348395
SHEN,수하에너지,633,94752.42,329452
SYTR,성윤물산,633,36529.31,475935
THCT,태호건설,633,59361.7,303609
THTC,태환통신,633,54897.75,334376
YJBK,유진문고,633,41469.22,153396
YWEL,영욱전자,633,108115.75,131952
HDMT,현도자동차,634,163466.17,165314
HLPM,혜린제약,634,43217.41,470160
HRBI,현려바이오,634,122874.36,388337
JCSC,지찬반도체,634,95780.62,362232
JHFD,주현식품,634,48976.92,238551
MHCH,문호화학,634,80426.14,352716
SHEN,수하에너지,634,98465.34,356231
SYTR,성윤물산,634,37988.68,409009
THCT,태호건설,634,61532.7,314344
THTC,태환통신,634,57079.73,376146
YJBK,유진문고,634,42152.07,122446
YWEL,영욱전자,634,108770.3,119043
HDMT,현도자동차,635,167084.02,176750
HLPM,혜린제약,635,44902.61,506806
HRBI,현려바이오,635,126371.78,359005
JCSC,지찬반도체,635,99606.74,392423
JHFD,주현식품,635,50620.97,221635
MHCH,문호화학,635,83421.0,358074
SHEN,수하에너지,635,102262.19,296794
SYTR,성윤물산,635,39501.28,312740
THCT,태호건설,635,63724.41,228231
THTC,태환통신,635,59339.11,440453
YJBK,유진문고,635,42750.83,110907
YWEL,영욱전자,635,109195.94,118214
HDMT,현도자동차,636,170404.83,200532
HLPM,혜린제약,636,46676.12,560644
HRBI,현려바이오,636,129735.53,323701
JCSC,지찬반도체,636,103594.94,438913
JHFD,주현식품,636,52245.07,166850
MHCH,문호화학,636,86440.21,236914
SHEN,수하에너지,636,106127.98,241890
SYTR,성윤물산,636,41075.27,374807
THCT,태호건설,636,65899.39,289638
THTC,태환통신,636,61646.2,371563
YJBK,유진문고,636,43259.19,129587
YWEL,영욱전자,636,109335.85,94590
HDMT,현도자동차,637,173422.41,200334
HLPM,혜린제약,637,48532.7,557355
HRBI,현려바이오,637,132948.64,318646
JCSC,지찬반도체,637,107714.62,413064
JHFD,주현식품,637,53837.99,222698
MHCH,문호화학,637,89475.0,349034
SHEN,수하에너지,637,110046.81,364316
SYTR,성윤물산,637,42691.18,338627
THCT,태호건설,637,68075.83,278301
THTC,태환통신,637,64008.41,389266
YJBK,유진문고,637,43659.85,162825
YWEL,영욱전자,637,109194.8,99460
HDMT,현도자동차,638,176048.76,194525
HLPM,혜린제약,638,50474.46,440246
HRBI,현려바이오,638,135989.6,409879
JCSC,지찬반도체,638,111999.11,461642
JHFD,주현식품,638,55383.86,264494
MHCH,문호화학,638,92498.36,276619
SHEN,수하에너지,638,113993.4,286819
SYTR,성윤물산,638,44355.12,324786
THCT,태호건설,638,70215.75,294558
THTC,태환통신,638,66402.18,405523
YJBK,유진문고,638,43956.47,135923
YWEL,영욱전자,638,108780.38,95706
HDMT,현도자동차,639,178334.09,159019
HLPM,혜린제약,639,52485.34,409440
HRBI,현려바이오,639,138774.37,252516
JCSC,지찬반도체,639,116417.25,438590
JHFD,주현식품,639,56885.19,260235
MHCH,문호화학,639,95489.13,264141
SHEN,수하에너지,639,117968.23,247172
SYTR,성윤물산,639,46050.93,434607
THCT,태호건설,639,72313.51,240760
THTC,태환통신,639,68841.49,321097
YJBK,유진문고,639,44145.58,126553
YWEL,영욱전자,639,108088.9,102415
HDMT,현도자동차,640,180264.9,175254
HLPM,혜린제약,640,54576.11,488489
HRBI,현려바이오,640,141330.92,316422
JCSC,지찬반도체,640,120929.0,390184
JHFD,주현식품,640,58321.4,214135
MHCH,문호화학,640,98433.6,333232
SHEN,수하에너지,640,121896.45,333190
SYTR,성윤물산,640,47772.1,469254
THCT,태호건설,640,74355.83,263001
THTC,태환통신,640,71283.51,288748
YJBK,유진문고,640,44224.69,114400
YWEL,영욱전자,640,107155.67,125919
HDMT,현도자동차,641,181751.84,171424
HLPM,혜린제약,641,56729.79,441902
HRBI,현려바이오,641,143624.32,281226
JCSC,지찬반도체,641,125548.11,386580
JHFD,주현식품,641,59672.28,238328
MHCH,문호화학,641,101314.69,307014
SHEN,수하에너지,641,125787.0,281990
SYTR,성윤물산,641,49519.57,429668
THCT,태호건설,641,76326.13,275649
THTC,태환통신,641,73733.2,417486
YJBK,유진문고,641,44198.08,140300
YWEL,영욱전자,641,105971.69,123333
HDMT,현도자동차,642,182793.8,156951
HLPM,혜린제약,642,58936.22,359502
HRBI,현려바이오,642,145597.01,347780
JCSC,지찬반도체,642,130250.67,530245
JHFD,주현식품,642,60920.34,209716
MHCH,문호화학,642,104083.37,309955
SHEN,수하에너지,642,129612.56,271154
SYTR,성윤물산,642,51261.15,461130
THCT,태호건설,642,78181.36,266314
THTC,태환통신,642,76176.68,399299
YJBK,유진문고,642,44055.27,107009
YWEL,영욱전자,642,104534.76,97537
HDMT,현도자동차,643,183376.76,170124
HLPM,혜린제약,643,61189.68,360468
HRBI,현려바이오,643,147247.26,303861
JCSC,지찬반도체,643,135019.71,324772
JHFD,주현식품,643,62075.19,179851
MHCH,문호화학,643,106757.96,323606
SHEN,수하에너지,643,133331.96,261709
SYTR,성윤물산,643,53015.29,467671
THCT,태호건설,643,79930.49,264066
THTC,태환통신,643,78581.8,273656
YJBK,유진문고,643,43800.06,142176
YWEL,영욱전자,643,102865.11,129221
HDMT,현도자동차,644,183536.5,172840
HLPM,혜린제약,644,63484.31,530919
HRBI,현려바이오,644,148585.65,306660
JCSC,지찬반도체,644,139801.17,386862
JHFD,주현식품,644,63109.73,196866
MHCH,문호화학,644,109280.7,230265
SHEN,수하에너지,644,136935.36,307587
SYTR,성윤물산,644,54753.66,487148
THCT,태호건설,644,81534.5,270365
THTC,태환통신,644,80923.1,293553
YJBK,유진문고,644,43446.77,116872
YWEL,영욱전자,644,100978.82,125427
HDMT,현도자동차,645,183229.68,173039
HLPM,혜린제약,645,65807.5,458672
HRBI,현려바이오,645,149558.93,266458
JCSC,지찬반도체,645,144579.59,506805
JHFD,주현식품,645,64016.96,165248
MHCH,문호화학,645,111637.62,258937
SHEN,수하에너지,645,140345.86,334479
SYTR,성윤물산,645,56453.59,337087
THCT,태호건설,645,82999.15,180630
THTC,태환통신,645,83214.44,361820
YJBK,유진문고,645,42978.81,109148
YWEL,영욱전자,645,98937.47,99299
HDMT,현도자동차,646,182455.08,130336
HLPM,혜린제약,646,68155.2,468936
HRBI,현려바이오,646,150149.27,334286
JCSC,지찬반도체,646,149328.19,508479
JHFD,주현식품,646,64772.06,145393
MHCH,문호화학,646,113814.91,240997
SHEN,수하에너지,646,143564.74,312069
SYTR,성윤물산,646,58123.04,429595
THCT,태호건설,646,84297.85,261562
THTC,태환통신,646,85400.99,245576
YJBK,유진문고,646,42418.75,143489
YWEL,영욱전자,646,96708.85,96323
HDMT,현도자동차,647,181208.24,143216
HLPM,혜린제약,647,70497.97,348254
HRBI,현려바이오,647,150377.56,226429
JCSC,지찬반도체,647,153980.29,448646
JHFD,주현식품,647,65381.65,177712
MHCH,문호화학,647,115784.81,269962
SHEN,수하에너지,647,146537.65,242055
SYTR,성윤물산,647,59739.4,364102
THCT,태호건설,647,85444.0,232889
THTC,태환통신,647,87474.74,240077
YJBK,유진문고,647,41759.82,133813
YWEL,영욱전자,647,94343.53,151359
HDMT,현도자동차,648,179549.81,139075
HLPM,혜린제약,648,72819.54,508679
HRBI,현려바이오,648,150214.69,283114
JCSC,지찬반도체,648,158557.49,467313
JHFD,주현식품,648,65841.09,152927
MHCH,문호화학,648,117487.86,219978
SHEN,수하에너지,648,149273.8,262124
SYTR,성윤물산,648,61286.53,292414
THCT,태호건설,648,86371.47,212509
THTC,태환통신,648,89439.37,330764
YJBK,유진문고,648,41016.17,157242
YWEL,영욱전자,648,91839.59,159082
HDMT,현도자동차,649,177445.14,185624
HLPM,혜린제약,649,75125.75,372029
HRBI,현려바이오,649,149700.87,255740
JCSC,지찬반도체,649,162982.46,496743
JHFD,주현식품,649,66145.72,185236
MHCH,문호화학,649,118940.99,282627
SHEN,수하에너지,649,151714.77,249689
SYTR,성윤물산,649,62753.19,353848
THCT,태호건설,649,87105.91,173856
THTC,태환통신,649,91259.8,229576
YJBK,유진문고,649,40205.31,163306
YWEL,영욱전자,649,89249.38,118110
HDMT,현도자동차,650,174962.56,188563
HLPM,혜린제약,650,77374.9,541012
HRBI,현려바이오,650,148791.85,278189
JCSC,지찬반도체,650,167213.95,412532
JHFD,주현식품,650,66290.93,149650
MHCH,문호화학,650,120129.43,254895
SHEN,수하에너지,650,153815.99,196876
SYTR,성윤물산,650,64124.97,320415
THCT,태호건설,650,87642.49,201484
THTC,태환통신,650,92917.9,338893
YJBK,유진문고,650,39318.3,147772
YWEL,영욱전자,650,86572.73,155755
HDMT,현도자동차,651,172103.39,183071
HLPM,혜린제약,651,79576.34,427686
HRBI,현려바이오,651,147532.44,301470
JCSC,지찬반도체,651,171221.1,297682
JHFD,주현식품,651,66249.33,129794
MHCH,문호화학,651,121029.45,270386
SHEN,수하에너지,651,155591.59,218740
SYTR,성윤물산,651,65400.26,392910
THCT,태호건설,651,87964.28,197866
THTC,태환통신,651,94380.04,276001
YJBK,유진문고,651,38374.99,179123
YWEL,영욱전자,651,83838.27,162355
HDMT,현도자동차,652,168927.26,203925
HLPM,혜린제약,652,81674.92,493098
HRBI,현려바이오,652,145938.35,225325
JCSC,지찬반도체,652,174972.31,441735
JHFD,주현식품,652,66051.55,182715
MHCH,문호화학,652,121632.61,230513
SHEN,수하에너지,652,157009.12,205333
SYTR,성윤물산,652,66540.46,385326
THCT,태호건설,652,88038.46,174734
THTC,태환통신,652,95628.95,302994
YJBK,유진문고,652,37377.28,164743
YWEL,영욱전자,652,81057.05,159583
HDMT,현도자동차,653,165409.48,177624
HLPM,혜린제약,653,83696.91,496036
HRBI,현려바이오,653,143989.83,377070
JCSC,지찬반도체,653,178465.55,316925
JHFD,주현식품,653,65681.92,183332
MHCH,문호화학,653,121948.04,191695
SHEN,수하에너지,653,158038.92,265310
SYTR,성윤물산,653,67561.98,310344
THCT,태호건설,653,87888.37,177267
THTC,태환통신,653,96676.49,229875
YJBK,유진문고,653,36338.07,187067
YWEL,영욱전자,653,78258.17,157645
HDMT,현도자동차,654,161622.43,183112
HLPM,혜린제약,654,85570.75,430968
HRBI,현려바이오,654,141737.87,375202
JCSC,지찬반도체,654,181610.64,299402
JHFD,주현식품,654,65158.19,176482
MHCH,문호화학,654,121955.6,173913
SHEN,수하에너지,654,158714.23,199782
SYTR,성윤물산,654,68434.42,354902
THCT,태호건설,654,87520.12,169440
THTC,태환통신,654,97505.13,263388
YJBK,유진문고,654,35259.24,125650
YWEL,영욱전자,654,75469.95,156993
HDMT,현도자동차,655,157555.16,206478
HLPM,혜린제약,655,87303.99,452022
HRBI,현려바이오,655,139209.76,322807
JCSC,지찬반도체,655,184411.2,349455
JHFD,주현식품,655,64484.09,189540
MHCH,문호화학,655,121648.86,165993
SHEN,수하에너지,655,158978.07,198199
SYTR,성윤물산,655,69154.89,267364
THCT,태호건설,655,86959.67,157678
THTC,태환통신,655,98085.97,288045
YJBK,유진문고,655,34156.5,125057
YWEL,영욱전자,655,72703.6,130623
HDMT,현도자동차,656,153335.39,190068
HLPM,혜린제약,656,88893.8,394944
HRBI,현려바이오,656,136398.62,359539
JCSC,지찬반도체,656,186792.13,383130
JHFD,주현식품,656,63654.04,212572
MHCH,문호화학,656,121055.6,239613
SHEN,수하에너지,656,158860.13,269053
SYTR,성윤물산,656,69717.22,362798
THCT,태호건설,656,86172.58,222765
THTC,태환통신,656,98431.24,206054
YJBK,유진문고,656,33036.37,142063
YWEL,영욱전자,656,69967.66,121473
HDMT,현도자동차,657,148965.07,186883
HLPM,혜린제약,657,90307.07,392152
HRBI,현려바이오,657,133335.26,288157
JCSC,지찬반도체,657,188776.13,288348
JHFD,주현식품,657,62685.53,204480
MHCH,문호화학,657,120161.13,202911
SHEN,수하에너지,657,158326.39,184400
SYTR,성윤물산,657,70118.38,272039
THCT,태호건설,657,85196.75,202046
THTC,태환통신,657,98548.76,209727
YJBK,유진문고,657,31903.58,139978
YWEL,영욱전자,657,67288.47,134939
HDMT,현도자동차,658,144461.29,184803
HLPM,혜린제약,658,91528.33,343646
HRBI,현려바이오,658,130089.07,405584
JCSC,지찬반도체,658,190317.85,263230
JHFD,주현식품,658,61587.3,234629
MHCH,문호화학,658,118971.47,209264
SHEN,수하에너지,658,157414.99,199024
SYTR,성윤물산,658,70338.1,272811
THCT,태호건설,658,84024.07,212560
THTC,태환통신,658,98411.47,277004
YJBK,유진문고,658,30775.65,145116
YWEL,영욱전자,658,64659.38,132819
HDMT,현도자동차,659,139820.89,212425
HLPM,혜린제약,659,92562.3,310641
HRBI,현려바이오,659,126660.81,343120
JCSC,지찬반도체,659,191396.94,352717
JHFD,주현식품,659,60370.09,246572
MHCH,문호화학,659,117533.73,224393
SHEN,수하에너지,659,156105.55,235363
SYTR,성윤물산,659,70384.3,308188
THCT,태호건설,659,82669.23,241969
THTC,태환통신,659,98019.92,255804
YJBK,유진문고,659,29649.7,134413
YWEL,영욱전자,659,62101.76,165193
HDMT,현도자동차,660,135147.69,188155
HLPM,혜린제약,660,93360.41,377282
HRBI,현려바이오,660,123098.2,318843
JCSC,지찬반도체,660,191994.79,347918
JHFD,주현식품,660,59046.99,154214
MHCH,문호화학,660,115797.76,201501
SHEN,수하에너지,660,154418.95,255151
SYTR,성윤물산,660,70256.32,351005
THCT,태호건설,660,81151.74,264114
THTC,태환통신,660,97396.45,292296
YJBK,유진문고,660,28539.25,191109
YWEL,영욱전자,660,59626.38,125685
HDMT,현도자동차,661,130457.82,219693
HLPM,혜린제약,661,93936.24,416678
HRBI,현려바이오,661,119411.96,417252
JCSC,지찬반도체,661,192153.51,279022
JHFD,주현식품,661,57633.57,224479
MHCH,문호화학,661,113855.34,295927
SHEN,수하에너지,661,152387.0,276231
SYTR,성윤물산,661,69948.88,305749
THCT,태호건설,661,79475.03,246895
THTC,태환통신,661,96535.92,211158
YJBK,유진문고,661,27443.86,206966
YWEL,영욱전자,661,57248.64,114907
HDMT,현도자동차,662,125790.45,178889
HLPM,혜린제약,662,94292.33,314867
HRBI,현려바이오,662,115665.24,296565
JCSC,지찬반도체,662,191799.4,267185
JHFD,주현식품,662,56147.68,171206
MHCH,문호화학,662,111668.01,206518
SHEN,수하에너지,662,150041.73,246306
SYTR,성윤물산,662,69474.48,354896
THCT,태호건설,662,77669.96,227273
THTC,태환통신,662,95443.48,204459
YJBK,유진문고,662,26374.64,207751
YWEL,영욱전자,662,54961.54,122673
HDMT,현도자동차,663,121147.13,237406
HLPM,혜린제약,663,94419.26,304665
HRBI,현려바이오,663,111853.83,327754
JCSC,지찬반도체,663,190959.73,323424
JHFD,주현식품,663,54598.75,182862
MHCH,문호화학,663,109271.89,244105
SHEN,수하에너지,663,147381.72,269163
SYTR,성윤물산,663,68828.55,349002
THCT,태호건설,663,75750.5,240685
THTC,태환통신,663,94126.01,291925
YJBK,유진문고,663,25337.44,150995
YWEL,영욱전자,663,52761.58,135669
HDMT,현도자동차,664,116544.91,250867
HLPM,혜린제약,664,94301.66,337504
HRBI,현려바이오,664,107995.17,440573
JCSC,지찬반도체,664,189666.2,382793
JHFD,주현식품,664,52993.84,264456
MHCH,문호화학,664,106705.24,206936
SHEN,수하에너지,664,144453.64,296491
SYTR,성윤물산,664,68019.83,325679
THCT,태호건설,664,73730.65,199066
THTC,태환통신,664,92626.22,299897
YJBK,유진문고,664,24330.49,176505
YWEL,영욱전자,664,50668.87,137193
HDMT,현도자동차,665,112061.15,184084
HLPM,혜린제약,665,93906.5,307733
HRBI,현려바이오,665,104167.81,325581
JCSC,지찬반도체,665,187910.44,371257
JHFD,주현식품,665,51343.83,255886
MHCH,문호화학,665,103983.84,252158
SHEN,수하에너지,665,141289.26,211004
SYTR,성윤물산,665,67066.68,272817
THCT,태호건설,665,71645.74,224485
THTC,태환통신,665,90924.92,257721
YJBK,유진문고,665,23356.24,216487
YWEL,영욱전자,665,48687.9,155766
HDMT,현도자동차,666,107663.79,163651
HLPM,혜린제약,666,93318.43,305448
HRBI,현려바이오,666,100350.93,433622
JCSC,지찬반도체,666,185691.9,411971
JHFD,주현식품,666,49675.44,238960
MHCH,문호화학,666,101140.11,227812
SHEN,수하에너지,666,137859.05,226715
SYTR,성윤물산,666,65969.47,314439
THCT,태호건설,666,69486.59,198213
THTC,태환통신,666,89063.5,268852
YJBK,유진문고,666,22421.56,176466
YWEL,영욱전자,666,46813.95,120820
HDMT,현도자동차,667,103395.91,246168
HLPM,혜린제약,667,92502.65,342681
HRBI,현려바이오,667,96583.29,354874
JCSC,지찬반도체,667,183088.84,363216
JHFD,주현식품,667,47993.82,252252
MHCH,문호화학,667,98198.14,216081
SHEN,수하에너지,667,134266.99,307222
SYTR,성윤물산,667,64735.07,307137
THCT,태호건설,667,67272.98,225524
THTC,태환통신,667,87029.11,239978
YJBK,유진문고,667,21529.31,181347
YWEL,영욱전자,667,45050.13,130139
HDMT,현도자동차,668,99276.07,248634
HLPM,혜린제약,668,91477.59,416898
HRBI,현려바이오,668,92883.61,302302
JCSC,지찬반도체,668,180091.43,428574
JHFD,주현식품,668,46306.25,202508
MHCH,문호화학,668,95172.82,307492
SHEN,수하에너지,668,130515.3,356705
SYTR,성윤물산,668,63386.46,411684
THCT,태호건설,668,65041.04,236747
THTC,태환통신,668,84869.01,376586
YJBK,유진문고,668,20674.47,163103
YWEL,영욱전자,668,43390.72,138456
HDMT,현도자동차,669,95302.26,225116
HLPM,혜린제약,669,90245.55,304273
HRBI,현려바이오,669,89267.17,361319
JCSC,지찬반도체,669,176748.01,378701
JHFD,주현식품,669,44622.29,267100
MHCH,문호화학,669,92118.82,290974
SHEN,수하에너지,669,126657.1,321926
SYTR,성윤물산,669,61929.09,355038
THCT,태호건설,669,62790.61,246118
THTC,태환통신,669,82611.22,247681
YJBK,유진문고,669,19865.78,216596
YWEL,영욱전자,669,41844.85,119157
HDMT,현도자동차,670,91494.44,169095
HLPM,혜린제약,670,88812.65,305737
HRBI,현려바이오,670,85729.73,373727
JCSC,지찬반도체,670,173069.18,429566
JHFD,주현식품,670,42955.78,240313
MHCH,문호화학,670,89033.13,265320
SHEN,수하에너지,670,122685.44,330588
SYTR,성윤물산,670,60383.0,451348
THCT,태호건설,670,60538.06,215617
THTC,태환통신,670,80257.82,312315
YJBK,유진문고,670,19101.44,156470
YWEL,영욱전자,670,40402.44,113216
HDMT,현도자동차,671,87857.44,241607
HLPM,혜린제약,671,87194.06,414199
HRBI,현려바이오,671,82325.56,360039
JCSC,지찬반도체,671,169080.32,449008
JHFD,주현식품,671,41310.83,243366
MHCH,문호화학,671,85918.03,349605
SHEN,수하에너지,671,118652.71,276788
SYTR,성윤물산,671,58758.98,401342
THCT,태호건설,671,58300.71,242069
THTC,태환통신,671,77837.67,292868
YJBK,유진문고,671,18380.6,181376
YWEL,영욱전자,671,39057.66,168105
HDMT,현도자동차,672,84387.32,252339
HLPM,혜린제약,672,85416.11,461208
HRBI,현려바이오,672,79052.57,435848
JCSC,지찬반도체,672,164844.76,326707
JHFD,주현식품,672,39705.86,225089
MHCH,문호화학,672,82814.64,304766
SHEN,수하에너지,672,114590.34,310130
SYTR,성윤물산,672,57081.33,465902
THCT,태호건설,672,56096.48,260129
THTC,태환통신,672,75373.43,281323
YJBK,유진문고,672,17699.48,210578
YWEL,영욱전자,672,37825.48,127308
HDMT,현도자동차,673,81098.13,225222
HLPM,혜린제약,673,83501.49,388619
HRBI,현려바이오,673,75893.74,351688
JCSC,지찬반도체,673,160388.0,478320
JHFD,주현식품,673,38144.16,213791
MHCH,문호화학,673,79735.79,248304
SHEN,수하에너지,673,110526.36,276424
SYTR,성윤물산,673,55352.6,403743
THCT,태호건설,673,53931.49,267793
THTC,태환통신,673,72876.44,330065
YJBK,유진문고,673,17063.97,146409
YWEL,영욱전자,673,36690.27,124105
HDMT,현도자동차,674,78006.41,247197
HLPM,혜린제약,674,81446.81,315679
HRBI,현려바이오,674,72860.97,457651
JCSC,지찬반도체,674,155759.8,404946
JHFD,주현식품,674,36625.87,256164
MHCH,문호화학,674,76712.33,265695
SHEN,수하에너지,674,106493.0,267570
SYTR,성윤물산,674,53579.92,332545
THCT,태호건설,674,51819.59,294708
THTC,태환통신,674,70374.11,378469
YJBK,유진문고,674,16474.4,171668
YWEL,영욱전자,674,35653.22,121089
HDMT,현도자동차,675,75084.11,234669
HLPM,혜린제약,675,79304.49,360833
HRBI,현려바이오,675,69983.88,290100
JCSC,지찬반도체,675,151013.96,319110
JHFD,주현식품,675,35162.68,267973
MHCH,문호화학,675,73737.79,292181
SHEN,수하에너지,675,102491.49,357999
SYTR,성윤물산,675,51787.25,305073
THCT,태호건설,675,49761.43,262171
THTC,태환통신,675,67859.98,391447
YJBK,유진문고,675,15921.25,202620
YWEL,영욱전자,675,34715.15,126713
HDMT,현도자동차,676,72339.8,157743
HLPM,혜린제약,676,77058.3,396483
HRBI,현려바이오,676,67234.44,303635
JCSC,지찬반도체,676,146187.64,369439
JHFD,주현식품,676,33750.67,240201
MHCH,문호화학,676,70850.35,284794
SHEN,수하에너지,676,98560.09,301666
SYTR,성윤물산,676,49998.02,421562
THCT,태호건설,676,47773.95,258035
THTC,태환통신,676,65357.72,430937
YJBK,유진문고,676,15411.2,157152
YWEL,영욱전자,676,33862.26,109003
HDMT,현도자동차,677,69781.92,237151
HLPM,혜린제약,677,74740.72,540920
HRBI,현려바이오,677,64645.76,301257
JCSC,지찬반도체,677,141274.99,436256
JHFD,주현식품,677,32405.5,193558
MHCH,문호화학,677,68056.36,274556
SHEN,수하에너지,677,94733.49,357148
SYTR,성윤물산,677,48203.52,335570
THCT,태호건설,677,45863.78,274290
THTC,태환통신,677,62895.47,417999
YJBK,유진문고,677,14943.77,126322
YWEL,영욱전자,677,33099.61,96870
HDMT,현도자동차,678,67403.41,212223
HLPM,혜린제약,678,72359.02,464247
HRBI,현려바이오,678,62220.34,293608
JCSC,지찬반도체,678,136371.51,432858
JHFD,주현식품,678,31123.33,225985
MHCH,문호화학,678,65342.08,248263
SHEN,수하에너지,678,90995.56,291233
SYTR,성윤물산,678,46420.62,393930
THCT,태호건설,678,44028.59,202686
THTC,태환통신,678,60483.42,362224
YJBK,유진문고,678,14515.69,157616
YWEL,영욱전자,678,32428.06,150675
HDMT,현도자동차,679,65193.2,173946
HLPM,혜린제약,679,69972.7,435211
HRBI,현려바이오,679,59922.68,340080
JCSC,지찬반도체,679,131472.2,376370
JHFD,주현식품,679,29902.74,180375
MHCH,문호화학,679,62736.93,298845
SHEN,수하에너지,679,87372.89,374226
SYTR,성윤물산,679,44661.64,444616
THCT,태호건설,679,42274.83,250880
THTC,태환통신,679,58115.27,352711
YJBK,유진문고,679,14125.94,183777
YWEL,영욱전자,679,31840.75,114998
HDMT,현도자동차,680,63153.56,201884
HLPM,혜린제약,680,67567.81,340164
HRBI,현려바이오,680,57778.26,306651
JCSC,지찬반도체,680,126601.11,472703
JHFD,주현식품,680,28748.83,200210
MHCH,문호화학,680,60238.01,240665
SHEN,수하에너지,680,83893.3,359264
SYTR,성윤물산,680,42943.58,492183
THCT,태호건설,680,40610.18,233888
THTC,태환통신,680,55820.1,334227
YJBK,유진문고,680,13771.48,131653
YWEL,영욱전자,680,31336.09,124200
HDMT,현도자동차,681,61286.88,185497
HLPM,혜린제약,681,65164.08,381299
HRBI,현려바이오,681,55786.53,337101
JCSC,지찬반도체,681,121797.13,444311
JHFD,주현식품,681,27660.09,198670
MHCH,문호화학,681,57855.63,353134
SHEN,수하에너지,681,80534.51,259533
SYTR,성윤물산,681,41258.28,369153
THCT,태호건설,681,39023.16,234413
THTC,태환통신,681,53600.56,278769
YJBK,유진문고,681,13454.14,149828
YWEL,영욱전자,681,30906.02,101212
HDMT,현도자동차,682,59567.96,190118
HLPM,혜린제약,682,62775.98,457017
HRBI,현려바이오,682,53941.45,353734
JCSC,지찬반도체,682,117083.13,337870
JHFD,주현식품,682,26639.61,228617
MHCH,문호화학,682,55580.19,313830
SHEN,수하에너지,682,77319.53,348688
SYTR,성윤물산,682,39626.36,407612
THCT,태호건설,682,37529.2,301595
THTC,태환통신,682,51458.91,323785
YJBK,유진문고,682,13175.98,183201
YWEL,영욱전자,682,30557.62,119724
HDMT,현도자동차,683,58013.4,156064
HLPM,혜린제약,683,60414.41,551016
HRBI,현려바이오,683,52231.13,306972
JCSC,지찬반도체,683,112525.96,486264
JHFD,주현식품,683,25681.16,182590
MHCH,문호화학,683,53427.2,294585
SHEN,수하에너지,683,74242.58,390646
SYTR,성윤물산,683,38049.74,466696
THCT,태호건설,683,36117.58,213655
THTC,태환통신,683,49402.34,314848
YJBK,유진문고,683,12931.84,150878
YWEL,영욱전자,683,30288.54,129001
HDMT,현도자동차,684,56605.89,157756
HLPM,혜린제약,684,58101.29,443827
HRBI,현려바이오,684,50656.58,288280
JCSC,지찬반도체,684,108062.84,444777
JHFD,주현식품,684,24788.48,170589
MHCH,문호화학,684,51400.79,279306
SHEN,수하에너지,684,71339.77,336830
SYTR,성윤물산,684,36534.16,330673
THCT,태호건설,684,34797.51,322592
THTC,태환통신,684,47439.78,292506
YJBK,유진문고,684,12721.69,131947
YWEL,영욱전자,684,30094.24,119833
HDMT,현도자동차,685,55347.66,170186
HLPM,혜린제약,685,55832.9,414362
HRBI,현려바이오,685,49221.67,347062
JCSC,지찬반도체,685,103755.31,545731
JHFD,주현식품,685,23959.75,226317
MHCH,문호화학,685,49486.39,256835
SHEN,수하에너지,685,68598.62,261304
SYTR,성윤물산,685,35075.24,392527
THCT,태호건설,685,33561.76,204590
THTC,태환통신,685,45567.8,269637
YJBK,유진문고,685,12542.72,106854
YWEL,영욱전자,685,29981.46,88412
HDMT,현도자동차,686,54257.14,164105
HLPM,혜린제약,686,53628.17,383561
HRBI,현려바이오,686,47918.24,406641
JCSC,지찬반도체,686,99619.66,414473
JHFD,주현식품,686,23190.83,168216
MHCH,문호화학,686,47692.74,331579
SHEN,수하에너지,686,66011.53,261595
SYTR,성윤물산,686,33679.75,319315
THCT,태호건설,686,32415.58,240905
THTC,태환통신,686,43789.05,309724
YJBK,유진문고,686,12394.18,117032
YWEL,영욱전자,686,29942.33,102966
HDMT,현도자동차,687,53293.95,195224
HLPM,혜린제약,687,51493.12,455182
HRBI,현려바이오,687,46728.55,372449
JCSC,지찬반도체,687,95639.78,480560
JHFD,주현식품,687,22480.34,219952
MHCH,문호화학,687,46026.05,275409
SHEN,수하에너지,687,63578.65,274962
SYTR,성윤물산,687,32353.25,444346
THCT,태호건설,687,31345.74,310045
THTC,태환통신,687,42112.22,337435
YJBK,유진문고,687,12278.14,139971
YWEL,영욱전자,687,29981.92,80703
HDMT,현도자동차,688,52465.01,151059
HLPM,혜린제약,688,49433.66,431815
HRBI,현려바이오,688,45668.94,259234
JCSC,지찬반도체,688,91843.5,414775
JHFD,주현식품,688,21831.46,165929
MHCH,문호화학,688,44472.05,221736
SHEN,수하에너지,688,61292.81,391932
SYTR,성윤물산,688,31101.67,497047
THCT,태호건설,688,30358.59,200951
THTC,태환통신,688,40527.63,344772
YJBK,유진문고,688,12193.57,127325
YWEL,영욱전자,688,30092.15,119097
HDMT,현도자동차,689,51783.5,144971
HLPM,혜린제약,689,47458.73,551890
HRBI,현려바이오,689,44735.77,243518
JCSC,지찬반도체,689,88211.49,372271
JHFD,주현식품,689,21244.19,192428
MHCH,문호화학,689,43027.98,315822
SHEN,수하에너지,689,59156.49,339356
SYTR,성윤물산,689,29915.72,447123
THCT,태호건설,689,29455.01,193370
THTC,태환통신,689,39040.4,325089
YJBK,유진문고,689,12140.15,126191
YWEL,영욱전자,689,30282.51,110236
HDMT,현도자동차,690,51217.34,177322
HLPM,혜린제약,690,45569.5,528953
HRBI,현려바이오,690,43910.97,262334
JCSC,지찬반도체,690,84773.84,389118
JHFD,주현식품,690,20709.53,258577
MHCH,문호화학,690,41697.44,240203
SHEN,수하에너지,690,57182.64,357495
SYTR,성윤물산,690,28799.93,472738
THCT,태호건설,690,28629.21,201403
THTC,태환통신,690,37654.05,400311
YJBK,유진문고,690,12118.86,111318
YWEL,영욱전자,690,30542.97,98123
HDMT,현도자동차,691,50796.02,175914
HLPM,혜린제약,691,43768.8,404831
HRBI,현려바이오,691,43203.0,360019
JCSC,지찬반도체,691,81536.44,543411
JHFD,주현식품,691,20228.87,164358
MHCH,문호화학,691,40475.78,270028
SHEN,수하에너지,691,55353.3,230305
SYTR,성윤물산,691,27746.83,406522
THCT,태호건설,691,27879.13,262877
THTC,태환통신,691,36364.52,323903
YJBK,유진문고,691,12127.01,102771
YWEL,영욱전자,691,30880.85,107060
HDMT,현도자동차,692,50501.07,137365
HLPM,혜린제약,692,42066.95,527433
HRBI,현려바이오,692,42605.51,246050
JCSC,지찬반도체,692,78477.11,478343
JHFD,주현식품,692,19804.15,211942
MHCH,문호화학,692,39364.55,269413
SHEN,수하에너지,692,53673.51,333925
SYTR,성윤물산,692,26762.67,332828
THCT,태호건설,692,27192.41,233490
THTC,태환통신,692,35169.29,287019
YJBK,유진문고,692,12166.75,122786
YWEL,영욱전자,692,31304.6,131312
HDMT,현도자동차,693,50334.07,172619
HLPM,혜린제약,693,40441.96,433511
HRBI,현려바이오,693,42119.0,232569
JCSC,지찬반도체,693,75609.32,501886
JHFD,주현식품,693,19428.31,181473
MHCH,문호화학,693,38359.13,256546
SHEN,수하에너지,693,52138.7,321643
SYTR,성윤물산,693,25847.8,314135
THCT,태호건설,693,26591.58,248290
THTC,태환통신,693,34057.17,366858
YJBK,유진문고,693,12234.55,102867
YWEL,영욱전자,693,31802.54,107907
HDMT,현도자동차,694,50299.19,135738
HLPM,혜린제약,694,38916.24,430075
HRBI,현려바이오,694,41738.12,338653
JCSC,지찬반도체,694,72936.86,518671
JHFD,주현식품,694,19105.55,173681
MHCH,문호화학,694,37455.58,257027
SHEN,수하에너지,694,50746.71,234734
SYTR,성윤물산,694,25001.63,337933
THCT,태호건설,694,26055.41,180986
THTC,태환통신,694,33042.23,352195
YJBK,유진문고,694,12335.26,136581
YWEL,영욱전자,694,32382.22,116182
HDMT,현도자동차,695,50385.31,145923
HLPM,혜린제약,695,37489.42,512215
HRBI,현려바이오,695,41465.55,243775
JCSC,지찬반도체,695,70449.13,421314
JHFD,주현식품,695,18832.39,167188
MHCH,문호화학,695,36647.44,190994
SHEN,수하에너지,695,49482.45,287334
SYTR,성윤물산,695,24218.02,379215
THCT,태호건설,695,25589.88,203927
THTC,태환통신,695,32112.68,259953
YJBK,유진문고,695,12467.94,140346
YWEL,영욱전자,695,33042.91,140085
HDMT,현도자동차,696,50600.1,181925
HLPM,혜린제약,696,36157.24,535991
HRBI,현려바이오,696,41300.01,230276
JCSC,지찬반도체,696,68140.52,493648
JHFD,주현식품,696,18606.59,211444
MHCH,문호화학,696,35940.15,224255
SHEN,수하에너지,696,48346.1,324875
SYTR,성윤물산,696,23500.86,296516
THCT,태호건설,696,25187.07,182872
THTC,태환통신,696,31267.83,376800
YJBK,유진문고,696,12630.89,106894
YWEL,영욱전자,696,33785.74,135496
HDMT,현도자동차,697,50939.19,145802
HLPM,혜린제약,697,34914.89,463321
HRBI,현려바이오,697,41243.54,209409
JCSC,지찬반도체,697,66004.05,501172
JHFD,주현식품,697,18429.52,147781
MHCH,문호화학,697,35323.2,264990
SHEN,수하에너지,697,47343.0,292727
SYTR,성윤물산,697,22845.83,375126
THCT,태호건설,697,24850.37,194694
THTC,태환통신,697,30511.96,304362
YJBK,유진문고,697,12825.36,141198
YWEL,영욱전자,697,34620.14,140923
HDMT,현도자동차,698,51399.48,159442
HLPM,혜린제약,698,33759.26,445852
HRBI,현려바이오,698,41285.86,313993
JCSC,지찬반도체,698,64046.83,438221
JHFD,주현식품,698,18299.52,177719
MHCH,문호화학,698,34799.93,195928
SHEN,수하에너지,698,46467.9,222353
SYTR,성윤물산,698,22251.65,322768
THCT,태호건설,698,24579.2,240545
THTC,태환통신,698,29832.16,282871
YJBK,유진문고,698,13050.68,125022
YWEL,영욱전자,698,35531.0,161077
HDMT,현도자동차,699,51988.95,173441
HLPM,혜린제약,699,32692.2,399024
HRBI,현려바이오,699,41439.36,209252
JCSC,지찬반도체,699,62262.46,327784
JHFD,주현식품,699,18219.56,176159
MHCH,문호화학,699,34361.77,230933
SHEN,수하에너지,699,45713.17,320771
SYTR,성윤물산,699,21712.67,393699
THCT,태호건설,699,24370.68,175472
THTC,태환통신,699,29227.91,274301
YJBK,유진문고,699,13310.86,153749
YWEL,영욱전자,699,36529.02,159131
HDMT,현도자동차,700,52717.66,166712
HLPM,혜린제약,700,31712.63,459403
HRBI,현려바이오,700,41694.21,267423
JCSC,지찬반도체,700,60645.16,396038
JHFD,주현식품,700,18184.88,196789
MHCH,문호화학,700,34019.26,219587
SHEN,수하에너지,700,45075.23,248090
SYTR,성윤물산,700,21239.81,325337
THCT,태호건설,700,24225.66,212110
THTC,태환통신,700,28702.68,349349
YJBK,유진문고,700,13604.77,118334
YWEL,영욱전자,700,37623.42,113785
HDMT,현도자동차,701,53580.14,134840
HLPM,혜린제약,701,30810.55,355586
HRBI,현려바이오,701,42042.95,251292
JCSC,지찬반도체,701,59191.75,476752
JHFD,주현식품,701,18194.42,158302
MHCH,문호화학,701,33755.9,272669
SHEN,수하에너지,701,44552.82,208042
SYTR,성윤물산,701,20820.05,370528
THCT,태호건설,701,24138.63,202140
THTC,태환통신,701,28250.18,308424
YJBK,유진문고,701,13933.19,147377
YWEL,영욱전자,701,38813.31,134742
HDMT,현도자동차,702,54568.97,136290
HLPM,혜린제약,702,29995.77,524730
HRBI,현려바이오,702,42495.5,272108
JCSC,지찬반도체,702,57895.34,445928
JHFD,주현식품,702,18252.9,190249
MHCH,문호화학,702,33586.13,258646
SHEN,수하에너지,702,44143.78,274457
SYTR,성윤물산,702,20454.91,292142
THCT,태호건설,702,24114.34,201335
THTC,태환통신,702,27869.3,322566
YJBK,유진문고,702,14296.87,126542
YWEL,영욱전자,702,40095.15,173457
HDMT,현도자동차,703,55704.79,214663
HLPM,혜린제약,703,29260.14,365676
HRBI,현려바이오,703,43056.57,338743
JCSC,지찬반도체,703,56745.18,423817
JHFD,주현식품,703,18355.52,194981
MHCH,문호화학,703,33498.2,193953
SHEN,수하에너지,703,43843.08,259795
SYTR,성윤물산,703,20141.61,311047
THCT,태호건설,703,24149.25,165369
THTC,태환통신,703,27565.4,332585
YJBK,유진문고,703,14696.24,130523
YWEL,영욱전자,703,41474.57,130802
HDMT,현도자동차,704,56974.04,167825
HLPM,혜린제약,704,28598.37,471413
HRBI,현려바이오,704,43724.93,308663
JCSC,지찬반도체,704,55750.05,281087
JHFD,주현식품,704,18499.29,178517
MHCH,문호화학,704,33496.39,199776
SHEN,수하에너지,704,43659.15,278750
SYTR,성윤물산,704,19878.56,304960
THCT,태호건설,704,24239.93,199107
THTC,태환통신,704,27331.71,230635
YJBK,유진문고,704,15131.83,188296
YWEL,영욱전자,704,42957.69,142181
HDMT,현도자동차,705,58389.52,167515
HLPM,혜린제약,705,28018.34,437876
HRBI,현려바이오,705,44512.11,314135
JCSC,지찬반도체,705,54894.0,416937
JHFD,주현식품,705,18696.61,145509
MHCH,문호화학,705,33576.31,228480
SHEN,수하에너지,705,43582.27,221803
SYTR,성윤물산,705,19669.77,337834
THCT,태호건설,705,24398.08,206877
THTC,태환통신,705,27166.28,321399
YJBK,유진문고,705,15602.8,139077
YWEL,영욱전자,705,44523.76,152828
HDMT,현도자동차,706,59954.74,203952
HLPM,혜린제약,706,27507.96,336022
HRBI,현려바이오,706,45413.7,390720
JCSC,지찬반도체,706,54172.63,430317
JHFD,주현식품,706,18935.67,149333
MHCH,문호화학,706,33742.76,188012
SHEN,수하에너지,706,43619.91,171051
SYTR,성윤물산,706,19508.54,342451
THCT,태호건설,706,24617.49,160512
THTC,태환통신,706,27069.83,293206
YJBK,유진문고,706,16116.73,207306
YWEL,영욱전자,706,46194.21,141970
HDMT,현도자동차,707,61665.19,141388
HLPM,혜린제약,707,27073.21,357903
HRBI,현려바이오,707,46426.44,382883
JCSC,지찬반도체,707,53607.04,313277
JHFD,주현식품,707,19226.41,144766
MHCH,문호화학,707,33987.4,188341
SHEN,수하에너지,707,43768.26,265206
SYTR,성윤물산,707,19398.27,230753
THCT,태호건설,707,24902.05,222066
THTC,태환통신,707,27045.89,235715
YJBK,유진문고,707,16663.39,167086
YWEL,영욱전자,707,47974.01,160607
HDMT,현도자동차,708,63535.48,207817
HLPM,혜린제약,708,26703.9,407431
HRBI,현려바이오,708,47548.15,340737
JCSC,지찬반도체,708,53173.2,306544
JHFD,주현식품,708,19563.77,157034
MHCH,문호화학,708,34330.94,260164
SHEN,수하에너지,708,44023.24,202311
SYTR,성윤물산,708,19337.09,352606
THCT,태호건설,708,25241.74,223540
THTC,태환통신,708,27084.59,270617
YJBK,유진문고,708,17252.41,145038
YWEL,영욱전자,708,49843.33,127830
HDMT,현도자동차,709,65561.84,173140
HLPM,혜린제약,709,26405.8,292560
HRBI,현려바이오,709,48793.66,423577
JCSC,지찬반도체,709,52872.09,339580
JHFD,주현식품,709,19951.48,197273
MHCH,문호화학,709,34756.96,180515
SHEN,수하에너지,709,44389.57,202997
SYTR,성윤물산,709,19318.22,300443
THCT,태호건설,709,25649.21,231236
THTC,태환통신,709,27195.53,272290
YJBK,유진문고,709,17879.35,188925
YWEL,영욱전자,709,51809.92,154465
HDMT,현도자동차,710,67743.43,195159
HLPM,혜린제약,710,26176.22,438802
HRBI,현려바이오,710,50169.97,296948
JCSC,지찬반도체,710,52710.96,245072
JHFD,주현식품,710,20390.2,250812
MHCH,문호화학,710,35269.3,269859
SHEN,수하에너지,710,44864.79,289242
SYTR,성윤물산,710,19354.57,280062
THCT,태호건설,710,26122.05,188825
THTC,태환통신,710,27368.0,311076
YJBK,유진문고,710,18549.08,176526
YWEL,영욱전자,710,53867.61,180464
HDMT,현도자동차,711,70100.07,204746
HLPM,혜린제약,711,26011.37,344097
HRBI,현려바이오,711,51665.65,271408
JCSC,지찬반도체,711,52678.59,227235
JHFD,주현식품,711,20877.71,215114
MHCH,문호화학,711,35865.83,259204
SHEN,수하에너지,711,45448.56,287554
SYTR,성윤물산,711,19436.61,313194
THCT,태호건설,711,26661.21,255745
THTC,태환통신,711,27613.69,253926
YJBK,유진문고,711,19260.22,176265
YWEL,영욱전자,711,56019.93,117618
HDMT,현도자동차,712,72611.96,243033
HLPM,혜린제약,712,25911.6,410481
HRBI,현려바이오,712,53291.45,307796
JCSC,지찬반도체,712,52771.63,342102
JHFD,주현식품,712,21418.69,178284
MHCH,문호화학,712,36558.46,212756
SHEN,수하에너지,712,46151.85,325398
SYTR,성윤물산,712,19570.03,322202
THCT,태호건설,712,27262.92,195325
THTC,태환통신,712,27928.17,278690
YJBK,유진문고,712,20010.74,149614
YWEL,영욱전자,712,58261.13,154185
HDMT,현도자동차,713,75280.03,172490
HLPM,혜린제약,713,25875.28,312874
HRBI,현려바이오,713,55039.1,438863
JCSC,지찬반도체,713,52994.36,335053
JHFD,주현식품,713,22012.22,169733
MHCH,문호화학,713,37339.11,274130
SHEN,수하에너지,713,46969.0,297395
SYTR,성윤물산,713,19750.57,296334
THCT,태호건설,713,27942.05,276896
THTC,태환통신,713,28312.34,253475
YJBK,유진문고,713,20802.4,213702
YWEL,영욱전자,713,60571.63,138217
HDMT,현도자동차,714,78129.52,218162
HLPM,혜린제약,714,25904.0,400574
HRBI,현려바이오,714,56931.55,446537
JCSC,지찬반도체,714,53355.65,332810
JHFD,주현식품,714,22662.21,250746
MHCH,문호화학,714,38216.23,282748
SHEN,수하에너지,714,47907.08,331791
SYTR,성윤물산,714,19981.99,392062
THCT,태호건설,714,28684.89,224628
THTC,태환통신,714,28763.92,262669
YJBK,유진문고,714,21628.65,191044
YWEL,영욱전자,714,62953.62,126790
HDMT,현도자동차,715,81134.81,176605
HLPM,혜린제약,715,26001.82,392279
HRBI,현려바이오,715,58964.13,339042
JCSC,지찬반도체,715,53852.24,250854
JHFD,주현식품,715,23369.79,238118
MHCH,문호화학,715,39183.98,258848
SHEN,수하에너지,715,48963.83,250598
SYTR,성윤물산,715,20266.76,249854
THCT,태호건설,715,29499.8,277637
THTC,태환통신,715,29289.01,253071
YJBK,유진문고,715,22495.78,193792
YWEL,영욱전자,715,65406.4,122647
HDMT,현도자동차,716,84307.92,211748
HLPM,혜린제약,716,26162.35,313230
HRBI,현려바이오,716,61113.57,382463
JCSC,지찬반도체,716,54475.87,270784
JHFD,주현식품,716,24133.84,237563
MHCH,문호화학,716,40255.29,269586
SHEN,수하에너지,716,50146.48,276181
SYTR,성윤물산,716,20605.07,389025
THCT,태호건설,716,30393.77,282263
THTC,태환통신,716,29890.61,236251
YJBK,유진문고,716,23393.63,167510
YWEL,영욱전자,716,67922.34,174813
HDMT,현도자동차,717,87646.57,183474
HLPM,혜린제약,717,26391.37,271724
HRBI,현려바이오,717,63403.0,360761
JCSC,지찬반도체,717,55248.39,313244
JHFD,주현식품,717,24954.11,275679
MHCH,문호화학,717,41431.14,267478
SHEN,수하에너지,717,51449.67,305849
SYTR,성윤물산,717,20991.1,358749
THCT,태호건설,717,31361.52,204545
THTC,태환통신,717,30567.42,329424
YJBK,유진문고,717,24326.46,169070
YWEL,영욱전자,717,70468.99,149657
HDMT,현도자동차,718,91147.98,257134
HLPM,혜린제약,718,26685.42,320510
HRBI,현려바이오,718,65825.71,462097
JCSC,지찬반도체,718,56164.56,369650
JHFD,주현식품,718,25836.55,259833
MHCH,문호화학,718,42704.93,237953
SHEN,수하에너지,718,52885.72,365826
SYTR,성윤물산,718,21429.05,350041
THCT,태호건설,718,32402.12,209582
THTC,태환통신,718,31320.15,278214
YJBK,유진문고,718,25295.64,190881
YWEL,영욱전자,718,73060.97,128674
HDMT,현도자동차,719,94792.63,249727
HLPM,혜린제약,719,27047.16,300341
HRBI,현려바이오,719,68387.96,305141
JCSC,지찬반도체,719,57218.23,300151
JHFD,주현식품,719,26781.7,176283
MHCH,문호화학,719,44090.22,282639
SHEN,수하에너지,719,54451.78,232604
SYTR,성윤물산,719,21921.22,408043
THCT,태호건설,719,33525.46,263998
THTC,태환통신,719,32151.82,280412
YJBK,유진문고,719,26289.06,166802
YWEL,영욱전자,719,75666.81,171302
HDMT,현도자동차,720,98584.18,213691
HLPM,혜린제약,720,27472.21,404338
HRBI,현려바이오,720,71077.68,334570
JCSC,지찬반도체,720,58412.16,442431
JHFD,주현식품,720,27784.74,190768
MHCH,문호화학,720,45578.9,293321
SHEN,수하에너지,720,56167.5,252438
SYTR,성윤물산,720,22471.48,339318
THCT,태호건설,720,34725.83,300211
THTC,태환통신,720,33063.69,397029
YJBK,유진문고,720,27303.1,147845
YWEL,영욱전자,720,78267.46,136086
HDMT,현도자동차,721,102512.07,231225
HLPM,혜린제약,721,27971.73,434246
HRBI,현려바이오,721,73905.3,465603
JCSC,지찬반도체,721,59758.9,355644
JHFD,주현식품,721,28844.48,211228
MHCH,문호화학,721,47180.15,319513
SHEN,수하에너지,721,58016.8,246964
SYTR,성윤물산,721,23074.08,313653
THCT,태호건설,721,36006.67,219907
THTC,태환통신,721,34057.58,356220
YJBK,유진문고,721,28337.59,212824
YWEL,영욱전자,721,80851.87,167388
HDMT,현도자동차,722,106556.98,198552
HLPM,혜린제약,722,28539.1,365160
HRBI,현려바이오,722,76870.72,320698
JCSC,지찬반도체,722,61253.57,336659
JHFD,주현식품,722,29966.42,190394
MHCH,문호화학,722,48880.51,332326
SHEN,수하에너지,722,59996.11,305248
SYTR,성윤물산,722,23738.66,320155
THCT,태호건설,722,37365.86,264263
THTC,태환통신,722,35136.55,270824
YJBK,유진문고,722,29382.99,200263
YWEL,영욱전자,722,83400.14,136645
HDMT,현도자동차,723,110713.96,222767
HLPM,혜린제약,723,29184.66,437344
HRBI,현려바이오,723,79938.43,324934
JCSC,지찬반도체,723,62892.67,315770
JHFD,주현식품,723,31149.18,261806
MHCH,문호화학,723,50699.3,268068
SHEN,수하에너지,723,62117.26,287549
SYTR,성윤물산,723,24459.35,459591
THCT,태호건설,723,38803.43,205618
THTC,태환통신,723,36306.02,393966
YJBK,유진문고,723,30443.02,137558
YWEL,영욱전자,723,85887.11,139596
HDMT,현도자동차,724,114945.25,160942
HLPM,혜린제약,724,29905.98,510650
HRBI,현려바이오,724,83129.87,390830
JCSC,지찬반도체,724,64690.54,436698
JHFD,주현식품,724,32390.09,212300
MHCH,문호화학,724,52636.13,342415
SHEN,수하에너지,724,64385.48,325707
SYTR,성윤물산,724,25243.33,301319
THCT,태호건설,724,40315.35,294610
THTC,태환통신,724,37560.43,278289
YJBK,유진문고,724,31499.56,159386
YWEL,영욱전자,724,88308.3,143680
HDMT,현도자동차,725,119251.26,253586
HLPM,혜린제약,725,30700.05,379132
HRBI,현려바이오,725,86416.45,342546
JCSC,지찬반도체,725,66669.39,459996
JHFD,주현식품,725,33685.75,228608
MHCH,문호화학,725,54676.77,355837
SHEN,수하에너지,725,66800.1,245533
SYTR,성윤물산,725,26085.45,382521
THCT,태호건설,725,41912.97,240819
THTC,태환통신,725,38898.42,320133
YJBK,유진문고,725,32552.75,161385
YWEL,영욱전자,725,90647.61,157993
HDMT,현도자동차,726,123618.05,160777
HLPM,혜린제약,726,31571.02,486224
HRBI,현려바이오,726,89807.6,322223
JCSC,지찬반도체,726,68808.28,393752
JHFD,주현식품,726,35034.08,207020
MHCH,문호화학,726,56821.84,347625
SHEN,수하에너지,726,69358.14,358921
SYTR,성윤물산,726,26993.49,458852
THCT,태호건설,726,43592.63,301530
THTC,태환통신,726,40325.5,292320
YJBK,유진문고,726,33593.83,198828
YWEL,영욱전자,726,92862.26,160719
HDMT,현도자동차,727,128001.43,234045
HLPM,혜린제약,727,32520.76,384539
HRBI,현려바이오,727,93255.99,426469
JCSC,지찬반도체,727,71104.53,404869
JHFD,주현식품,727,36431.67,273929
MHCH,문호화학,727,59078.79,311817
SHEN,수하에너지,727,72058.7,295675
SYTR,성윤물산,727,27957.8,478640
THCT,태호건설,727,45336.05,227328
THTC,태환통신,727,41854.17,386753
YJBK,유진문고,727,34620.12,193676
YWEL,영욱전자,727,94953.34,110747
HDMT,현도자동차,728,132365.39,200467
HLPM,혜린제약,728,33549.91,505793
HRBI,현려바이오,728,96751.35,464559
JCSC,지찬반도체,728,73579.36,407035
JHFD,주현식품,728,37874.4,268980
MHCH,문호화학,728,61431.54,359032
SHEN,수하에너지,728,74897.17,356452
SYTR,성윤물산,728,28990.35,355443
THCT,태호건설,728,47139.76,202160
THTC,태환통신,728,43465.82,333472
YJBK,유진문고,728,35614.07,146217
YWEL,영욱전자,728,96902.51,113111
HDMT,현도자동차,729,136689.94,225986
HLPM,혜린제약,729,34664.48,527520
HRBI,현려바이오,729,100325.39,326469
JCSC,지찬반도체,729,76215.86,450517
JHFD,주현식품,729,39357.99,289077
MHCH,문호화학,729,63877.91,271420
SHEN,수하에너지,729,77875.74,281973
SYTR,성윤물산,729,30085.81,466071
THCT,태호건설,729,49019.17,280765
THTC,태환통신,729,45157.76,343760
YJBK,유진문고,729,36569.8,173491
YWEL,영욱전자,729,98654.78,94820
HDMT,현도자동차,730,140977.78,210355
HLPM,혜린제약,730,35857.77,376858
HRBI,현려바이오,730,103931.3,304131
JCSC,지찬반도체,730,79024.96,473559
JHFD,주현식품,730,40881.94,203940
MHCH,문호화학,730,66422.51,244264
SHEN,수하에너지,730,80987.71,391183
SYTR,성윤물산,730,31242.96,390529
THCT,태호건설,730,50952.67,313579
THTC,태환통신,730,46946.24,280790
YJBK,유진문고,730,37483.53,123346
YWEL,영욱전자,730,100236.84,110689
HDMT,현도자동차,731,145156.93,192020
HLPM,혜린제약,731,37135.04,469537
HRBI,현려바이오,731,107521.29,401367
JCSC,지찬반도체,731,82023.82,476434
JHFD,주현식품,731,42428.75,223599
MHCH,문호화학,731,69052.58,247395
SHEN,수하에너지,731,84223.02,330128
SYTR,성윤물산,731,32466.71,378960
THCT,태호건설,731,52938.55,291471
THTC,태환통신,731,48819.53,377149
YJBK,유진문고,731,38344.85,174250
YWEL,영욱전자,731,101604.06,139037
HDMT,현도자동차,732,149229.06,229520
HLPM,혜린제약,732,38496.08,360373
HRBI,현려바이오,732,111097.18,313092
JCSC,지찬반도체,732,85189.22,380348
JHFD,주현식품,732,43993.5,190725
MHCH,문호화학,732,71772.33,324759
SHEN,수하에너지,732,87572.62,346646
SYTR,성윤물산,732,33750.85,513256
THCT,태호건설,732,54961.98,259267
THTC,태환통신,732,50772.26,417303
YJBK,유진문고,732,39144.17,114587
YWEL,영욱전자,732,102740.36,133421
HDMT,현도자동차,733,153127.71,174056
HLPM,혜린제약,733,39945.46,529720
HRBI,현려바이오,733,114652.1,350014
JCSC,지찬반도체,733,88530.41,459330
JHFD,주현식품,733,45564.44,249782
MHCH,문호화학,733,74558.79,239656
SHEN,수하에너지,733,91039.35,378746
SYTR,성윤물산,733,35093.9,346368
THCT,태호건설,733,57029.46,274656
THTC,태환통신,733,52805.25,377323
YJBK,유진문고,733,39881.33,111016
YWEL,영욱전자,733,103623.04,120687
HDMT,현도자동차,734,156808.99,166844
HLPM,혜린제약,734,41475.46,419322
HRBI,현려바이오,734,118131.8,335431
JCSC,지찬반도체,734,92026.5,463677
JHFD,주현식품,734,47146.89,232453
MHCH,문호화학,734,77385.32,220026
SHEN,수하에너지,734,94607.73,337621
SYTR,성윤물산,734,36489.86,455710
THCT,태호건설,734,59116.62,235594
THTC,태환통신,734,54915.29,351537
YJBK,유진문고,734,40537.9,149501
YWEL,영욱전자,734,104281.97,127321
HDMT,현도자동차,735,160266.66,172369
HLPM,혜린제약,735,43095.09,477605
HRBI,현려바이오,735,121516.2,332064
JCSC,지찬반도체,735,95701.84,339090
JHFD,주현식품,735,48726.93,272290
MHCH,문호화학,735,80257.75,267854
SHEN,수하에너지,735,98245.84,278012
SYTR,성윤물산,735,37948.35,351993
THCT,태호건설,735,61225.09,197906
THTC,태환통신,735,57087.4,365852
YJBK,유진문고,735,41105.54,110466
YWEL,영욱전자,735,104690.36,105531
HDMT,현도자동차,736,163465.45,209896
HLPM,혜린제약,736,44802.05,523040
HRBI,현려바이오,736,124746.84,381417
JCSC,지찬반도체,736,99537.83,465441
JHFD,주현식품,736,50282.49,199064
MHCH,문호화학,736,83158.66,294609
SHEN,수하에너지,736,101952.45,274279
SYTR,성윤물산,736,39457.96,318320
THCT,태호건설,736,63323.49,313927
THTC,태환통신,736,59311.75,318134
YJBK,유진문고,736,41583.89,156857
YWEL,영욱전자,736,104822.89,80162
HDMT,현도자동차,737,166322.8,210098
HLPM,혜린제약,737,46577.63,529716
HRBI,현려바이오,737,127837.37,358095
JCSC,지찬반도체,737,103510.22,494205
JHFD,주현식품,737,51810.83,230913
MHCH,문호화학,737,86083.76,340401
SHEN,수하에너지,737,105714.85,247470
SYTR,성윤물산,737,41012.26,446634
THCT,태호건설,737,65410.32,263068
THTC,태환통신,737,61588.2,405130
YJBK,유진문고,737,41965.7,124234
YWEL,영욱전자,737,104701.36,108770
HDMT,현도자동차,738,168904.13,187232
HLPM,혜린제약,738,48445.68,529648
HRBI,현려바이오,738,130752.96,297614
JCSC,지찬반도체,738,107648.61,431957
JHFD,주현식품,738,53296.87,228892
MHCH,문호화학,738,88995.82,221808
SHEN,수하에너지,738,109510.64,378556
SYTR,성윤물산,738,42622.23,359153
THCT,태호건설,738,67464.07,240205
THTC,태환통신,738,63911.38,420816
YJBK,유진문고,738,42256.14,129721
YWEL,영욱전자,738,104309.82,116145
HDMT,현도자동차,739,171108.13,171853
HLPM,혜린제약,739,50380.68,378424
HRBI,현려바이오,739,133444.42,357743
JCSC,지찬반도체,739,111864.99,465522
JHFD,주현식품,739,54729.32,205816
MHCH,문호화학,739,91864.98,214450
SHEN,수하에너지,739,113295.6,303235
SYTR,성윤물산,739,44246.05,485303
THCT,태호건설,739,69476.51,298316
THTC,태환통신,739,66253.39,284464
YJBK,유진문고,739,42438.16,100253
YWEL,영욱전자,739,103652.46,130199
HDMT,현도자동차,740,172966.11,146753
HLPM,혜린제약,740,52385.37,512452
HRBI,현려바이오,740,135891.18,388919
JCSC,지찬반도체,740,116213.73,493824
JHFD,주현식품,740,56105.51,222645
MHCH,문호화학,740,94698.76,267585
SHEN,수하에너지,740,117087.87,380737
SYTR,성윤물산,740,45901.8,362649
THCT,태호건설,740,71427.0,245032
THTC,태환통신,740,68618.67,337859
YJBK,유진문고,740,42519.05,103918
YWEL,영욱전자,740,102750.45,116857
HDMT,현도자동차,741,174396.46,134396
HLPM,혜린제약,741,54463.06,401768
HRBI,현려바이오,741,138095.58,292536
JCSC,지찬반도체,741,120646.08,418394
JHFD,주현식품,741,57401.45,231867
MHCH,문호화학,741,97476.86,289011
SHEN,수하에너지,741,120830.45,268785
SYTR,성윤물산,741,47573.75,420027
THCT,태호건설,741,73310.17,284949
THTC,태환통신,741,70971.1,356437
YJBK,유진문고,741,42494.12,112449
YWEL,영욱전자,741,101600.41,99377
HDMT,현도자동차,742,175407.86,117141
HLPM,혜린제약,742,56585.87,369484
HRBI,현려바이오,742,140013.28,373089
JCSC,지찬반도체,742,125165.13,396726
JHFD,주현식품,742,58614.04,170024
MHCH,문호화학,742,100165.86,247288
SHEN,수하에너지,742,124469.46,232549
SYTR,성윤물산,742,49261.52,327618
THCT,태호건설,742,75100.01,261504
THTC,태환통신,742,73305.65,281807
YJBK,유진문고,742,42359.81,119785
YWEL,영욱전자,742,100225.79,95906
HDMT,현도자동차,743,175979.47,155387
HLPM,혜린제약,743,58756.86,421204
HRBI,현려바이오,743,141615.7,285359
JCSC,지찬반도체,743,129729.56,347905
JHFD,주현식품,743,59713.55,172069
MHCH,문호화학,743,102704.05,266606
SHEN,수하에너지,743,128047.21,232893
SYTR,성윤물산,743,50943.78,307413
THCT,태호건설,743,76771.38,243665
THTC,태환통신,743,75610.05,376174
YJBK,유진문고,743,42118.52,133034
YWEL,영욱전자,743,98638.3,137563
HDMT,현도자동차,744,176102.74,136560
HLPM,혜린제약,744,60978.58,426954
HRBI,현려바이오,744,142884.26,282980
JCSC,지찬반도체,744,134322.41,441369
JHFD,주현식품,744,60711.0,236111
MHCH,문호화학,744,105147.73,273794
SHEN,수하에너지,744,131480.86,328768
SYTR,성윤물산,744,52609.36,406475
THCT,태호건설,744,78312.87,205405
THTC,태환통신,744,77865.53,355427
YJBK,유진문고,744,41774.38,126574
YWEL,영욱전자,744,96836.07,108077
HDMT,현도자동차,745,175799.81,134534
HLPM,혜린제약,745,63217.95,571070
HRBI,현려바이오,745,143806.13,274020
JCSC,지찬반도체,745,138943.97,336018
JHFD,주현식품,745,61575.62,195595
MHCH,문호화학,745,107404.09,265915
SHEN,수하에너지,745,134765.89,237563
SYTR,성윤물산,745,54257.24,472372
THCT,태호건설,745,79717.99,192814
THTC,태환통신,745,80064.14,396661
YJBK,유진문고,745,41330.59,154167
YWEL,영욱전자,745,94844.11,117068
HDMT,현도자동차,746,175078.86,134987
HLPM,혜린제약,746,65465.57,524398
HRBI,현려바이오,746,144392.26,324598
JCSC,지찬반도체,746,143487.95,471948
JHFD,주현식품,746,62311.3,219294
MHCH,문호화학,746,109481.88,266435
SHEN,수하에너지,746,137844.47,344893
SYTR,성윤물산,746,55859.46,375824
THCT,태호건설,746,80961.55,185116
THTC,태환통신,746,82161.43,386240
YJBK,유진문고,746,40788.78,106533
YWEL,영욱전자,746,92702.65,123745
HDMT,현도자동차,747,173926.58,117999
HLPM,혜린제약,747,67719.58,514365
HRBI,현려바이오,747,144625.25,290327
JCSC,지찬반도체,747,147964.63,401170
JHFD,주현식품,747,62892.56,134164
MHCH,문호화학,747,111346.68,250172
SHEN,수하에너지,747,140734.62,338942
SYTR,성윤물산,747,57423.31,314592
THCT,태호건설,747,82037.48,227693
THTC,태환통신,747,84168.18,374844
YJBK,유진문고,747,40163.92,143099
YWEL,영욱전자,747,90431.95,136297
HDMT,현도자동차,748,172331.64,138619
HLPM,혜린제약,748,69957.8,395460
HRBI,현려바이오,748,144497.85,270104
JCSC,지찬반도체,748,152348.74,375551
JHFD,주현식품,748,63329.14,182974
MHCH,문호화학,748,112982.26,258466
SHEN,수하에너지,748,143328.1,310078
SYTR,성윤물산,748,58907.09,369730
THCT,태호건설,748,82925.51,249247
THTC,태환통신,748,86040.03,342706
YJBK,유진문고,748,39452.5,172936
YWEL,영욱전자,748,88043.7,107056
HDMT,현도자동차,749,170342.89,120231
HLPM,혜린제약,749,72178.75,464936
HRBI,현려바이오,749,144005.25,312047
JCSC,지찬반도체,749,156594.85,481791
JHFD,주현식품,749,63616.47,199058
MHCH,문호화학,749,114371.11,199346
SHEN,수하에너지,749,145664.58,232880
SYTR,성윤물산,749,60313.52,350798
THCT,태호건설,749,83639.34,204166
THTC,태환통신,749,87771.75,292157
YJBK,유진문고,749,38667.38,179154
YWEL,영욱전자,749,85570.45,131171
HDMT,현도자동차,750,167963.05,182087
HLPM,혜린제약,750,74350.3,499586
HRBI,현려바이오,750,143165.82,337015
JCSC,지찬반도체,750,160641.81,306299
JHFD,주현식품,750,63744.31,165243
MHCH,문호화학,750,115489.97,193733
SHEN,수하에너지,750,147707.79,263210
SYTR,성윤물산,750,61646.25,369294
THCT,태호건설,750,84139.59,165970
THTC,태환통신,750,89345.94,359236
YJBK,유진문고,750,37820.17,115898
YWEL,영욱전자,750,83000.26,103379
HDMT,현도자동차,751,165217.33,163124
HLPM,혜린제약,751,76444.94,383583
HRBI,현려바이오,751,141935.1,254169
JCSC,지찬반도체,751,164495.0,479605
JHFD,주현식품,751,63714.19,191278
MHCH,문호화학,751,116350.81,224103
SHEN,수하에너지,751,149442.28,276822
SYTR,성윤물산,751,62882.87,316727
THCT,태호건설,751,84442.67,228979
THTC,태환통신,751,90752.39,309158
YJBK,유진문고,751,36907.91,163078
YWEL,영욱전자,751,80374.56,168466
HDMT,현도자동차,752,162187.94,198781
HLPM,혜린제약,752,78459.4,508072
HRBI,현려바이오,752,140384.58,236322
JCSC,지찬반도체,752,168117.07,390555
JHFD,주현식품,752,63511.96,192156
MHCH,문호화학,752,116937.41,213367
SHEN,수하에너지,752,150798.89,266518
SYTR,성윤물산,752,63991.05,301201
THCT,태호건설,752,84543.98,159320
THTC,태환통신,752,91956.56,290265
YJBK,유진문고,752,35957.37,130902
YWEL,영욱전자,752,77720.25,117455
HDMT,현도자동차,753,158793.3,206784
HLPM,혜린제약,753,80382.44,466017
HRBI,현려바이오,753,138513.56,314289
JCSC,지찬반도체,753,171434.2,373163
JHFD,주현식품,753,63155.17,154789
MHCH,문호화학,753,117247.45,193870
SHEN,수하에너지,753,151830.02,227555
SYTR,성윤물산,753,64975.94,390331
THCT,태호건설,753,84413.24,165275
THTC,태환통신,753,92985.24,278741
YJBK,유진문고,753,34951.47,162134
YWEL,영욱전자,753,75050.94,138934
HDMT,현도자동차,754,155172.21,217143
HLPM,혜린제약,754,82196.05,329709
HRBI,현려바이오,754,136351.72,248387
JCSC,지찬반도체,754,174440.9,363778
JHFD,주현식품,754,62655.03,179104
MHCH,문호화학,754,117253.83,193294
SHEN,수하에너지,754,152469.45,201913
SYTR,성윤물산,754,65813.46,285334
THCT,태호건설,754,84070.15,175387
THTC,태환통신,754,93780.8,313177
YJBK,유진문고,754,33914.32,174993
YWEL,영욱전자,754,72377.37,129377
HDMT,현도자동차,755,151306.7,192776
HLPM,혜린제약,755,83867.19,309011
HRBI,현려바이오,755,133901.01,355680
JCSC,지찬반도체,755,177103.96,337188
JHFD,주현식품,755,61997.86,209208
MHCH,문호화학,755,116972.44,177039
SHEN,수하에너지,755,152730.94,262494
SYTR,성윤물산,755,66517.23,347477
THCT,태호건설,755,83530.75,160320
THTC,태환통신,755,94353.2,234158
YJBK,유진문고,755,32857.35,185118
YWEL,영욱전자,755,69706.51,151633
HDMT,현도자동차,756,147226.71,172127
HLPM,혜린제약,756,85389.48,430576
HRBI,현려바이오,756,131187.77,304865
JCSC,지찬반도체,756,179388.15,354253
JHFD,주현식품,756,61205.05,228640
MHCH,문호화학,756,116411.11,240395
SHEN,수하에너지,756,152603.24,221541
SYTR,성윤물산,756,67061.62,324229
THCT,태호건설,756,82786.95,224776
THTC,태환통신,756,94698.14,200591
YJBK,유진문고,756,31773.03,209349
YWEL,영욱전자,756,67077.21,145837
HDMT,현도자동차,757,143009.89,165172
HLPM,혜린제약,757,86734.39,333004
HRBI,현려바이오,757,128261.39,338613
JCSC,지찬반도체,757,181276.58,347874
JHFD,주현식품,757,60279.14,161835
MHCH,문호화학,757,115548.43,232222
SHEN,수하에너지,757,152083.23,245690
SYTR,성윤물산,757,67429.31,357847
THCT,태호건설,757,81840.72,176320
THTC,태환통신,757,94793.97,237478
YJBK,유진문고,757,30691.77,155298
YWEL,영욱전자,757,64486.96,149978
HDMT,현도자동차,758,138687.86,185924
HLPM,혜린제약,758,87909.6,446256
HRBI,현려바이오,758,125126.69,412774
JCSC,지찬반도체,758,182778.06,376581
JHFD,주현식품,758,59226.4,224889
MHCH,문호화학,758,114395.39,212017
SHEN,수하에너지,758,151203.54,214464
SYTR,성윤물산,758,67638.54,272247
THCT,태호건설,758,80705.53,215996
THTC,태환통신,758,94657.91,242471
YJBK,유진문고,758,29605.59,168287
YWEL,영욱전자,758,61972.39,146186
HDMT,현도자동차,759,134267.63,237178
HLPM,혜린제약,759,88894.05,406725
HRBI,현려바이오,759,121835.03,388724
JCSC,지찬반도체,759,183803.92,309566
JHFD,주현식품,759,58059.8,172068
MHCH,문호화학,759,112994.42,285300
SHEN,수하에너지,759,149955.65,207382
SYTR,성윤물산,759,67689.31,280800
THCT,태호건설,759,79414.28,203477
THTC,태환통신,759,94274.14,249602
YJBK,유진문고,759,28526.97,144142
YWEL,영욱전자,759,59519.81,157535
HDMT,현도자동차,760,129800.84,183031
HLPM,혜린제약,760,89681.64,362952
HRBI,현려바이오,760,118430.14,352562
JCSC,지찬반도체,760,184372.8,327615
JHFD,주현식품,760,56789.2,216094
MHCH,문호화학,760,111327.01,285812
SHEN,수하에너지,760,148351.51,201099
SYTR,성윤물산,760,67569.29,340582
THCT,태호건설,760,77951.72,168074
THTC,태환통신,760,93666.6,206998
YJBK,유진문고,760,27456.81,171956
YWEL,영욱전자,760,57150.21,148085
HDMT,현도자동차,761,125310.9,239305
HLPM,혜린제약,761,90248.35,384307
HRBI,현려바이오,761,114908.88,353562
JCSC,지찬반도체,761,184484.79,376579
JHFD,주현식품,761,55424.95,219893
MHCH,문호화학,761,109431.05,206220
SHEN,수하에너지,761,146380.03,281884
SYTR,성윤물산,761,67280.13,252242
THCT,태호건설,761,76346.66,262551
THTC,태환통신,761,92831.32,230023
YJBK,유진문고,761,26410.52,168255
YWEL,영욱전자,761,54864.82,154810
HDMT,현도자동차,762,120810.28,209886
HLPM,혜린제약,762,90596.69,399774
HRBI,현려바이오,762,111284.41,418826
JCSC,지찬반도체,762,184168.53,287087
JHFD,주현식품,762,53996.39,257123
MHCH,문호화학,762,107344.97,187636
SHEN,수하에너지,762,144122.16,269976
SYTR,성윤물산,762,66829.77,347818
THCT,태호건설,762,74601.93,263352
THTC,태환통신,762,91774.07,326212
YJBK,유진문고,762,25376.74,179781
YWEL,영욱전자,762,52677.4,174164
HDMT,현도자동차,763,116343.73,207901
HLPM,혜린제약,763,90713.75,342572
HRBI,현려바이오,763,107628.9,394534
JCSC,지찬반도체,763,183346.58,388175
JHFD,주현식품,763,52499.29,209924
MHCH,문호화학,763,105048.19,279827
SHEN,수하에너지,763,141572.37,302536
SYTR,성윤물산,763,66204.08,267406
THCT,태호건설,763,72760.3,224009
THTC,태환통신,763,90515.82,324969
YJBK,유진문고,763,24372.06,186216
YWEL,영욱전자,763,50585.18,142380
HDMT,현도자동차,764,111965.29,192850
HLPM,혜린제약,764,90619.93,348109
HRBI,현려바이오,764,103945.4,406118
JCSC,지찬반도체,764,182094.04,308232
JHFD,주현식품,764,50958.43,178084
MHCH,문호화학,764,102582.46,244320
SHEN,수하에너지,764,138717.14,327911
SYTR,성윤물산,764,65431.28,381738
THCT,태호건설,764,70824.62,244019
THTC,태환통신,764,89063.37,279576
YJBK,유진문고,764,23403.31,212317
YWEL,영욱전자,764,48584.39,144239
HDMT,현도자동차,765,107659.21,232460
HLPM,혜린제약,765,90290.96,412936
HRBI,현려바이오,765,100263.72,316963
JCSC,지찬반도체,765,180400.67,308313
JHFD,주현식품,765,49372.2,253139
MHCH,문호화학,765,99969.61,195952
SHEN,수하에너지,765,135666.55,238090
SYTR,성윤물산,765,64501.12,285975
THCT,태호건설,765,68808.0,194956
THTC,태환통신,765,87446.07,239051
YJBK,유진문고,765,22464.9,220420
YWEL,영욱전자,765,46684.62,128014
HDMT,현도자동차,766,103426.79,176184
HLPM,혜린제약,766,89730.37,427127
HRBI,현려바이오,766,96595.63,282340
JCSC,지찬반도체,766,178267.92,314020
JHFD,주현식품,766,47767.37,218407
MHCH,문호화학,766,97237.56,204734
SHEN,수하에너지,766,132385.93,334742
SYTR,성윤물산,766,63445.73,359468
THCT,태호건설,766,66727.41,187599
THTC,태환통신,766,85642.64,303883
YJBK,유진문고,766,21567.37,198799
YWEL,영욱전자,766,44891.7,154655
HDMT,현도자동차,767,99362.56,219207
HLPM,혜린제약,767,88958.92,336823
HRBI,현려바이오,767,92977.12,346826
JCSC,지찬반도체,767,175742.26,433660
JHFD,주현식품,767,46141.0,212866
MHCH,문호화학,767,94400.23,308097
SHEN,수하에너지,767,128930.74,243898
SYTR,성윤물산,767,62253.92,284534
THCT,태호건설,767,64594.35,301150
THTC,태환통신,767,83720.22,276414
YJBK,유진문고,767,20709.0,188123
YWEL,영욱전자,767,43207.77,159660
HDMT,현도자동차,768,95396.99,178783
HLPM,혜린제약,768,87949.59,413958
HRBI,현려바이오,768,89418.53,390512
JCSC,지찬반도체,768,172845.07,391288
JHFD,주현식품,768,44513.92,230961
MHCH,문호화학,768,91496.49,291415
SHEN,수하에너지,768,125326.57,307301
SYTR,성윤물산,768,60962.02,332421
THCT,태호건설,768,62448.48,200912
THTC,태환통신,768,81659.1,240282
YJBK,유진문고,768,19886.99,213903
YWEL,영욱전자,768,41616.36,145950
HDMT,현도자동차,769,91592.54,185239
HLPM,혜린제약,769,86753.23,420971
HRBI,현려바이오,769,85924.98,468241
JCSC,지찬반도체,769,169592.56,281242
JHFD,주현식품,769,42892.64,247863
MHCH,문호화학,769,88530.89,279224
SHEN,수하에너지,769,121606.81,323399
SYTR,성윤물산,769,59562.88,287176
THCT,태호건설,769,60293.94,251377
THTC,태환통신,769,79488.14,310729
YJBK,유진문고,769,19108.53,151925
YWEL,영욱전자,769,40121.72,144004
HDMT,현도자동차,770,87939.34,189163
HLPM,혜린제약,770,85365.77,438258
HRBI,현려바이오,770,82535.44,361634
JCSC,지찬반도체,770,166064.03,408991
JHFD,주현식품,770,41286.59,261824
MHCH,문호화학,770,85520.85,334926
SHEN,수하에너지,770,117801.71,336408
SYTR,성윤물산,770,58076.66,372469
THCT,태호건설,770,58134.2,243429
THTC,태환통신,770,77238.42,282392
YJBK,유진문고,770,18370.69,159843
YWEL,영욱전자,770,38740.12,111794
HDMT,현도자동차,771,84440.54,179227
HLPM,혜린제약,771,83819.39,385998
HRBI,현려바이오,771,79251.37,417473
JCSC,지찬반도체,771,162234.07,474718
JHFD,주현식품,771,39707.52,279015
MHCH,문호화학,771,82515.98,289753
SHEN,수하에너지,771,113935.65,250350
SYTR,성윤물산,771,56518.38,320162
THCT,태호건설,771,55995.77,266894
THTC,태환통신,771,74917.49,369936
YJBK,유진문고,771,17674.84,159971
YWEL,영욱전자,771,37457.25,138303
HDMT,현도자동차,772,81118.65,254724
HLPM,혜린제약,772,82107.38,413927
HRBI,현려바이오,772,76082.07,446827
JCSC,지찬반도체,772,158199.54,448118
JHFD,주현식품,772,38163.39,287135
MHCH,문호화학,772,79517.32,329480
SHEN,수하에너지,772,110051.11,291151
SYTR,성윤물산,772,54906.29,405250
THCT,태호건설,772,53882.8,278216
THTC,태환통신,772,72526.05,314195
YJBK,유진문고,772,17023.91,169843
YWEL,영욱전자,772,36277.14,123011
HDMT,현도자동차,773,77961.11,253327
HLPM,혜린제약,773,80263.48,314367
HRBI,현려바이오,773,73038.42,351227
JCSC,지찬반도체,773,153941.82,483502
JHFD,주현식품,773,36664.56,213449
MHCH,문호화학,773,76583.61,337736
SHEN,수하에너지,773,106167.59,381391
SYTR,성윤물산,773,53231.78,390593
THCT,태호건설,773,51811.5,255817
THTC,태환통신,773,70120.2,371174
YJBK,유진문고,773,16411.92,167957
YWEL,영욱전자,773,35192.24,110592
HDMT,현도자동차,774,74973.7,208644
HLPM,혜린제약,774,78290.12,381057
HRBI,현려바이오,774,70134.69,371219
JCSC,지찬반도체,774,149536.53,439335
JHFD,주현식품,774,35208.79,265591
MHCH,문호화학,774,73666.32,338118
SHEN,수하에너지,774,102288.28,262349
SYTR,성윤물산,774,51531.59,468987
THCT,태호건설,774,49787.26,295504
THTC,태환통신,774,67699.76,420227
YJBK,유진문고,774,15840.3,143661
YWEL,영욱전자,774,34195.93,152031
HDMT,현도자동차,775,72179.6,171725
HLPM,혜린제약,775,76228.01,407461
HRBI,현려바이오,775,67347.97,434809
JCSC,지찬반도체,775,145011.66,328665
JHFD,주현식품,775,33804.73,208733
MHCH,문호화학,775,70812.92,219729
SHEN,수하에너지,775,98438.77,242888
SYTR,성윤물산,775,49815.31,479459
THCT,태호건설,775,47819.18,214405
THTC,태환통신,775,65277.88,316101
YJBK,유진문고,775,15311.68,162822
YWEL,영욱전자,775,33298.04,116718
HDMT,현도자동차,776,69528.02,154491
HLPM,혜린제약,776,74086.76,420471
HRBI,현려바이오,776,64727.76,467007
JCSC,지찬반도체,776,140375.38,500466
JHFD,주현식품,776,32454.46,276217
MHCH,문호화학,776,68020.1,340933
SHEN,수하에너지,776,94669.86,332983
SYTR,성윤물산,776,48082.11,320450
THCT,태호건설,776,45902.44,275377
THTC,태환통신,776,62872.46,295825
YJBK,유진문고,776,14821.88,143634
YWEL,영욱전자,776,32486.52,117697
HDMT,현도자동차,777,67071.61,196664
HLPM,혜린제약,777,71852.71,407640
HRBI,현려바이오,777,62230.03,325287
JCSC,지찬반도체,777,135689.9,431132
JHFD,주현식품,777,31165.6,258957
MHCH,문호화학,777,65320.74,361976
SHEN,수하에너지,777,90997.83,308647
SYTR,성윤물산,777,46358.28,493615
THCT,태호건설,777,44068.33,208305
THTC,태환통신,777,60509.15,387961
YJBK,유진문고,777,14371.07,129076
YWEL,영욱전자,777,31756.53,134132
HDMT,현도자동차,778,64770.06,229071
HLPM,혜린제약,778,69584.92,473263
HRBI,현려바이오,778,59883.25,286218
JCSC,지찬반도체,778,130979.13,491574
JHFD,주현식품,778,29932.44,201565
MHCH,문호화학,778,62710.38,229549
SHEN,수하에너지,778,87399.65,290409
SYTR,성윤물산,778,44646.21,393231
THCT,태호건설,778,42309.87,230992
THTC,태환통신,778,58184.37,356896
YJBK,유진문고,778,13957.04,193274
YWEL,영욱전자,778,31108.6,149174
HDMT,현도자동차,779,62650.95,210502
HLPM,혜린제약,779,67274.4,469814
HRBI,현려바이오,779,57682.68,369969
JCSC,지찬반도체,779,126283.64,472745
JHFD,주현식품,779,28760.71,220272
MHCH,문호화학,779,60195.48,313487
SHEN,수하에너지,779,83915.98,385780
SYTR,성윤물산,779,42955.97,377491
THCT,태호건설,779,40622.34,285862
THTC,태환통신,779,55912.22,289415
YJBK,유진문고,779,13582.69,144017
YWEL,영욱전자,779,30544.06,94035
HDMT,현도자동차,780,60700.53,215280
HLPM,혜린제약,780,64970.24,496592
HRBI,현려바이오,780,55624.02,415237
JCSC,지찬반도체,780,121606.12,369124
JHFD,주현식품,780,27648.23,203139
MHCH,문호화학,780,57796.14,254077
SHEN,수하에너지,780,80551.86,392838
SYTR,성윤물산,780,41296.96,458615
THCT,태호건설,780,39020.84,229506
THTC,태환통신,780,53706.26,273254
YJBK,유진문고,780,13242.33,157517
YWEL,영욱전자,780,30056.63,112689
HDMT,현도자동차,781,58884.23,154912
HLPM,혜린제약,781,62650.01,479528
HRBI,현려바이오,781,53702.16,376490
JCSC,지찬반도체,781,117010.62,431116
JHFD,주현식품,781,26601.83,202034
MHCH,문호화학,781,55494.45,346805
SHEN,수하에너지,781,77328.15,256536
SYTR,성윤물산,781,39683.61,470719
THCT,태호건설,781,37492.42,321693
THTC,태환통신,781,51560.32,404335
YJBK,유진문고,781,12939.25,157554
YWEL,영욱전자,781,29647.64,95287
HDMT,현도자동차,782,57240.2,147975
HLPM,혜린제약,782,60345.87,531723
HRBI,현려바이오,782,51916.21,331367
JCSC,지찬반도체,782,112501.04,515286
JHFD,주현식품,782,25615.85,258562
MHCH,문호화학,782,53310.05,292575
SHEN,수하에너지,782,74237.02,267706
SYTR,성윤물산,782,38115.35,455159
THCT,태호건설,782,36051.96,295351
THTC,태환통신,782,49498.54,339665
YJBK,유진문고,782,12669.26,140541
YWEL,영욱전자,782,29314.32,101444
HDMT,현도자동차,783,55747.36,200668
HLPM,혜린제약,783,58074.66,527880
HRBI,현려바이오,783,50259.59,276954
JCSC,지찬반도체,783,108097.18,384468
JHFD,주현식품,783,24695.62,188997
MHCH,문호화학,783,51243.29,286414
SHEN,수하에너지,783,71291.67,384829
SYTR,성윤물산,783,36592.19,421408
THCT,태호건설,783,34702.54,304118
THTC,태환통신,783,47520.56,282709
YJBK,유진문고,783,12429.8,134919
YWEL,영욱전자,783,29058.8,115174
HDMT,현도자동차,784,54408.68,157854
HLPM,혜린제약,784,55837.86,460688
HRBI,현려바이오,784,48745.49,333927
JCSC,지찬반도체,784,103831.46,492161
JHFD,주현식품,784,23836.08,183694
MHCH,문호화학,784,49294.82,269274
SHEN,수하에너지,784,68514.37,306000
SYTR,성윤물산,784,35128.73,469663
THCT,태호건설,784,33431.6,237203
THTC,태환통신,784,45630.1,373705
YJBK,유진문고,784,12225.71,109469
YWEL,영욱전자,784,28878.72,110355
HDMT,현도자동차,785,53210.73,153108
HLPM,혜린제약,785,53663.12,433383
HRBI,현려바이오,785,47359.52,371411
JCSC,지찬반도체,785,99713.99,338887
JHFD,주현식품,785,23034.9,263907
MHCH,문호화학,785,47469.04,282703
SHEN,수하에너지,785,65876.28,367894
SYTR,성윤물산,785,33728.21,391373
THCT,태호건설,785,32246.03,312356
THTC,태환통신,785,43825.32,439560
YJBK,유진문고,785,12055.87,130013
YWEL,영욱전자,785,28774.02,104808
HDMT,현도자동차,786,52152.31,172426
HLPM,혜린제약,786,51544.34,513887
HRBI,현려바이오,786,46096.64,369309
JCSC,지찬반도체,786,95727.77,478074
JHFD,주현식품,786,22298.32,273328
MHCH,문호화학,786,45753.12,323454
SHEN,수하에너지,786,63382.21,244856
SYTR,성윤물산,786,32385.16,350160
THCT,태호건설,786,31139.88,236812
THTC,태환통신,786,42110.78,360726
YJBK,유진문고,786,11914.67,166459
YWEL,영욱전자,786,28738.81,122609
HDMT,현도자동차,787,51231.25,203317
HLPM,혜린제약,787,49490.34,501331
HRBI,현려바이오,787,44959.3,264609
JCSC,지찬반도체,787,91910.89,454465
JHFD,주현식품,787,21620.22,212505
MHCH,문호화학,787,44151.37,260228
SHEN,수하에너지,787,61048.28,298090
SYTR,성윤물산,787,31109.82,475740
THCT,태호건설,787,30114.75,270776
THTC,태환통신,787,40495.35,293290
YJBK,유진문고,787,11803.8,148830
YWEL,영욱전자,787,28771.99,83886
HDMT,현도자동차,788,50443.12,182392
HLPM,혜린제약,788,47519.22,415142
HRBI,현려바이오,788,43938.71,407951
JCSC,지찬반도체,788,88245.89,338561
JHFD,주현식품,788,20993.82,204123
MHCH,문호화학,788,42663.13,305797
SHEN,수하에너지,788,58853.85,299816
SYTR,성윤물산,788,29902.19,364451
THCT,태호건설,788,29168.07,235821
THTC,태환통신,788,38975.99,329760
YJBK,유진문고,788,11724.17,115995
YWEL,영욱전자,788,28878.54,94188
HDMT,현도자동차,789,49785.09,202328
HLPM,혜린제약,789,45604.96,583294
HRBI,현려바이오,789,43031.39,251782
JCSC,지찬반도체,789,84779.78,410493
JHFD,주현식품,789,20426.47,240715
MHCH,문호화학,789,41285.53,323832
SHEN,수하에너지,789,56816.0,244915
SYTR,성윤물산,789,28755.17,351874
THCT,태호건설,789,28304.59,270896
THTC,태환통신,789,37552.09,332139
YJBK,유진문고,789,11672.02,96404
YWEL,영욱전자,789,29058.35,101917
HDMT,현도자동차,790,49248.22,193194
HLPM,혜린제약,790,43795.75,406434
HRBI,현려바이오,790,42244.22,253780
JCSC,지찬반도체,790,81482.57,483890
JHFD,주현식품,790,19912.9,157623
MHCH,문호화학,790,40009.9,242222
SHEN,수하에너지,790,54920.15,297826
SYTR,성윤물산,790,27678.06,331620
THCT,태호건설,790,27506.33,273398
THTC,태환통신,790,36222.49,266976
YJBK,유진문고,790,11650.45,127678
YWEL,영욱전자,790,29311.7,107527
HDMT,현도자동차,791,48846.39,191470
HLPM,혜린제약,791,42063.97,585618
HRBI,현려바이오,791,41563.35,286992
JCSC,지찬반도체,791,78361.8,456725
JHFD,주현식품,791,19452.2,226653
MHCH,문호화학,791,38839.71,282713
SHEN,수하에너지,791,53178.3,254370
SYTR,성윤물산,791,26666.92,461289
THCT,태호건설,791,26786.79,294729
THTC,태환통신,791,34979.71,330878
YJBK,유진문고,791,11659.09,107137
YWEL,영욱전자,791,29640.22,125763
HDMT,현도자동차,792,48561.76,186912
HLPM,혜린제약,792,40417.52,517607
HRBI,현려바이오,792,40984.84,257134
JCSC,지찬반도체,792,75429.29,384173
JHFD,주현식품,792,19043.17,223092
MHCH,문호화학,792,37773.21,222681
SHEN,수하에너지,792,51570.57,350591
SYTR,성윤물산,792,25725.1,460602
THCT,태호건설,792,26135.14,201980
THTC,태환통신,792,33822.24,270528
YJBK,유진문고,792,11694.78,105430
YWEL,영욱전자,792,30041.41,142116
HDMT,현도자동차,793,48392.83,150193
HLPM,혜린제약,793,38869.66,370864
HRBI,현려바이오,793,40519.92,317778
JCSC,지찬반도체,793,72682.55,352081
JHFD,주현식품,793,18683.28,159883
MHCH,문호화학,793,36811.71,221089
SHEN,수하에너지,793,50098.39,265535
SYTR,성윤물산,793,24844.86,468720
THCT,태호건설,793,25553.51,253107
THTC,태환통신,793,32755.14,392101
YJBK,유진문고,793,11761.56,140592
YWEL,영욱전자,793,30520.82,113781
HDMT,현도자동차,794,48357.45,116452
HLPM,혜린제약,794,37403.38,458582
HRBI,현려바이오,794,40159.67,266045
JCSC,지찬반도체,794,70118.5,326763
JHFD,주현식품,794,18371.97,164340
MHCH,문호화학,794,35940.97,206727
SHEN,수하에너지,794,48748.29,218876
SYTR,성윤물산,794,24028.77,458418
THCT,태호건설,794,25037.94,257114
THTC,태환통신,794,31780.47,275882
YJBK,유진문고,794,11855.82,136133
YWEL,영욱전자,794,31076.17,93311
HDMT,현도자동차,795,48437.62,172394
HLPM,혜린제약,795,36033.75,493429
HRBI,현려바이오,795,39897.51,249415
JCSC,지찬반도체,795,67724.87,488138
JHFD,주현식품,795,18108.93,192676
MHCH,문호화학,795,35169.04,238154
SHEN,수하에너지,795,47538.91,323532
SYTR,성윤물산,795,23279.8,387806
THCT,태호건설,795,24590.3,221972
THTC,태환통신,795,30885.59,262907
YJBK,유진문고,795,11979.59,127784
YWEL,영욱전자,795,31701.87,114614
HDMT,현도자동차,796,48642.09,151802
HLPM,혜린제약,796,34752.17,415064
HRBI,현려바이오,796,39744.87,289274
JCSC,지찬반도체,796,65526.05,424491
JHFD,주현식품,796,17893.04,177564
MHCH,문호화학,796,34491.4,217988
SHEN,수하에너지,796,46455.53,225798
SYTR,성윤물산,796,22590.72,303718
THCT,태호건설,796,24207.24,245720
THTC,태환통신,796,30073.17,286940
YJBK,유진문고,796,12134.76,138585
YWEL,영욱전자,796,32417.86,128031
HDMT,현도자동차,797,48964.94,168708
HLPM,혜린제약,797,33554.81,540780
HRBI,현려바이오,797,39685.03,275754
JCSC,지찬반도체,797,63497.03,385011
JHFD,주현식품,797,17724.31,185235
MHCH,문호화학,797,33899.66,213556
SHEN,수하에너지,797,45492.57,271934
SYTR,성윤물산,797,21962.22,441714
THCT,태호건설,797,23887.68,179962
THTC,태환통신,797,29342.21,271289
YJBK,유진문고,797,12322.4,175620
YWEL,영욱전자,797,33205.17,117970
HDMT,현도자동차,798,49413.69,183009
HLPM,혜린제약,798,32442.4,527679
HRBI,현려바이오,798,39724.67,232470
JCSC,지찬반도체,798,61616.5,365296
JHFD,주현식품,798,17600.26,183791
MHCH,문호화학,798,33399.55,279509
SHEN,수하에너지,798,44652.12,267144
SYTR,성윤물산,798,21391.69,321448
THCT,태호건설,798,23625.89,249633
THTC,태환통신,798,28687.63,281327
YJBK,유진문고,798,12540.01,113619
YWEL,영욱전자,798,34083.96,151384
HDMT,현도자동차,799,49984.91,166816
HLPM,혜린제약,799,31421.95,339040
HRBI,현려바이오,799,39865.15,279570
JCSC,지찬반도체,799,59895.02,352251
JHFD,주현식품,799,17521.28,185925
MHCH,문호화학,799,32988.4,189186
SHEN,수하에너지,799,43933.5,306386
SYTR,성윤물산,799,20876.4,348617
THCT,태호건설,799,23427.69,193912
THTC,태환통신,799,28109.01,345038
YJBK,유진문고,799,12789.14,163420
YWEL,영욱전자,799,35052.25,118216
HDMT,현도자동차,800,50676.88,154656
HLPM,혜린제약,800,30480.71,530189
HRBI,현려바이오,800,40094.95,269907
JCSC,지찬반도체,800,58339.18,334784
JHFD,주현식품,800,17485.41,125716
MHCH,문호화학,800,32660.53,224770
SHEN,수하에너지,800,43311.49,300365
SYTR,성윤물산,800,20418.57,428101
THCT,태호건설,800,23281.93,206565
THTC,태환통신,800,27607.93,231675
YJBK,유진문고,800,13070.59,122439
YWEL,영욱전자,800,36108.79,131630
HDMT,현도자동차,801,51507.6,195618
HLPM,혜린제약,801,29621.15,365189
HRBI,현려바이오,801,40434.37,216488
JCSC,지찬반도체,801,56938.68,414547
JHFD,주현식품,801,17495.76,158038
MHCH,문호화학,801,32410.48,241469
SHEN,수하에너지,801,42809.46,224755
SYTR,성윤물산,801,20007.63,421802
THCT,태호건설,801,23196.02,192963
THTC,태환통신,801,27171.51,229343
YJBK,유진문고,801,13385.51,187662
YWEL,영욱전자,801,37244.64,112941
HDMT,현도자동차,802,52465.55,194253
HLPM,혜린제약,802,28840.18,371970
HRBI,현려바이오,802,40878.54,294896
JCSC,지찬반도체,802,55684.74,420851
JHFD,주현식품,802,17548.82,139283
MHCH,문호화학,802,32242.9,228907
SHEN,수하에너지,802,42419.12,284695
SYTR,성윤물산,802,19658.15,386956
THCT,태호건설,802,23168.66,162299
THTC,태환통신,802,26808.87,330238
YJBK,유진문고,802,13732.65,145766
YWEL,영욱전자,802,38472.77,108495
HDMT,현도자동차,803,53546.44,186138
HLPM,혜린제약,803,28135.61,322959
HRBI,현려바이오,803,41421.12,263044
JCSC,지찬반도체,803,54577.47,361205
JHFD,주현식품,803,17645.02,130045
MHCH,문호화학,803,32155.73,198665
SHEN,수하에너지,803,42128.58,267603
SYTR,성윤물산,803,19355.7,360896
THCT,태호건설,803,23207.93,219733
THTC,태환통신,803,26513.96,225537
YJBK,유진문고,803,14113.88,171857
YWEL,영욱전자,803,39798.09,161384
HDMT,현도자동차,804,54774.68,138796
HLPM,혜린제약,804,27504.2,457834
HRBI,현려바이오,804,42063.4,266153
JCSC,지찬반도체,804,53616.16,328779
JHFD,주현식품,804,17786.22,138864
MHCH,문호화학,804,32147.13,187708
SHEN,수하에너지,804,41953.84,218870
SYTR,성윤물산,804,19106.73,253686
THCT,태호건설,804,23298.54,167269
THTC,태환통신,804,26284.39,305156
YJBK,유진문고,804,14532.07,133211
YWEL,영욱전자,804,41215.94,175658
HDMT,현도자동차,805,56135.23,190157
HLPM,혜린제약,805,26946.26,462797
HRBI,현려바이오,805,42819.45,377962
JCSC,지찬반도체,805,52791.54,297536
JHFD,주현식품,805,17975.59,184895
MHCH,문호화학,805,32225.14,214908
SHEN,수하에너지,805,41875.37,245861
SYTR,성윤물산,805,18903.68,313248
THCT,태호건설,805,23450.2,223925
THTC,태환통신,805,26122.32,241076
YJBK,유진문고,805,14985.05,154141
YWEL,영욱전자,805,42728.92,172249
HDMT,현도자동차,806,57637.91,228466
HLPM,혜린제약,806,26457.47,397218
HRBI,현려바이오,806,43677.85,283873
JCSC,지찬반도체,806,52102.61,375323
JHFD,주현식품,806,18207.09,144408
MHCH,문호화학,806,32385.88,247569
SHEN,수하에너지,806,41913.48,251049
SYTR,성윤물산,806,18750.4,306917
THCT,태호건설,806,23661.5,223178
THTC,태환통신,806,26029.21,226891
YJBK,유진문고,806,15474.83,127198
YWEL,영욱전자,806,44330.35,180151
HDMT,현도자동차,807,59277.85,157470
HLPM,혜린제약,807,26037.17,317638
HRBI,현려바이오,807,44647.82,256442
JCSC,지찬반도체,807,51542.01,350054
JHFD,주현식품,807,18481.33,232908
MHCH,문호화학,807,32629.82,224109
SHEN,수하에너지,807,42048.0,195428
SYTR,성윤물산,807,18641.94,353484
THCT,태호건설,807,23938.28,157523
THTC,태환통신,807,25999.19,258934
YJBK,유진문고,807,16002.45,171169
YWEL,영욱전자,807,46030.54,166928
HDMT,현도자동차,808,61087.43,183901
HLPM,혜린제약,808,25685.61,394846
HRBI,현려바이오,808,45730.42,378550
JCSC,지찬반도체,808,51121.15,341017
JHFD,주현식품,808,18803.39,230288
MHCH,문호화학,808,32948.5,174281
SHEN,수하에너지,808,42291.43,286586
SYTR,성윤물산,808,18582.01,273097
THCT,태호건설,808,24266.53,182876
THTC,태환통신,808,26034.91,282924
YJBK,유진문고,808,16568.18,134724
YWEL,영욱전자,808,47828.87,139469
HDMT,현도자동차,809,63042.08,147780
HLPM,혜린제약,809,25398.59,364928
HRBI,현려바이오,809,46925.08,257474
JCSC,지찬반도체,809,50837.58,357410
JHFD,주현식품,809,19174.79,158394
MHCH,문호화학,809,33354.24,184391
SHEN,수하에너지,809,42633.79,255937
SYTR,성윤물산,809,18568.58,343858
THCT,태호건설,809,24655.86,235890
THTC,태환통신,809,26135.92,299912
YJBK,유진문고,809,17171.89,154001
YWEL,영욱전자,809,49711.06,112626
HDMT,현도자동차,810,65135.44,150691
HLPM,혜린제약,810,25177.63,278580
HRBI,현려바이오,810,48245.36,393973
JCSC,지찬반도체,810,50682.03,282092
JHFD,주현식품,810,19594.24,162422
MHCH,문호화학,810,33840.83,206403
SHEN,수하에너지,810,43092.68,198003
SYTR,성윤물산,810,18603.06,331995
THCT,태호건설,810,25106.66,243054
THTC,태환통신,810,26307.46,258607
YJBK,유진문고,810,17813.79,208770
YWEL,영욱전자,810,51690.86,133620
HDMT,현도자동차,811,67394.72,200833
HLPM,혜린제약,811,25018.44,308568
HRBI,현려바이오,811,49679.18,348934
JCSC,지찬반도체,811,50659.01,228541
JHFD,주현식품,811,20064.7,170722
MHCH,문호화학,811,34416.83,289596
SHEN,수하에너지,811,43659.91,269036
SYTR,성윤물산,811,18681.29,250684
THCT,태호건설,811,25624.69,240005
THTC,태환통신,811,26544.48,294098
YJBK,유진문고,811,18493.78,198056
YWEL,영욱전자,811,53763.59,175579
HDMT,현도자동차,812,69822.1,174936
HLPM,혜린제약,812,24922.11,415016
HRBI,현려바이오,812,51239.14,432740
JCSC,지찬반도체,812,50760.52,338777
JHFD,주현식품,812,20581.7,173211
MHCH,문호화학,812,35077.29,220065
SHEN,수하에너지,812,44334.59,252752
SYTR,성윤물산,812,18812.11,263961
THCT,태호건설,812,26210.88,181938
THTC,태환통신,812,26849.41,256002
YJBK,유진문고,812,19215.0,155666
YWEL,영욱전자,812,55911.08,153731
HDMT,현도자동차,813,72399.6,177388
HLPM,혜린제약,813,24892.8,334070
HRBI,현려바이오,813,52930.26,272628
JCSC,지찬반도체,813,50983.62,241420
JHFD,주현식품,813,21152.66,242043
MHCH,문호화학,813,35825.37,248291
SHEN,수하에너지,813,45118.91,252068
SYTR,성윤물산,813,18984.65,277339
THCT,태호건설,813,26859.0,209633
THTC,태환통신,813,27216.44,316252
YJBK,유진문고,813,19976.52,199173
YWEL,영욱전자,813,58139.93,126483
HDMT,현도자동차,814,75130.19,174438
HLPM,혜린제약,814,24927.06,319213
HRBI,현려바이오,814,54754.37,382869
JCSC,지찬반도체,814,51331.46,392406
JHFD,주현식품,814,21774.1,235068
MHCH,문호화학,814,36668.17,230273
SHEN,수하에너지,814,46021.23,212875
SYTR,성윤물산,814,19204.76,315054
THCT,태호건설,814,27576.04,217357
THTC,태환통신,814,27654.44,237501
YJBK,유진문고,814,20769.36,155517
YWEL,영욱전자,814,60431.64,159447
HDMT,현도자동차,815,78019.57,160800
HLPM,혜린제약,815,25020.25,315875
HRBI,현려바이오,815,56701.48,389723
JCSC,지찬반도체,815,51804.74,262066
JHFD,주현식품,815,22448.57,188530
MHCH,문호화학,815,37598.72,273863
SHEN,수하에너지,815,47048.8,282117
SYTR,성윤물산,815,19475.05,402607
THCT,태호건설,815,28356.4,223878
THTC,태환통신,815,28158.17,222621
YJBK,유진문고,815,21597.1,211823
YWEL,영욱전자,815,62787.87,150542
HDMT,현도자동차,816,81085.33,178722
HLPM,혜린제약,816,25181.25,370476
HRBI,현려바이오,816,58781.63,463859
JCSC,지찬반도체,816,52422.0,334219
JHFD,주현식품,816,23180.08,204065
MHCH,문호화학,816,38622.58,304347
SHEN,수하에너지,816,48183.89,323171
SYTR,성윤물산,816,19794.34,350314
THCT,태호건설,816,29210.62,202403
THTC,태환통신,816,28736.12,343874
YJBK,유진문고,816,22459.85,208462
YWEL,영욱전자,816,65192.37,166797
HDMT,현도자동차,817,84309.49,167912
HLPM,혜린제약,817,25400.9,371676
HRBI,현려바이오,817,60983.43,317710
JCSC,지찬반도체,817,53160.77,292726
JHFD,주현식품,817,23973.79,193653
MHCH,문호화학,817,39750.01,302171
SHEN,수하에너지,817,49438.1,327807
SYTR,성윤물산,817,20163.76,279351
THCT,태호건설,817,30149.0,279465
THTC,태환통신,817,29386.39,314427
YJBK,유진문고,817,23353.82,190899
YWEL,영욱전자,817,67632.23,179502
HDMT,현도자동차,818,87670.65,230548
HLPM,혜린제약,818,25687.45,316124
HRBI,현려바이오,818,63325.12,315422
JCSC,지찬반도체,818,54043.84,402418
JHFD,주현식품,818,24820.59,247103
MHCH,문호화학,818,40969.51,224369
SHEN,수하에너지,818,50813.11,288532
SYTR,성윤물산,818,20581.54,401991
THCT,태호건설,818,31151.26,290297
THTC,태환통신,818,30111.29,239248
YJBK,유진문고,818,24277.16,139408
YWEL,영욱전자,818,70117.4,112417
HDMT,현도자동차,819,91173.66,209291
HLPM,혜린제약,819,26041.3,290063
HRBI,현려바이오,819,65788.55,355612
JCSC,지찬반도체,819,55051.51,286391
JHFD,주현식품,819,25729.44,261099
MHCH,문호화학,819,42292.02,263018
SHEN,수하에너지,819,52323.09,372927
SYTR,성윤물산,819,21053.9,360636
THCT,태호건설,819,32225.79,260504
THTC,태환통신,819,30914.31,283374
YJBK,유진문고,819,25227.15,136291
YWEL,영욱전자,819,72626.08,157132
HDMT,현도자동차,820,94825.7,201015
HLPM,혜린제약,820,26456.26,475190
HRBI,현려바이오,820,68385.67,368126
JCSC,지찬반도체,820,56197.8,391659
JHFD,주현식품,820,26691.62,247331
MHCH,문호화학,820,43716.49,313346
SHEN,수하에너지,820,53955.79,326787
SYTR,성윤물산,820,21581.85,324214
THCT,태호건설,820,33381.2,287540
THTC,태환통신,820,31792.97,269411
YJBK,유진문고,820,26200.14,207097
YWEL,영욱전자,820,75109.89,168429
HDMT,현도자동차,821,98602.66,203745
HLPM,혜린제약,821,26943.21,302737
HRBI,현려바이오,821,71110.99,353492
JCSC,지찬반도체,821,57485.68,301580
JHFD,주현식품,821,27710.89,194373
MHCH,문호화학,821,45252.32,275525
SHEN,수하에너지,821,55722.69,247782
SYTR,성윤물산,821,22163.66,371122
THCT,태호건설,821,34608.29,317865
THTC,태환통신,821,32753.45,298759
YJBK,유진문고,821,27187.8,215016
YWEL,영욱전자,821,77585.79,146751
HDMT,현도자동차,822,102495.66,198006
HLPM,혜린제약,822,27496.51,369423
HRBI,현려바이오,822,73955.95,404465
JCSC,지찬반도체,822,58919.43,449626
JHFD,주현식품,822,28786.28,216772
MHCH,문호화학,822,46880.83,357153
SHEN,수하에너지,822,57641.95,316047
SYTR,성윤물산,822,22802.16,464223
THCT,태호건설,822,35922.6,326954
THTC,태환통신,822,33790.56,335193
YJBK,유진문고,822,28189.53,146217
YWEL,영욱전자,822,80034.2,129365
HDMT,현도자동차,823,106505.41,172475
HLPM,혜린제약,823,28112.61,441997
HRBI,현려바이오,823,76895.18,329646
JCSC,지찬반도체,823,60510.0,461098
JHFD,주현식품,823,29915.05,212419
MHCH,문호화학,823,48620.56,290553
SHEN,수하에너지,823,59692.18,322934
SYTR,성윤물산,823,23495.01,333262
THCT,태호건설,823,37297.19,261073
THTC,태환통신,823,34909.34,274965
YJBK,유진문고,823,29198.37,197992
YWEL,영욱전자,823,82436.07,120071
HDMT,현도자동차,824,110586.87,242926
HLPM,혜린제약,824,28803.49,424147
HRBI,현려바이오,824,79965.53,311538
JCSC,지찬반도체,824,62242.3,402849
JHFD,주현식품,824,31101.51,194078
MHCH,문호화학,824,50467.21,354543
SHEN,수하에너지,824,61869.15,364518
SYTR,성윤물산,824,24249.97,445299
THCT,태호건설,824,38752.77,221589
THTC,태환통신,824,36114.44,345084
YJBK,유진문고,824,30217.21,146956
YWEL,영욱전자,824,84764.43,158621
HDMT,현도자동차,825,114742.78,242053
HLPM,혜린제약,825,29572.14,497039
HRBI,현려바이오,825,83131.2,381535
JCSC,지찬반도체,825,64131.3,395846
JHFD,주현식품,825,32350.36,189002
MHCH,문호화학,825,52422.97,239138
SHEN,수하에너지,825,64195.1,361737
SYTR,성윤물산,825,25064.85,310973
THCT,태호건설,825,40282.32,310000
THTC,태환통신,825,37409.11,362395
YJBK,유진문고,825,31224.74,179765
YWEL,영욱전자,825,87012.34,149657
HDMT,현도자동차,826,118935.02,188213
HLPM,혜린제약,826,30407.76,521287
HRBI,현려바이오,826,86384.66,338240
JCSC,지찬반도체,826,66185.66,457671
JHFD,주현식품,826,33645.04,283706
MHCH,문호화학,826,54475.8,343567
SHEN,수하에너지,826,66647.37,338464
SYTR,성윤물산,826,25932.37,407212
THCT,태호건설,826,41892.34,201874
THTC,태환통신,826,38781.71,414656
YJBK,유진문고,826,32226.99,172052
YWEL,영욱전자,826,89143.79,102241
HDMT,현도자동차,827,123150.94,203903
HLPM,혜린제약,827,31318.6,422655
HRBI,현려바이오,827,89702.57,381942
JCSC,지찬반도체,827,68384.39,402074
JHFD,주현식품,827,34991.2,206542
MHCH,문호화학,827,56634.29,357369
SHEN,수하에너지,827,69240.29,296703
SYTR,성윤물산,827,26859.7,434703
THCT,태호건설,827,43561.53,274511
THTC,태환통신,827,40248.18,290547
YJBK,유진문고,827,33206.02,180356
YWEL,영욱전자,827,91145.36,100527
HDMT,현도자동차,828,127355.72,173628
HLPM,혜린제약,828,32307.31,440392
HRBI,현려바이오,828,93080.77,322832
JCSC,지찬반도체,828,70750.36,451787
JHFD,주현식품,828,36367.78,292551
MHCH,문호화학,828,58889.37,357397
SHEN,수하에너지,828,71973.26,381211
SYTR,성윤물산,828,27855.94,361950
THCT,태호건설,828,45299.4,211947
THTC,태환통신,828,41786.96,318239
YJBK,유진문고,828,34161.69,123172
YWEL,영욱전자,828,92985.64,123542
HDMT,현도자동차,829,131537.38,236133
HLPM,혜린제약,829,33367.2,535506
HRBI,현려바이오,829,96507.07,295599
JCSC,지찬반도체,829,73294.15,453809
JHFD,주현식품,829,37793.35,190246
MHCH,문호화학,829,61253.93,325302
SHEN,수하에너지,829,74841.81,390085
SYTR,성윤물산,829,28909.04,411913
THCT,태호건설,829,47104.42,280766
THTC,태환통신,829,43419.25,305090
YJBK,유진문고,829,35081.72,190490
YWEL,영욱전자,829,94684.85,114550
HDMT,현도자동차,830,135667.69,161131
HLPM,혜린제약,830,34518.7,514459
HRBI,현려바이오,830,99954.61,426125
JCSC,지찬반도체,830,76004.93,347045
JHFD,주현식품,830,39249.73,248548
MHCH,문호화학,830,63703.5,353450
SHEN,수하에너지,830,77836.33,264419
SYTR,성윤물산,830,30025.37,455864
THCT,태호건설,830,48963.91,279495
THTC,태환통신,830,45136.71,290270
YJBK,유진문고,830,35953.39,143135
YWEL,영욱전자,830,96197.3,124741
HDMT,현도자동차,831,139695.02,156198
HLPM,혜린제약,831,35745.86,357387
HRBI,현려바이오,831,103400.76,306045
JCSC,지찬반도체,831,78880.9,356058
JHFD,주현식품,831,40735.48,202650
MHCH,문호화학,831,66239.91,239104
SHEN,수하에너지,831,80960.99,317515
SYTR,성윤물산,831,31193.46,481321
THCT,태호건설,831,50873.71,225915
THTC,태환통신,831,46938.52,386393
YJBK,유진문고,831,36776.07,189282
YWEL,영욱전자,831,97494.98,91379
HDMT,현도자동차,832,143594.09,228574
HLPM,혜린제약,832,37058.96,543330
HRBI,현려바이오,832,106832.23,419584
JCSC,지찬반도체,832,81929.52,421615
JHFD,주현식품,832,42237.87,240367
MHCH,문호화학,832,68840.95,312604
SHEN,수하에너지,832,84185.08,296053
SYTR,성윤물산,832,32424.89,321041
THCT,태호건설,832,52822.49,288515
THTC,태환통신,832,48809.75,296514
YJBK,유진문고,832,37546.27,118750
YWEL,영욱전자,832,98567.82,133721
HDMT,현도자동차,833,147346.05,147179
HLPM,혜린제약,833,38459.34,562070
HRBI,현려바이오,833,110217.23,274544
JCSC,지찬반도체,833,85145.65,356604
JHFD,주현식품,833,43747.25,252450
MHCH,문호화학,833,71510.02,348412
SHEN,수하에너지,833,87519.05,262779
SYTR,성윤물산,833,33721.6,375255
THCT,태호건설,833,54801.64,207661
THTC,태환통신,833,50757.84,368096
YJBK,유진문고,833,38244.85,126719
YWEL,영욱전자,833,99435.04,127242
HDMT,현도자동차,834,150915.97,158051
HLPM,혜린제약,834,39934.54,477698
HRBI,현려바이오,834,113538.43,271874
JCSC,지찬반도체,834,88523.35,443827
JHFD,주현식품,834,45271.64,266485
MHCH,문호화학,834,74232.81,231284
SHEN,수하에너지,834,90920.7,370873
SYTR,성윤물산,834,35068.75,323491
THCT,태호건설,834,56799.06,294423
THTC,태환통신,834,52780.4,406356
YJBK,유진문고,834,38872.58,131855
YWEL,영욱전자,834,100059.78,93877
HDMT,현도자동차,835,154241.0,217933
HLPM,혜린제약,835,41487.13,438964
HRBI,현려바이오,835,116766.66,327069
JCSC,지찬반도체,835,92050.05,522416
JHFD,주현식품,835,46786.97,200060
MHCH,문호화학,835,76994.82,343337
SHEN,수하에너지,835,94432.62,373306
SYTR,성윤물산,835,36471.78,504346
THCT,태호건설,835,58817.47,253689
THTC,태환통신,835,54861.52,325568
YJBK,유진문고,835,39422.12,142885
YWEL,영욱전자,835,100453.99,79676
HDMT,현도자동차,836,157331.49,139640
HLPM,혜린제약,836,43131.26,501566
HRBI,현려바이오,836,119889.05,336176
JCSC,지찬반도체,836,95731.44,481726
JHFD,주현식품,836,48298.14,174767
MHCH,문호화학,836,79782.94,329260
SHEN,수하에너지,836,98006.13,243389
SYTR,성윤물산,836,37924.24,320026
THCT,태호건설,836,60834.45,229367
THTC,태환통신,836,56998.54,383927
YJBK,유진문고,836,39887.85,104244
YWEL,영욱전자,836,100582.91,121615
HDMT,현도자동차,837,160114.41,185676
HLPM,혜린제약,837,44852.83,447028
HRBI,현려바이오,837,122844.72,320936
JCSC,지찬반도체,837,99549.65,401944
JHFD,주현식품,837,49769.67,178747
MHCH,문호화학,837,82611.4,333570
SHEN,수하에너지,837,101620.5,395829
SYTR,성윤물산,837,39423.75,370606
THCT,태호건설,837,62843.43,268953
THTC,태환통신,837,59190.13,393719
YJBK,유진문고,837,40259.86,142672
YWEL,영욱전자,837,100477.42,86535
HDMT,현도자동차,838,162590.21,155158
HLPM,혜린제약,838,46644.96,393387
HRBI,현려바이오,838,125644.75,383817
JCSC,지찬반도체,838,103516.66,377661
JHFD,주현식품,838,51201.7,230527
MHCH,문호화학,838,85401.71,332024
SHEN,수하에너지,838,105259.71,365157
SYTR,성윤물산,838,40958.23,410927
THCT,태호건설,838,64818.89,200938
THTC,태환통신,838,61407.55,388311
YJBK,유진문고,838,40540.38,122802
YWEL,영욱전자,838,100106.15,120457
HDMT,현도자동차,839,164733.4,133819
HLPM,혜린제약,839,48511.2,406280
HRBI,현려바이오,839,128213.16,341517
JCSC,지찬반도체,839,107603.36,504935
JHFD,주현식품,839,52581.96,193276
MHCH,문호화학,839,88165.79,334869
SHEN,수하에너지,839,108909.1,354981
SYTR,성윤물산,839,42525.14,491259
THCT,태호건설,839,66749.53,237538
THTC,태환통신,839,63661.84,375726
YJBK,유진문고,839,40717.56,151836
YWEL,영욱전자,839,99486.69,83086
HDMT,현도자동차,840,166495.17,160660
HLPM,혜린제약,840,50438.85,550939
HRBI,현려바이오,840,130569.19,378990
JCSC,지찬반도체,840,111786.36,455835
JHFD,주현식품,840,53903.15,191418
MHCH,문호화학,840,90884.49,219747
SHEN,수하에너지,840,112558.21,268802
SYTR,성윤물산,840,44113.55,399981
THCT,태호건설,840,68615.21,198621
THTC,태환통신,840,65927.04,391502
YJBK,유진문고,840,40793.72,138111
YWEL,영욱전자,840,98625.86,82816
HDMT,현도자동차,841,167856.39,161677
HLPM,혜린제약,841,52421.85,382449
HRBI,현려바이오,841,132665.77,381563
JCSC,지찬반도체,841,116059.09,485753
JHFD,주현식품,841,55138.81,163281
MHCH,문호화학,841,93524.92,303106
SHEN,수하에너지,841,116129.47,256773
SYTR,성윤물산,841,45710.16,430159
THCT,태호건설,841,70430.73,295229
THTC,태환통신,841,68189.03,286025
YJBK,유진문고,841,40764.89,122936
YWEL,영욱전자,841,97512.75,114161
HDMT,현도자동차,842,168840.33,133307
HLPM,혜린제약,842,54468.48,522847
HRBI,현려바이오,842,134497.04,253795
JCSC,지찬반도체,842,120391.46,330605
JHFD,주현식품,842,56293.73,201649
MHCH,문호화학,842,96095.42,283232
SHEN,수하에너지,842,119656.61,271373
SYTR,성윤물산,842,47323.03,311636
THCT,태호건설,842,72141.1,282975
THTC,태환통신,842,70432.13,362640
YJBK,유진문고,842,40632.67,147125
YWEL,영욱전자,842,96199.3,100927
HDMT,현도자동차,843,169403.2,176436
HLPM,혜린제약,843,56553.79,444207
HRBI,현려바이오,843,136033.13,325778
JCSC,지찬반도체,843,124794.65,376189
JHFD,주현식품,843,57348.58,210952
MHCH,문호화학,843,98545.2,291619
SHEN,수하에너지,843,123088.03,225669
SYTR,성윤물산,843,48949.89,459084
THCT,태호건설,843,73748.12,189186
THTC,태환통신,843,72648.88,334041
YJBK,유진문고,843,40405.85,100300
YWEL,영욱전자,843,94663.95,143378
HDMT,현도자동차,844,169521.87,110386
HLPM,혜린제약,844,58679.29,451397
HRBI,현려바이오,844,137252.92,345100
JCSC,지찬반도체,844,129196.05,357813
JHFD,주현식품,844,58303.16,184228
MHCH,문호화학,844,100840.11,253502
SHEN,수하에너지,844,126393.47,356594
SYTR,성윤물산,844,50553.1,295687
THCT,태호건설,844,75234.04,205997
THTC,태환통신,844,74813.87,366989
YJBK,유진문고,844,40074.1,149929
YWEL,영욱전자,844,92952.49,133075
HDMT,현도자동차,845,169219.81,108927
HLPM,혜린제약,845,60831.96,568380
HRBI,현려바이오,845,138150.17,327438
JCSC,지찬반도체,845,133610.66,505077
JHFD,주현식품,845,59130.51,206817
MHCH,문호화학,845,103017.63,198179
SHEN,수하에너지,845,129540.89,262236
SYTR,성윤물산,845,52136.88,296771
THCT,태호건설,845,76574.4,254092
THTC,태환통신,845,76924.56,306635
YJBK,유진문고,845,39652.51,118373
YWEL,영욱전자,845,91060.3,104888
HDMT,현도자동차,846,168534.44,173436
HLPM,혜린제약,846,62998.11,555760
HRBI,현려바이오,846,138697.03,259724
JCSC,지찬반도체,846,137980.5,401050
JHFD,주현식품,846,59827.52,192763
MHCH,문호화학,846,105009.97,213983
SHEN,수하에너지,846,132506.33,348003
SYTR,성윤물산,846,53682.35,380085
THCT,태호건설,846,77772.43,172117
THTC,태환통신,846,78953.96,283229
YJBK,유진문고,846,39129.36,164483
YWEL,영욱전자,846,89005.29,138614
HDMT,현도자동차,847,167377.98,174547
HLPM,혜린제약,847,65168.21,353028
HRBI,현려바이오,847,138919.98,230657
JCSC,지찬반도체,847,142300.86,352488
JHFD,주현식품,847,60386.19,187597
MHCH,문호화학,847,106787.49,285297
SHEN,수하에너지,847,135241.58,336984
SYTR,성윤물산,847,55177.43,456549
THCT,태호건설,847,78807.84,239083
THTC,태환통신,847,80883.66,361527
YJBK,유진문고,847,38537.59,115022
YWEL,영욱전자,847,86810.42,153231
HDMT,현도자동차,848,165808.89,171306
HLPM,혜린제약,848,67323.92,418297
HRBI,현려바이오,848,138765.03,242934
JCSC,지찬반도체,848,146526.19,502704
JHFD,주현식품,848,60813.15,139888
MHCH,문호화학,848,108357.21,249396
SHEN,수하에너지,848,137773.08,248798
SYTR,성윤물산,848,56609.88,283332
THCT,태호건설,848,79674.62,179453
THTC,태환통신,848,82691.31,334731
YJBK,유진문고,848,37857.67,130429
YWEL,영욱전자,848,84512.47,159800
HDMT,현도자동차,849,163876.96,186068
HLPM,혜린제약,849,69443.19,476013
HRBI,현려바이오,849,138238.91,225125
JCSC,지찬반도체,849,150604.89,430158
JHFD,주현식품,849,61087.45,195944
MHCH,문호화학,849,109696.99,208397
SHEN,수하에너지,849,140018.85,301219
SYTR,성윤물산,849,57975.5,446268
THCT,태호건설,849,80342.24,163292
THTC,태환통신,849,84362.94,300972
YJBK,유진문고,849,37098.87,162304
YWEL,영욱전자,849,82123.03,153965
HDMT,현도자동차,850,161588.12,163998
HLPM,혜린제약,850,71534.48,380293
HRBI,현려바이오,850,137413.73,327435
JCSC,지찬반도체,850,154539.73,485489
JHFD,주현식품,850,61192.84,126996
MHCH,문호화학,850,110795.55,250254
SHEN,수하에너지,850,141991.72,211052
SYTR,성윤물산,850,59250.84,394876
THCT,태호건설,850,80819.87,214112
THTC,태환통신,850,85863.99,305556
YJBK,유진문고,850,36279.58,159280
YWEL,영욱전자,850,79660.42,127680
HDMT,현도자동차,851,158967.08,139033
HLPM,혜린제약,851,73558.83,469844
HRBI,현려바이오,851,136238.29,229861
JCSC,지찬반도체,851,158232.3,316487
JHFD,주현식품,851,61161.59,163622
MHCH,문호화학,851,111639.29,186389
SHEN,수하에너지,851,143663.08,278662
SYTR,성윤물산,851,60422.9,269583
THCT,태호건설,851,81110.82,224206
THTC,태환통신,851,87217.44,295816
YJBK,유진문고,851,35413.84,151124
YWEL,영욱전자,851,77142.21,148868
HDMT,현도자동차,852,156010.67,165843
HLPM,혜린제약,852,75510.73,484010
HRBI,현려바이오,852,134753.64,357199
JCSC,지찬반도체,852,161715.77,365609
JHFD,주현식품,852,60973.6,145559
MHCH,문호화학,852,112205.79,250711
SHEN,수하에너지,852,144969.63,232836
SYTR,성윤물산,852,61504.75,386949
THCT,태호건설,852,81183.85,190567
THTC,태환통신,852,88376.57,248720
YJBK,유진문고,852,34495.28,195821
YWEL,영욱전자,852,74589.77,121627
HDMT,현도자동차,853,152762.04,182912
HLPM,혜린제약,853,77356.64,471797
HRBI,현려바이오,853,132978.66,277091
JCSC,지찬반도체,853,164920.25,456395
JHFD,주현식품,853,60646.95,173609
MHCH,문호화학,853,112501.04,171660
SHEN,수하에너지,853,145964.87,254773
SYTR,성윤물산,853,62442.87,300062
THCT,태호건설,853,81064.05,199554
THTC,태환통신,853,89324.41,204416
YJBK,유진문고,853,33535.71,150963
YWEL,영욱전자,853,72016.96,121623
HDMT,현도자동차,854,149281.42,190006
HLPM,혜린제약,854,79106.05,457995
HRBI,현려바이오,854,130904.86,342095
JCSC,지찬반도체,854,167820.97,323212
JHFD,주현식품,854,60159.68,159598
MHCH,문호화학,854,112500.0,165170
SHEN,수하에너지,854,146602.5,248135
SYTR,성윤물산,854,63253.39,356073
THCT,태호건설,854,80739.76,203202
THTC,태환통신,854,90092.66,210029
YJBK,유진문고,854,32542.91,126521
YWEL,영욱전자,854,69450.94,170846
HDMT,현도자동차,855,145554.29,195740
HLPM,혜린제약,855,80707.34,406495
HRBI,현려바이오,855,128553.81,360545
JCSC,지찬반도체,855,170371.86,295525
JHFD,주현식품,855,59527.79,146852
MHCH,문호화학,855,112228.89,212967
SHEN,수하에너지,855,146836.81,206016
SYTR,성윤물산,855,63915.87,361504
THCT,태호건설,855,80214.54,195514
THTC,태환통신,855,90635.6,208526
YJBK,유진문고,855,31524.01,167432
YWEL,영욱전자,855,66910.4,175361
HDMT,현도자동차,856,141650.13,222420
HLPM,혜린제약,856,82166.88,402487
HRBI,현려바이오,856,125970.78,244307
JCSC,지찬반도체,856,172574.43,265200
JHFD,주현식품,856,58763.79,194425
MHCH,문호화학,856,111681.85,234171
SHEN,수하에너지,856,146715.57,196418
SYTR,성윤물산,856,64451.96,281369
THCT,태호건설,856,79497.07,178272
THTC,태환통신,856,90953.07,250295
YJBK,유진문고,856,30489.77,151419
YWEL,영욱전자,856,64389.85,178003
HDMT,현도자동차,857,137589.24,188769
HLPM,혜린제약,857,83475.79,394988
HRBI,현려바이오,857,123171.03,336183
JCSC,지찬반도체,857,174382.64,370714
JHFD,주현식품,857,57860.5,169282
MHCH,문호화학,857,110860.4,169268
SHEN,수하에너지,857,146267.22,251371
SYTR,성윤물산,857,64811.16,267635
THCT,태호건설,857,78580.42,218814
THTC,태환통신,857,91047.67,235263
YJBK,유진문고,857,29448.7,168717
YWEL,영욱전자,857,61923.37,146613
HDMT,현도자동차,858,133427.08,220008
HLPM,혜린제약,858,84613.76,336040
HRBI,현려바이오,858,120188.34,402536
JCSC,지찬반도체,858,175791.53,254515
JHFD,주현식품,858,56851.25,197496
MHCH,문호화학,858,109765.22,185455
SHEN,수하에너지,858,145422.82,246154
SYTR,성윤물산,858,65024.87,348804
THCT,태호건설,858,77497.55,169727
THTC,태환통신,858,90926.27,187572
YJBK,유진문고,858,28408.24,141978
YWEL,영욱전자,858,59506.01,121016
HDMT,현도자동차,859,129167.89,165540
HLPM,혜린제약,859,85546.08,434907
HRBI,현려바이오,859,117027.63,347649
JCSC,지찬반도체,859,176797.3,276755
JHFD,주현식품,859,55729.79,190774
MHCH,문호화학,859,108413.71,182819
SHEN,수하에너지,859,144210.93,221138
SYTR,성윤물산,859,65064.4,269965
THCT,태호건설,859,76242.42,248320
THTC,태환통신,859,90572.91,291421
YJBK,유진문고,859,27370.76,162863
YWEL,영욱전자,859,57148.11,146949
HDMT,현도자동차,860,124859.78,230697
HLPM,혜린제약,860,86304.46,284369
HRBI,현려바이오,860,113734.5,389127
JCSC,지찬반도체,860,177374.88,381530
JHFD,주현식품,860,54510.85,211457
MHCH,문호화학,860,106836.97,238435
SHEN,수하에너지,860,142656.24,213477
SYTR,성윤물산,860,64944.83,266587
THCT,태호건설,860,74860.59,192015
THTC,태환통신,860,89980.71,297804
YJBK,유진문고,860,26343.94,190035
YWEL,영욱전자,860,54873.96,176798
HDMT,현도자동차,861,120523.44,185944
HLPM,혜린제약,861,86840.48,402520
HRBI,현려바이오,861,110321.96,439943
JCSC,지찬반도체,861,177492.86,250590
JHFD,주현식품,861,53201.71,199892
MHCH,문호화학,861,105027.9,195203
SHEN,수하에너지,861,140796.99,242856
SYTR,성윤물산,861,64662.03,307825
THCT,태호건설,861,73313.86,229559
THTC,태환통신,861,89182.95,280558
YJBK,유진문고,861,25341.49,212729
YWEL,영욱전자,861,52671.3,179054
HDMT,현도자동차,862,116202.14,199550
HLPM,혜린제약,862,87164.38,325490
HRBI,현려바이오,862,106848.53,418361
JCSC,지찬반도체,862,177137.18,276155
JHFD,주현식품,862,51810.52,163803
MHCH,문호화학,862,103019.42,237891
SHEN,수하에너지,862,138629.24,232997
SYTR,성윤물산,862,64224.58,241895
THCT,태호건설,862,71645.84,176340
THTC,태환통신,862,88168.83,257760
YJBK,유진문고,862,24355.43,141456
YWEL,영욱전자,862,50567.52,172843
HDMT,현도자동차,863,111915.65,212167
HLPM,혜린제약,863,87285.66,304695
HRBI,현려바이오,863,103316.3,409114
JCSC,지찬반도체,863,176352.44,261189
JHFD,주현식품,863,50371.77,260048
MHCH,문호화학,863,100828.04,197981
SHEN,수하에너지,863,136178.02,305617
SYTR,성윤물산,863,63620.48,294659
THCT,태호건설,863,69868.32,187327
THTC,태환통신,863,86961.0,273479
YJBK,유진문고,863,23397.69,185831
YWEL,영욱전자,863,48559.0,154022
HDMT,현도자동차,864,107689.99,195104
HLPM,혜린제약,864,87160.66,269725
HRBI,현려바이오,864,99766.84,448608
JCSC,지찬반도체,864,175141.13,263954
JHFD,주현식품,864,48893.99,220105
MHCH,문호화학,864,98449.03,206787
SHEN,수하에너지,864,133470.31,323478
SYTR,성윤물산,864,62873.0,351955
THCT,태호건설,864,68003.8,196486
THTC,태환통신,864,85581.46,354786
YJBK,유진문고,864,22470.64,145930
YWEL,영욱전자,864,46638.71,152799
HDMT,현도자동차,865,103549.61,167890
HLPM,혜린제약,865,86834.8,255376
HRBI,현려바이오,865,96236.64,372636
JCSC,지찬반도체,865,173541.86,335131
JHFD,주현식품,865,47370.19,228380
MHCH,문호화학,865,95940.84,264271
SHEN,수하에너지,865,130517.98,255946
SYTR,성윤물산,865,61988.3,406743
THCT,태호건설,865,66073.56,189751
THTC,태환통신,865,84018.54,316337
YJBK,유진문고,865,21576.28,163728
YWEL,영욱전자,865,44814.43,119215
HDMT,현도자동차,866,99473.9,214906
HLPM,혜린제약,866,86294.19,407967
HRBI,현려바이오,866,92724.88,387898
JCSC,지찬반도체,866,171458.0,325554
JHFD,주현식품,866,45819.65,195457
MHCH,문호화학,866,93311.01,258247
SHEN,수하에너지,866,127368.87,260676
SYTR,성윤물산,866,60968.12,275900
THCT,태호건설,866,64093.8,266582
THTC,태환통신,866,82301.73,356612
YJBK,유진문고,866,20718.84,141355
YWEL,영욱전자,866,43096.93,173613
HDMT,현도자동차,867,95536.0,164557
HLPM,혜린제약,867,85536.76,385220
HRBI,현려바이오,867,89246.73,382379
JCSC,지찬반도체,867,169025.07,292332
JHFD,주현식품,867,44269.56,203632
MHCH,문호화학,867,90589.72,210611
SHEN,수하에너지,867,124043.78,286455
SYTR,성윤물산,867,59835.05,312873
THCT,태호건설,867,62057.05,250006
THTC,태환통신,867,80445.47,249856
YJBK,유진문고,867,19891.91,136203
YWEL,영욱전자,867,41474.16,158294
HDMT,현도자동차,868,91732.92,177228
HLPM,혜린제약,868,84588.29,302083
HRBI,현려바이오,868,85829.49,300276
JCSC,지찬반도체,868,166247.27,392145
JHFD,주현식품,868,42704.5,243228
MHCH,문호화학,868,87822.07,222985
SHEN,수하에너지,868,120559.23,288948
SYTR,성윤물산,868,58592.37,403257
THCT,태호건설,868,60001.32,250656
THTC,태환통신,868,78451.05,282787
YJBK,유진문고,868,19104.52,139432
YWEL,영욱전자,868,39954.35,133747
HDMT,현도자동차,869,88050.3,168544
HLPM,혜린제약,869,83434.21,371883
HRBI,현려바이오,869,82463.67,380308
JCSC,지찬반도체,869,163130.85,328307
JHFD,주현식품,869,41148.91,259623
MHCH,문호화학,869,84980.59,263832
SHEN,수하에너지,869,116973.15,353859
SYTR,성윤물산,869,57242.18,277817
THCT,태호건설,869,57928.29,197217
THTC,태환통신,869,76371.24,372415
YJBK,유진문고,869,18357.75,191956
YWEL,영욱전자,869,38528.04,163246
HDMT,현도자동차,870,84541.8,189779
HLPM,혜린제약,870,82110.7,327162
HRBI,현려바이오,870,79218.19,437283
JCSC,지찬반도체,870,159714.31,301451
JHFD,주현식품,870,39605.46,270145
MHCH,문호화학,870,82110.45,295767
SHEN,수하에너지,870,113312.55,231998
SYTR,성윤물산,870,55823.76,326378
THCT,태호건설,870,55851.47,313525
THTC,태환통신,870,74203.73,366883
YJBK,유진문고,870,17650.95,144172
YWEL,영욱전자,870,37203.3,141975
HDMT,현도자동차,871,81181.03,198958
HLPM,혜린제약,871,80630.68,345450
HRBI,현려바이오,871,76068.24,478084
JCSC,지찬반도체,871,156041.7,397373
JHFD,주현식품,871,38092.43,186248
MHCH,문호화학,871,79235.83,353386
SHEN,수하에너지,871,109602.24,374600
SYTR,성윤물산,871,54316.69,377507
THCT,태호건설,871,53800.73,248614
THTC,태환통신,871,71964.66,401207
YJBK,유진문고,871,16981.32,177763
YWEL,영욱전자,871,35974.66,173718
HDMT,현도자동차,872,77980.73,256965
HLPM,혜린제약,872,78976.24,357790
HRBI,현려바이오,872,73032.3,316422
JCSC,지찬반도체,872,152157.21,403424
JHFD,주현식품,872,36609.72,292866
MHCH,문호화학,872,76368.76,303133
SHEN,수하에너지,872,105856.43,352120
SYTR,성윤물산,872,52760.35,308499
THCT,태호건설,872,51764.73,218482
THTC,태환통신,872,69697.02,300009
YJBK,유진문고,872,16354.1,181655
YWEL,영욱전자,872,34832.82,151674
HDMT,현도자동차,873,74950.05,248782
HLPM,혜린제약,873,77209.84,483645
HRBI,현려바이오,873,70105.89,415317
JCSC,지찬반도체,873,148079.37,369985
JHFD,주현식품,873,35162.24,246627
MHCH,문호화학,873,73522.02,329125
SHEN,수하에너지,873,102112.57,331622
SYTR,성윤물산,873,51149.83,439025
THCT,태호건설,873,49774.06,284077
THTC,태환통신,873,67385.73,333082
YJBK,유진문고,873,15766.12,149439
YWEL,영욱전자,873,33790.03,126369
HDMT,현도자동차,874,72086.9,204657
HLPM,혜린제약,874,75321.98,497693
HRBI,현려바이오,874,67318.89,347954
JCSC,지찬반도체,874,143824.69,460473
JHFD,주현식품,874,33761.96,248473
MHCH,문호화학,874,70713.44,343398
SHEN,수하에너지,874,98374.12,254098
SYTR,성윤물산,874,49521.72,408033
THCT,태호건설,874,47826.07,231890
THTC,태환통신,874,65056.68,309830
YJBK,유진문고,874,15216.68,170599
YWEL,영욱전자,874,32832.31,117376
HDMT,현도자동차,875,69388.5,234837
HLPM,혜린제약,875,73334.1,441676
HRBI,현려바이오,875,64664.63,292519
JCSC,지찬반도체,875,139467.89,430247
JHFD,주현식품,875,32413.78,185503
MHCH,문호화학,875,67967.82,305473
SHEN,수하에너지,875,94687.74,349847
SYTR,성윤물산,875,47867.22,441838
THCT,태호건설,875,45929.78,308724
THTC,태환통신,875,62728.44,389807
YJBK,유진문고,875,14708.61,135529
YWEL,영욱전자,875,31963.19,147799
HDMT,현도자동차,876,66849.62,222534
HLPM,혜린제약,876,71282.29,449983
HRBI,현려바이오,876,62144.2,316517
JCSC,지찬반도체,876,134997.36,405086
JHFD,주현식품,876,31114.84,271900
MHCH,문호화학,876,65287.05,298673
SHEN,수하에너지,876,91061.27,246046
SYTR,성윤물산,876,46203.29,347863
THCT,태호건설,876,44102.02,277016
THTC,태환통신,876,60415.1,378397
YJBK,유진문고,876,14237.29,149242
YWEL,영욱전자,876,31181.09,101428
HDMT,현도자동차,877,64488.79,228618
HLPM,혜린제약,877,69145.39,502603
HRBI,현려바이오,877,59749.09,320412
JCSC,지찬반도체,877,130489.66,339109
JHFD,주현식품,877,29868.33,248075
MHCH,문호화학,877,62703.45,274117
SHEN,수하에너지,877,87516.58,286123
SYTR,성윤물산,877,44547.5,331094
THCT,태호건설,877,42339.41,219930
THTC,태환통신,877,58137.24,404065
YJBK,유진문고,877,13802.7,175886
YWEL,영욱전자,877,30484.78,128184
HDMT,현도자동차,878,62280.61,219517
HLPM,혜린제약,878,66954.55,509017
HRBI,현려바이오,878,57497.75,318346
JCSC,지찬반도체,878,125947.09,488806
JHFD,주현식품,878,28686.46,289127
MHCH,문호화학,878,60197.2,355625
SHEN,수하에너지,878,84082.29,350734
SYTR,성윤물산,878,42897.98,342064
THCT,태호건설,878,40651.23,282361
THTC,태환통신,878,55902.0,438017
YJBK,유진문고,878,13408.77,156500
YWEL,영욱전자,878,29863.4,154752
HDMT,현도자동차,879,60232.39,205825
HLPM,혜린제약,879,64730.41,508866
HRBI,현려바이오,879,55376.67,452000
JCSC,지찬반도체,879,121420.94,343591
JHFD,주현식품,879,27560.86,279556
MHCH,문호화학,879,57793.52,355142
SHEN,수하에너지,879,80733.83,317446
SYTR,성윤물산,879,41268.54,430474
THCT,태호건설,879,39032.55,259840
THTC,태환통신,879,53714.43,274104
YJBK,유진문고,879,13047.65,191193
YWEL,영욱전자,879,29319.49,139685
HDMT,현도자동차,880,58353.07,153015
HLPM,혜린제약,880,62506.22,529724
HRBI,현려바이오,880,53400.51,330597
JCSC,지찬반도체,880,116927.52,372251
JHFD,주현식품,880,26494.05,208395
MHCH,문호화학,880,55488.25,253826
SHEN,수하에너지,880,77510.29,343064
SYTR,성윤물산,880,39678.36,511251
THCT,태호건설,880,37493.66,331246
THTC,태환통신,880,51587.48,325093
YJBK,유진문고,880,12721.16,143120
YWEL,영욱전자,880,28857.99,89778
HDMT,현도자동차,881,56612.45,185510
HLPM,혜린제약,881,60276.96,359579
HRBI,현려바이오,881,51551.0,414352
JCSC,지찬반도체,881,112497.61,331437
JHFD,주현식품,881,25495.14,236634
MHCH,문호화학,881,53291.64,315602
SHEN,수하에너지,881,74415.64,356769
SYTR,성윤물산,881,38127.25,442502
THCT,태호건설,881,36034.39,244838
THTC,태환통신,881,49534.24,398629
YJBK,유진문고,881,12426.72,130561
YWEL,영욱전자,881,28469.54,112427
HDMT,현도자동차,882,55037.62,163380
HLPM,혜린제약,882,58064.32,473716
HRBI,현려바이오,882,49839.06,347217
JCSC,지찬반도체,882,108159.32,416116
JHFD,주현식품,882,24552.76,247556
MHCH,문호화학,882,51198.65,365597
SHEN,수하에너지,882,71454.13,304996
SYTR,성윤물산,882,36619.81,511921
THCT,태호건설,882,34656.82,244450
THTC,태환통신,882,47555.52,312086
YJBK,유진문고,882,12166.17,151211
YWEL,영욱전자,882,28148.56,93211
HDMT,현도자동차,883,53604.94,228353
HLPM,혜린제약,883,55881.6,374386
HRBI,현려바이오,883,48268.84,303621
JCSC,지찬반도체,883,103950.35,448469
JHFD,주현식품,883,23669.38,192518
MHCH,문호화학,883,49217.06,325460
SHEN,수하에너지,883,68620.13,326582
SYTR,성윤물산,883,35160.57,445902
THCT,태호건설,883,33358.65,267087
THTC,태환통신,883,45656.68,391161
YJBK,유진문고,883,11938.27,149526
YWEL,영욱전자,883,27900.53,100833
HDMT,현도자동차,884,52311.47,207978
HLPM,혜린제약,884,53737.33,507950
HRBI,현려바이오,884,46814.75,412974
JCSC,지찬반도체,884,99835.34,353626
JHFD,주현식품,884,22842.69,261220
MHCH,문호화학,884,47343.97,301241
SHEN,수하에너지,884,65927.08,281567
SYTR,성윤물산,884,33751.96,461296
THCT,태호건설,884,32135.68,198718
THTC,태환통신,884,43839.09,317725
YJBK,유진문고,884,11741.64,124154
YWEL,영욱전자,884,27729.2,82365
HDMT,현도자동차,885,51146.84,203206
HLPM,혜린제약,885,51640.98,473665
HRBI,현려바이오,885,45476.92,401280
JCSC,지찬반도체,885,95847.38,464997
JHFD,주현식품,885,22078.89,219917
MHCH,문호화학,885,45584.02,311047
SHEN,수하에너지,885,63384.93,277895
SYTR,성윤물산,885,32404.65,420336
THCT,태호건설,885,30992.96,238209
THTC,태환통신,885,42107.21,321427
YJBK,유진문고,885,11575.3,115192
YWEL,영욱전자,885,27625.85,106768
HDMT,현도자동차,886,50124.26,159293
HLPM,혜린제약,886,49595.97,372810
HRBI,현려바이오,886,44265.11,317562
JCSC,지찬반도체,886,92017.36,423265
JHFD,주현식품,886,21371.89,258500
MHCH,문호화학,886,43934.48,330651
SHEN,수하에너지,886,60997.5,388963
SYTR,성윤물산,886,31112.35,437781
THCT,태호건설,886,29926.56,247175
THTC,태환통신,886,40466.02,378783
YJBK,유진문고,886,11438.63,151173
YWEL,영욱전자,886,27585.11,85771
HDMT,현도자동차,887,49241.11,153119
HLPM,혜린제약,887,47615.79,415131
HRBI,현려바이오,887,43168.5,362166
JCSC,지찬반도체,887,88322.53,418495
JHFD,주현식품,887,20720.09,227561
MHCH,문호화학,887,42398.39,318575
SHEN,수하에너지,887,58751.27,292452
SYTR,성윤물산,887,29883.58,436356
THCT,태호건설,887,28937.95,200139
THTC,태환통신,887,38915.62,292375
YJBK,유진문고,887,11331.68,113464
YWEL,영욱전자,887,27619.24,107400
HDMT,현도자동차,888,48483.75,202434
HLPM,혜린제약,888,45721.14,494934
HRBI,현려바이오,888,42187.02,260398
JCSC,지찬반도체,888,84817.02,335228
JHFD,주현식품,888,20122.83,235638
MHCH,문호화학,888,40966.34,228340
SHEN,수하에너지,888,56642.47,248524
SYTR,성윤물산,888,28723.81,324718
THCT,태호건설,888,28031.27,215558
THTC,태환통신,888,37455.2,321576
YJBK,유진문고,888,11254.65,104520
YWEL,영욱전자,888,27720.28,94298
HDMT,현도자동차,889,47848.67,143061
HLPM,혜린제약,889,43895.9,380796
HRBI,현려바이오,889,41316.06,377438
JCSC,지찬반도체,889,81489.08,333843
JHFD,주현식품,889,19578.15,224726
MHCH,문호화학,889,39643.76,247491
SHEN,수하에너지,889,54670.98,330125
SYTR,성윤물산,889,27624.35,442323
THCT,태호건설,889,27194.38,218264
THTC,태환통신,889,36083.67,420291
YJBK,유진문고,889,11204.42,125216
YWEL,영욱전자,889,27892.05,119543
HDMT,현도자동차,890,47335.71,132433
HLPM,혜린제약,890,42144.73,521087
HRBI,현려바이오,890,40557.09,385698
JCSC,지찬반도체,890,78326.34,523132
JHFD,주현식품,890,19086.19,160243
MHCH,문호화학,890,38415.87,215395
SHEN,수하에너지,890,52841.67,313728
SYTR,성윤물산,890,26591.82,351996
THCT,태호건설,890,26432.44,217019
THTC,태환통신,890,34795.77,343009
YJBK,유진문고,890,11183.92,146529
YWEL,영욱전자,890,28133.38,129327
HDMT,현도자동차,891,46936.57,173238
HLPM,혜린제약,891,40480.33,524995
HRBI,현려바이오,891,39904.98,354803
JCSC,지찬반도체,891,75334.58,506551
JHFD,주현식품,891,18646.58,204709
MHCH,문호화학,891,37290.55,233166
SHEN,수하에너지,891,51155.16,238636
SYTR,성윤물산,891,25622.53,328987
THCT,태호건설,891,25737.64,241222
THTC,태환통신,891,33605.4,371132
YJBK,유진문고,891,11190.12,116281
YWEL,영욱전자,891,28444.27,96437
HDMT,현도자동차,892,46665.63,138110
HLPM,혜린제약,892,38888.18,376344
HRBI,현려바이오,892,39348.94,255366
JCSC,지찬반도체,892,72508.16,343986
JHFD,주현식품,892,18255.61,181959
MHCH,문호화학,892,36267.35,221725
SHEN,수하에너지,892,49607.91,293585
SYTR,성윤물산,892,24718.81,319116
THCT,태호건설,892,25114.25,221530
THTC,태환통신,892,32499.15,346209
YJBK,유진문고,892,11227.69,96245
YWEL,영욱전자,892,28828.6,133612
HDMT,현도자동차,893,46515.94,149600
HLPM,혜린제약,893,37394.63,403922
HRBI,현려바이오,893,38899.18,279125
JCSC,지찬반도체,893,69858.99,405931
JHFD,주현식품,893,17916.84,170100
MHCH,문호화학,893,35334.03,304726
SHEN,수하에너지,893,48193.62,364909
SYTR,성윤물산,893,23879.82,419496
THCT,태호건설,893,24553.26,285272
THTC,태환통신,893,31475.99,264390
YJBK,유진문고,893,11290.56,138475
YWEL,영욱전자,893,29285.61,125515
HDMT,현도자동차,894,46488.64,138420
HLPM,혜린제약,894,35988.75,414207
HRBI,현려바이오,894,38550.13,290252
JCSC,지찬반도체,894,67389.92,391574
JHFD,주현식품,894,17620.94,174387
MHCH,문호화학,894,34500.07,255105
SHEN,수하에너지,894,46901.75,309404
SYTR,성윤물산,894,23099.52,405171
THCT,태호건설,894,24057.51,217027
THTC,태환통신,894,30532.56,376515
YJBK,유진문고,894,11382.97,124546
YWEL,영욱전자,894,29821.9,147470
HDMT,현도자동차,895,46567.94,140814
HLPM,혜린제약,895,34665.52,369739
HRBI,현려바이오,895,38296.8,313861
JCSC,지찬반도체,895,65094.59,360981
JHFD,주현식품,895,17369.86,229225
MHCH,문호화학,895,33759.6,304445
SHEN,수하에너지,895,45728.57,307013
SYTR,성윤물산,895,22375.14,394186
THCT,태호건설,895,23626.18,169956
THTC,태환통신,895,29674.89,395375
YJBK,유진문고,895,11504.46,164283
YWEL,영욱전자,895,30427.15,124187
HDMT,현도자동차,896,46760.92,180585
HLPM,혜린제약,896,33427.82,381179
HRBI,현려바이오,896,38137.86,251069
JCSC,지찬반도체,896,62960.84,379440
JHFD,주현식품,896,17163.23,184632
MHCH,문호화학,896,33102.49,234266
SHEN,수하에너지,896,44692.88,314774
SYTR,성윤물산,896,21713.15,399280
THCT,태호건설,896,23254.13,191133
THTC,태환통신,896,28897.05,276854
YJBK,유진문고,896,11653.31,149797
YWEL,영욱전자,896,31114.8,98602
HDMT,현도자동차,897,47070.59,153560
HLPM,혜린제약,897,32280.16,556845
HRBI,현려바이오,897,38072.42,212211
JCSC,지찬반도체,897,60998.03,479470
JHFD,주현식품,897,16998.06,149413
MHCH,문호화학,897,32542.8,204681
SHEN,수하에너지,897,43771.11,312406
SYTR,성윤물산,897,21110.19,307619
THCT,태호건설,897,22948.93,159155
THTC,태환통신,897,28195.31,326851
YJBK,유진문고,897,11832.49,162642
YWEL,영욱전자,897,31889.97,103531
HDMT,현도자동차,898,47498.61,193799
HLPM,혜린제약,898,31212.81,349969
HRBI,현려바이오,898,38108.12,234165
JCSC,지찬반도체,898,59192.04,406050
JHFD,주현식품,898,16878.18,139788
MHCH,문호화학,898,32057.69,250859
SHEN,수하에너지,898,42958.86,258078
SYTR,성윤물산,898,20560.95,351989
THCT,태호건설,898,22696.14,172742
THTC,태환통신,898,27565.63,350970
YJBK,유진문고,898,12041.63,122654
YWEL,영욱전자,898,32731.59,144693
HDMT,현도자동차,899,48048.23,146927
HLPM,혜린제약,899,30223.74,479522
HRBI,현려바이오,899,38238.28,252323
JCSC,지찬반도체,899,57531.67,472352
JHFD,주현식품,899,16802.61,210006
MHCH,문호화학,899,31657.74,206730
SHEN,수하에너지,899,42254.99,310152
SYTR,성윤물산,899,20071.47,434393
THCT,태호건설,899,22503.53,203702
THTC,태환통신,899,27007.6,239757
YJBK,유진문고,899,12280.34,180527
YWEL,영욱전자,899,33652.1,155553
HDMT,현도자동차,900,48718.0,136886
HLPM,혜린제약,900,29311.84,442161
HRBI,현려바이오,900,38469.65,221371
JCSC,지찬반도체,900,56029.79,380271
JHFD,주현식품,900,16769.38,135924
MHCH,문호화학,900,31342.89,252488
SHEN,수하에너지,900,41670.09,269743
SYTR,성윤물산,900,19627.0,297109
THCT,태호건설,900,22371.28,231191
THTC,태환통신,900,26523.8,285748
YJBK,유진문고,900,12551.17,144949
YWEL,영욱전자,900,34664.52,109921
HDMT,현도자동차,901,49523.9,183816
HLPM,혜린제약,901,28485.78,523695
HRBI,현려바이오,901,38791.71,230791
JCSC,지찬반도체,901,54683.5,365880
JHFD,주현식품,901,16777.92,141766
MHCH,문호화학,901,31107.55,212648
SHEN,수하에너지,901,41186.25,191635
SYTR,성윤물산,901,19236.59,380519
THCT,태호건설,901,22291.95,186241
THTC,태환통신,901,26109.62,274962
YJBK,유진문고,901,12851.8,167989
YWEL,영욱전자,901,35762.11,144163
HDMT,현도자동차,902,50454.24,198327
HLPM,혜린제약,902,27732.59,451584
HRBI,현려바이오,902,39218.55,282571
JCSC,지찬반도체,902,53472.2,455543
JHFD,주현식품,902,16828.73,148324
MHCH,문호화학,902,30945.45,177944
SHEN,수하에너지,902,40811.76,232759
SYTR,성윤물산,902,18898.38,384925
THCT,태호건설,902,22268.27,150757
THTC,태환통신,902,25761.0,330996
YJBK,유진문고,902,13185.98,172488
YWEL,영욱전자,902,36937.5,122307
HDMT,현도자동차,903,51495.97,194369
HLPM,혜린제약,903,27050.16,470196
HRBI,현려바이오,903,39734.02,312797
JCSC,지찬반도체,903,52409.63,464290
JHFD,주현식품,903,16919.64,134845
MHCH,문호화학,903,30867.58,230973
SHEN,수하에너지,903,40536.26,260095
SYTR,성윤물산,903,18607.13,311634
THCT,태호건설,903,22302.27,159705
THTC,태환통신,903,25481.59,228541
YJBK,유진문고,903,13554.67,148893
YWEL,영욱전자,903,38210.65,132622
HDMT,현도자동차,904,52670.99,135591
HLPM,혜린제약,904,26441.58,391068
HRBI,현려바이오,904,40360.24,307829
JCSC,지찬반도체,904,51484.46,433926
JHFD,주현식품,904,17055.41,201353
MHCH,문호화학,904,30865.22,160391
SHEN,수하에너지,904,40360.32,283142
SYTR,성윤물산,904,18364.35,288198
THCT,태호건설,904,22393.04,166988
THTC,태환통신,904,25261.92,286235
YJBK,유진문고,904,13954.0,146182
YWEL,영욱전자,904,39575.06,159205
HDMT,현도자동차,905,53984.32,163141
HLPM,혜린제약,905,25903.61,449350
HRBI,현려바이오,905,41083.08,298757
JCSC,지찬반도체,905,50692.08,288812
JHFD,주현식품,905,17233.47,206065
MHCH,문호화학,905,30942.25,255940
SHEN,수하에너지,905,40295.83,221191
SYTR,성윤물산,905,18167.48,297748
THCT,태호건설,905,22538.02,201704
THTC,태환통신,905,25110.08,242319
YJBK,유진문고,905,14391.23,198469
YWEL,영욱전자,905,41026.79,176642
HDMT,현도자동차,906,55430.09,185096
HLPM,혜린제약,906,25432.89,394724
HRBI,현려바이오,906,41910.93,401767
JCSC,지찬반도체,906,50038.2,301888
JHFD,주현식품,906,17456.05,148257
MHCH,문호화학,906,31091.43,220312
SHEN,수하에너지,906,40327.55,183280
SYTR,성윤물산,906,18021.03,273952
THCT,태호건설,906,22739.51,195832
THTC,태환통신,906,25019.5,295215
YJBK,유진문고,906,14862.13,145548
YWEL,영욱전자,906,42569.32,179466
HDMT,현도자동차,907,57020.51,200229
HLPM,혜린제약,907,25031.29,393469
HRBI,현려바이오,907,42842.28,400596
JCSC,지찬반도체,907,49519.95,414434
JHFD,주현식품,907,17719.82,154724
MHCH,문호화학,907,31323.23,202666
SHEN,수하에너지,907,40464.16,227514
SYTR,성윤물산,907,17916.71,248382
THCT,태호건설,907,22999.9,213343
THTC,태환통신,907,24996.7,222317
YJBK,유진문고,907,15367.21,188571
YWEL,영욱전자,907,44206.68,146358
HDMT,현도자동차,908,58750.58,151563
HLPM,혜린제약,908,24691.06,380299
HRBI,현려바이오,908,43878.1,338576
JCSC,지찬반도체,908,49117.43,259366
JHFD,주현식품,908,18033.21,151672
MHCH,문호화학,908,31630.13,177707
SHEN,수하에너지,908,40701.0,278110
SYTR,성윤물산,908,17860.83,297846
THCT,태호건설,908,23322.81,166792
THTC,태환통신,908,25035.89,199406
YJBK,유진문고,908,15913.64,132603
YWEL,영욱전자,908,45931.16,170317
HDMT,현도자동차,909,60618.97,190863
HLPM,혜린제약,909,24417.49,374920
HRBI,현려바이오,909,45028.43,257608
JCSC,지찬반도체,909,48839.19,381018
JHFD,주현식품,909,18390.81,189233
MHCH,문호화학,909,32021.67,257245
SHEN,수하에너지,909,41035.45,287158
SYTR,성윤물산,909,17850.11,213391
THCT,태호건설,909,23698.23,228391
THTC,태환통신,909,25135.52,241495
YJBK,유진문고,909,16492.63,130724
YWEL,영욱전자,909,47747.07,160138
HDMT,현도자동차,910,62636.23,178324
HLPM,혜린제약,910,24201.44,267558
HRBI,현려바이오,910,46282.03,305244
JCSC,지찬반도체,910,48688.78,278615
JHFD,주현식품,910,18792.5,169425
MHCH,문호화학,910,32495.81,268647
SHEN,수하에너지,910,41472.59,241463
SYTR,성윤물산,910,17882.75,339558
THCT,태호건설,910,24134.52,250853
THTC,태환통신,910,25296.82,317465
YJBK,유진문고,910,17110.04,157774
YWEL,영욱전자,910,49649.5,171567
HDMT,현도자동차,911,64815.34,161749
HLPM,혜린제약,911,24052.98,404427
HRBI,현려바이오,911,47678.09,392789
JCSC,지찬반도체,911,48663.89,320846
JHFD,주현식품,911,19242.48,231202
MHCH,문호화학,911,33046.89,230191
SHEN,수하에너지,911,42017.9,268835
SYTR,성윤물산,911,17959.73,357858
THCT,태호건설,911,24629.92,278158
THTC,태환통신,911,25524.61,257662
YJBK,유진문고,911,17767.24,133289
YWEL,영욱전자,911,51637.33,171814
HDMT,현도자동차,912,67148.19,152281
HLPM,혜린제약,912,23963.18,398230
HRBI,현려바이오,912,49181.81,307685
JCSC,지찬반도체,912,48756.67,238536
JHFD,주현식품,912,19742.16,207541
MHCH,문호화학,912,33686.71,303859
SHEN,수하에너지,912,42671.03,297576
SYTR,성윤물산,912,18082.24,304126
THCT,태호건설,912,25188.2,270985
THTC,태환통신,912,25815.97,325126
YJBK,유진문고,912,18458.4,218726
YWEL,영욱전자,912,53699.22,113341
HDMT,현도자동차,913,69635.9,201714
HLPM,혜린제약,913,23931.22,266438
HRBI,현려바이오,913,50806.25,313284
JCSC,지찬반도체,913,48965.95,338627
JHFD,주현식품,913,20291.54,214566
MHCH,문호화학,913,34403.45,308625
SHEN,수하에너지,913,43427.21,237516
SYTR,성윤물산,913,18251.15,357068
THCT,태호건설,913,25807.71,271089
THTC,태환통신,913,26168.9,334871
YJBK,유진문고,913,19187.46,204356
YWEL,영욱전자,913,55834.7,143878
HDMT,현도자동차,914,72266.18,236652
HLPM,혜린제약,914,23957.76,357486
HRBI,현려바이오,914,52539.37,343446
JCSC,지찬반도체,914,49301.48,308723
JHFD,주현식품,914,20889.42,249851
MHCH,문호화학,914,35210.42,305812
SHEN,수하에너지,914,44291.75,225504
SYTR,성윤물산,914,18461.82,266205
THCT,태호건설,914,26492.78,208855
THTC,태환통신,914,26584.77,309538
YJBK,유진문고,914,19947.45,213121
YWEL,영욱전자,914,58035.14,128875
HDMT,현도자동차,915,75048.74,227006
HLPM,혜린제약,915,24046.42,337821
HRBI,현려바이오,915,54403.63,400777
JCSC,지찬반도체,915,49767.41,356047
JHFD,주현식품,915,21540.48,187066
MHCH,문호화학,915,36106.55,290202
SHEN,수하에너지,915,45269.49,316746
SYTR,성윤물산,915,18721.77,256153
THCT,태호건설,915,27247.41,243848
THTC,태환통신,915,27074.46,357474
YJBK,유진문고,915,20743.56,198266
YWEL,영욱전자,915,60292.09,160318
HDMT,현도자동차,916,77980.58,163659
HLPM,혜린제약,916,24197.65,422186
HRBI,현려바이오,916,56402.0,441441
JCSC,지찬반도체,916,50348.95,322118
JHFD,주현식품,916,22242.89,225555
MHCH,문호화학,916,37094.67,292133
SHEN,수하에너지,916,46363.91,334179
SYTR,성윤물산,916,19025.66,385730
THCT,태호건설,916,28066.79,222139
THTC,태환통신,916,27630.93,351783
YJBK,유진문고,916,21569.81,195305
YWEL,영욱전자,916,62615.04,142687
HDMT,현도자동차,917,81065.22,205581
HLPM,혜린제약,917,24407.05,270129
HRBI,현려바이오,917,58530.06,398457
JCSC,지찬반도체,917,51062.95,295455
JHFD,주현식품,917,23001.21,202358
MHCH,문호화학,917,38172.88,319208
SHEN,수하에너지,917,47570.51,307722
SYTR,성윤물산,917,19379.02,351676
THCT,태호건설,917,28954.77,186678
THTC,태환통신,917,28253.1,266404
YJBK,유진문고,917,22429.75,187553
YWEL,영욱전자,917,64970.06,142495
HDMT,현도자동차,918,84296.23,247823
HLPM,혜린제약,918,24682.85,287372
HRBI,현려바이오,918,60778.63,360301
JCSC,지찬반도체,918,51902.6,275328
JHFD,주현식품,918,23813.31,231156
MHCH,문호화학,918,39340.98,331286
SHEN,수하에너지,918,48895.69,295555
SYTR,성윤물산,918,19785.12,299960
THCT,태호건설,918,29919.67,274081
THTC,태환통신,918,28956.04,349960
YJBK,유진문고,918,23316.75,192304
YWEL,영욱전자,918,67371.08,110857
HDMT,현도자동차,919,87682.83,205004
HLPM,혜린제약,919,25017.24,329671
HRBI,현려바이오,919,63141.03,356882
JCSC,지찬반도체,919,52879.31,310090
JHFD,주현식품,919,24680.25,282464
MHCH,문호화학,919,40608.19,269267
SHEN,수하에너지,919,50346.51,293466
SYTR,성윤물산,919,20238.23,350428
THCT,태호건설,919,30953.32,286123
THTC,태환통신,919,29725.6,387457
YJBK,유진문고,919,24227.44,134242
YWEL,영욱전자,919,69769.39,117855
HDMT,현도자동차,920,91203.84,167203
HLPM,혜린제약,920,25417.46,287449
HRBI,현려바이오,920,65632.62,337447
JCSC,지찬반도체,920,53984.62,358336
JHFD,주현식품,920,25597.91,226473
MHCH,문호화학,920,41982.05,269189
SHEN,수하에너지,920,51919.91,326848
SYTR,성윤물산,920,20742.22,275700
THCT,태호건설,920,32061.12,262366
THTC,태환통신,920,30568.98,402099
YJBK,유진문고,920,25159.81,200049
YWEL,영욱전자,920,72176.1,153513
HDMT,현도자동차,921,94827.9,161727
HLPM,혜린제약,921,25873.76,415127
HRBI,현려바이오,921,68258.11,455473
JCSC,지찬반도체,921,55222.15,372208
JHFD,주현식품,921,26576.54,236503
MHCH,문호화학,921,43456.44,300489
SHEN,수하에너지,921,53628.34,269184
SYTR,성윤물산,921,21299.05,321680
THCT,태호건설,921,33239.62,260339
THTC,태환통신,921,31497.32,258176
YJBK,유진문고,921,26111.46,193844
YWEL,영욱전자,921,74563.06,128427
HDMT,현도자동차,922,98563.6,213991
HLPM,혜린제약,922,26401.21,489440
HRBI,현려바이오,922,70983.64,312009
JCSC,지찬반도체,922,56610.76,320131
JHFD,주현식품,922,27604.65,207778
MHCH,문호화학,922,45033.29,334481
SHEN,수하에너지,922,55462.43,241746
SYTR,성윤물산,922,21913.46,417406
THCT,태호건설,922,34492.41,287241
THTC,태환통신,922,32490.4,325416
YJBK,유진문고,922,27079.36,145071
YWEL,영욱전자,922,76922.6,122948
HDMT,현도자동차,923,102406.82,218474
HLPM,혜린제약,923,26995.01,362570
HRBI,현려바이오,923,73814.55,405956
JCSC,지찬반도체,923,58137.32,408604
JHFD,주현식품,923,28692.3,262592
MHCH,문호화학,923,46699.04,307719
SHEN,수하에너지,923,57435.44,384820
SYTR,성윤물산,923,22578.48,408214
THCT,태호건설,923,35822.83,257861
THTC,태환통신,923,33566.01,258462
YJBK,유진문고,923,28052.84,153029
YWEL,영욱전자,923,79217.08,129231
HDMT,현도자동차,924,106321.79,221114
HLPM,혜린제약,924,27654.6,511752
HRBI,현려바이오,924,76746.29,468897
JCSC,지찬반도체,924,59810.95,327912
JHFD,주현식품,924,29830.94,227805
MHCH,문호화학,924,48466.53,241664
SHEN,수하에너지,924,59527.21,313210
SYTR,성윤물산,924,23299.6,428695
THCT,태호건설,924,37227.81,206812
THTC,태환통신,924,34724.09,309760
YJBK,유진문고,924,29025.83,192777
YWEL,영욱전자,924,81458.09,131769
HDMT,현도자동차,925,110319.14,174434
HLPM,혜린제약,925,28386.02,360626
HRBI,현려바이오,925,79792.72,473465
JCSC,지찬반도체,925,61633.38,315487
JHFD,주현식품,925,31022.01,275283
MHCH,문호화학,925,50339.96,328233
SHEN,수하에너지,925,61755.76,312586
SYTR,성윤물산,925,24079.67,370321
THCT,태호건설,925,38702.74,284524
THTC,태환통신,925,35962.19,327116
YJBK,유진문고,925,29991.58,133378
YWEL,영욱전자,925,83615.38,119190
HDMT,현도자동차,926,114325.03,168911
HLPM,혜린제약,926,29191.47,327473
HRBI,현려바이오,926,82908.6,390117
JCSC,지찬반도체,926,63598.86,354912
JHFD,주현식품,926,32263.7,236715
MHCH,문호화학,926,52316.92,327908
SHEN,수하에너지,926,64115.17,362490
SYTR,성윤물산,926,24913.66,415741
THCT,태호건설,926,40239.46,265610
THTC,태환통신,926,37292.82,410994
YJBK,유진문고,926,30946.84,176243
YWEL,영욱전자,926,85667.24,156442
HDMT,현도자동차,927,118372.75,221155
HLPM,혜린제약,927,30069.17,450980
HRBI,현려바이오,927,86108.74,380673
JCSC,지찬반도체,927,65719.45,463113
JHFD,주현식품,927,33552.33,240134
MHCH,문호화학,927,54383.2,291789
SHEN,수하에너지,927,66614.67,269574
SYTR,성윤물산,927,25805.9,466183
THCT,태호건설,927,41852.08,316636
THTC,태환통신,927,38700.99,302264
YJBK,유진문고,927,31887.25,153653
YWEL,영욱전자,927,87592.32,157242
HDMT,현도자동차,928,122397.35,184515
HLPM,혜린제약,928,31016.14,482866
HRBI,현려바이오,928,89343.57,307366
JCSC,지찬반도체,928,67997.6,350751
JHFD,주현식품,928,34877.2,284133
MHCH,문호화학,928,56553.39,319093
SHEN,수하에너지,928,69241.45,277907
SYTR,성윤물산,928,26759.21,413015
THCT,태호건설,928,43530.44,222402
THTC,태환통신,928,40196.09,400136
YJBK,유진문고,928,32805.89,187721
YWEL,영욱전자,928,89379.86,125579
HDMT,현도자동차,929,126408.97,159196
HLPM,혜린제약,929,32044.52,356088
HRBI,현려바이오,929,92625.72,355224
JCSC,지찬반도체,929,70437.33,400204
JHFD,주현식품,929,36239.73,265464
MHCH,문호화학,929,58804.73,281806
SHEN,수하에너지,929,72003.71,255508
SYTR,성윤물산,929,27770.65,330413
THCT,태호건설,929,45260.37,211317
THTC,태환통신,929,41771.92,291279
YJBK,유진문고,929,33685.53,154377
YWEL,영욱전자,929,91000.24,147097
HDMT,현도자동차,930,130382.04,237120
HLPM,혜린제약,930,33144.52,391381
HRBI,현려바이오,930,95945.45,439407
JCSC,지찬반도체,930,73044.47,354638
JHFD,주현식품,930,37643.23,180163
MHCH,문호화학,930,61162.74,283614
SHEN,수하에너지,930,74878.46,321891
SYTR,성윤물산,930,28845.47,452199
THCT,태호건설,930,47039.26,264458
THTC,태환통신,930,43421.68,292440
YJBK,유진문고,930,34525.99,154295
YWEL,영욱전자,930,92423.8,98505
HDMT,현도자동차,931,134232.98,196285
HLPM,혜린제약,931,34324.15,409759
HRBI,현려바이오,931,99264.4,445270
JCSC,지찬반도체,931,75818.94,367289
JHFD,주현식품,931,39068.11,287498
MHCH,문호화학,931,63584.0,352877
SHEN,수하에너지,931,77876.43,336929
SYTR,성윤물산,931,29973.33,440269
THCT,태호건설,931,48875.58,237882
THTC,태환통신,931,45153.48,342280
YJBK,유진문고,931,35318.09,190616
YWEL,영욱전자,931,93667.48,90780
HDMT,현도자동차,932,137990.72,212717
HLPM,혜린제약,932,35581.54,534716
HRBI,현려바이오,932,102546.45,401763
JCSC,지찬반도체,932,78739.35,378987
JHFD,주현식품,932,40515.31,283720
MHCH,문호화학,932,66095.88,352138
SHEN,수하에너지,932,80972.78,361417
SYTR,성윤물산,932,31161.02,495923
THCT,태호건설,932,50752.58,263048
THTC,태환통신,932,46952.51,299062
YJBK,유진문고,932,36053.86,130235
YWEL,영욱전자,932,94729.88,95469
HDMT,현도자동차,933,141593.14,150817
HLPM,혜린제약,933,36920.64,553700
HRBI,현려바이오,933,105799.61,358474
JCSC,지찬반도체,933,81815.19,533644
JHFD,주현식품,933,41971.19,282691
MHCH,문호화학,933,68652.92,242085
SHEN,수하에너지,933,84187.9,355488
SYTR,성윤물산,933,32405.09,480541
THCT,태호건설,933,52662.44,243390
THTC,태환통신,933,48823.38,291074
YJBK,유진문고,933,36727.79,124369
YWEL,영욱전자,933,95552.68,137891
HDMT,현도자동차,934,145002.87,169350
HLPM,혜린제약,934,38336.19,513995
HRBI,현려바이오,934,108980.66,294131
JCSC,지찬반도체,934,85063.39,429350
JHFD,주현식품,934,43434.07,275411
MHCH,문호화학,934,71268.46,271536
SHEN,수하에너지,934,87487.35,375770
SYTR,성윤물산,934,33701.78,392860
THCT,태호건설,934,54592.29,282957
THTC,태환통신,934,50771.61,340734
YJBK,유진문고,934,37329.79,108698
YWEL,영욱전자,934,96150.4,118880
HDMT,현도자동차,935,148200.86,134483
HLPM,혜린제약,935,39831.92,585440
HRBI,현려바이오,935,112083.47,346143
JCSC,지찬반도체,935,88451.67,349919
JHFD,주현식품,935,44884.1,173249
MHCH,문호화학,935,73922.82,348889
SHEN,수하에너지,935,90849.36,269697
SYTR,성윤물산,935,35046.66,376226
THCT,태호건설,935,56520.86,275709
THTC,태환통신,935,52766.15,330015
YJBK,유진문고,935,37854.17,157175
YWEL,영욱전자,935,96516.91,82953
HDMT,현도자동차,936,151135.08,148170
HLPM,혜린제약,936,41406.53,481799
HRBI,현려바이오,936,115074.57,318506
JCSC,지찬반도체,936,91981.91,410962
JHFD,주현식품,936,46330.11,188640
MHCH,문호화학,936,76606.32,341435
SHEN,수하에너지,936,94285.81,300825
SYTR,성윤물산,936,36445.69,372595
THCT,태호건설,936,58468.23,248217
THTC,태환통신,936,54837.38,304793
YJBK,유진문고,936,38296.44,145239
YWEL,영욱전자,936,96629.91,104714
HDMT,현도자동차,937,153816.13,131834
HLPM,혜린제약,937,43059.97,545508
HRBI,현려바이오,937,117915.66,403612
JCSC,지찬반도체,937,95644.63,438543
JHFD,주현식품,937,47739.25,174109
MHCH,문호화학,937,79301.23,254549
SHEN,수하에너지,937,97772.58,303872
SYTR,성윤물산,937,37881.98,402596
THCT,태호건설,937,60391.13,258504
THTC,태환통신,937,56934.82,371906
YJBK,유진문고,937,38654.07,139313
YWEL,영욱전자,937,96522.16,90878
HDMT,현도자동차,938,156161.68,157546
HLPM,혜린제약,938,44777.7,579690
HRBI,현려바이오,938,120619.61,323961
JCSC,지찬반도체,938,99433.85,529232
JHFD,주현식품,938,49113.48,264751
MHCH,문호화학,938,81978.98,317309
SHEN,수하에너지,938,101294.65,345694
SYTR,성윤물산,938,39362.27,481672
THCT,태호건설,938,62295.76,261114
THTC,태환통신,938,59069.5,368803
YJBK,유진문고,938,38920.27,143699
YWEL,영욱전자,938,96161.21,114670
HDMT,현도자동차,939,158187.3,148537
HLPM,혜린제약,939,46567.23,387578
HRBI,현려바이오,939,123091.35,393587
JCSC,지찬반도체,939,103366.89,395148
JHFD,주현식품,939,50446.18,234339
MHCH,문호화학,939,84625.12,326790
SHEN,수하에너지,939,104796.38,304673
SYTR,성윤물산,939,40870.5,407851
THCT,태호건설,939,64166.84,259608
THTC,태환통신,939,61232.16,327029
YJBK,유진문고,939,39093.4,117595
YWEL,영욱전자,939,95555.11,88367
HDMT,현도자동차,940,159865.83,180668
HLPM,혜린제약,940,48414.35,409359
HRBI,현려바이오,940,125347.76,387632
JCSC,지찬반도체,940,107390.56,503513
JHFD,주현식품,940,51715.12,232241
MHCH,문호화학,940,87240.04,289647
SHEN,수하에너지,940,108288.21,317229
SYTR,성윤물산,940,42399.26,344184
THCT,태호건설,940,65962.76,274436
THTC,태환통신,940,63400.22,362873
YJBK,유진문고,940,39164.31,148279
YWEL,영욱전자,940,94716.46,137909
HDMT,현도자동차,941,161182.77,178754
HLPM,혜린제약,941,50326.78,548071
HRBI,현려바이오,941,127352.86,236883
JCSC,지찬반도체,941,111487.63,475959
JHFD,주현식품,941,52908.33,217307
MHCH,문호화학,941,89792.45,310185
SHEN,수하에너지,941,111736.79,310172
SYTR,성윤물산,941,43949.68,456783
THCT,태호건설,941,67683.97,240571
THTC,태환통신,941,65580.4,283198
YJBK,유진문고,941,39134.92,103263
YWEL,영욱전자,941,93672.83,107466
HDMT,현도자동차,942,162095.94,112242
HLPM,혜린제약,942,52295.65,461823
HRBI,현려바이오,942,129116.56,247583
JCSC,지찬반도체,942,115672.66,458755
JHFD,주현식품,942,54004.94,221785
MHCH,문호화학,942,92257.76,220233
SHEN,수하에너지,942,115117.66,329796
SYTR,성윤물산,942,45499.48,493260
THCT,태호건설,942,69333.96,254622
THTC,태환통신,942,67747.16,283364
YJBK,유진문고,942,39007.01,146936
YWEL,영욱전자,942,92405.09,137404
HDMT,현도자동차,943,162612.46,144303
HLPM,혜린제약,943,54304.06,379009
HRBI,현려바이오,943,130592.64,268470
JCSC,지찬반도체,943,119903.22,467928
JHFD,주현식품,943,55012.37,203521
MHCH,문호화학,943,94613.98,301707
SHEN,수하에너지,943,118408.87,304586
SYTR,성윤물산,943,47058.14,436857
THCT,태호건설,943,70881.22,179930
THTC,태환통신,943,69876.17,384899
YJBK,유진문고,943,38787.5,121792
YWEL,영욱전자,943,90948.26,107484
HDMT,현도자동차,944,162750.27,155692
HLPM,혜린제약,944,56357.71,384343
HRBI,현려바이오,944,131750.84,335396
JCSC,지찬반도체,944,124146.34,368274
JHFD,주현식품,944,55916.96,167150
MHCH,문호화학,944,96837.41,206292
SHEN,수하에너지,944,121582.31,306446
SYTR,성윤물산,944,48609.54,314656
THCT,태호건설,944,72306.05,198195
THTC,태환통신,944,71973.37,300197
YJBK,유진문고,944,38473.78,99512
YWEL,영욱전자,944,89303.95,127539
HDMT,현도자동차,945,162462.02,161507
HLPM,혜린제약,945,58437.27,381702
HRBI,현려바이오,945,132607.13,342221
JCSC,지찬반도체,945,128402.19,432720
JHFD,주현식품,945,56716.94,229833
MHCH,문호화학,945,98907.51,214166
SHEN,수하에너지,945,124627.03,343403
SYTR,성윤물산,945,50124.3,391113
THCT,태호건설,945,73607.63,245480
THTC,태환통신,945,74004.69,319003
YJBK,유진문고,945,38064.17,123071
YWEL,영욱전자,945,87470.72,136252
HDMT,현도자동차,946,161780.16,121804
HLPM,혜린제약,946,60531.82,481880
HRBI,현려바이오,946,133136.28,265438
JCSC,지찬반도체,946,132621.65,327660
JHFD,주현식품,946,57391.1,141132
MHCH,문호화학,946,100819.89,212942
SHEN,수하에너지,946,127476.97,301106
SYTR,성윤물산,946,51609.85,433743
THCT,태호건설,946,74757.6,245662
THTC,태환통신,946,75962.93,286198
YJBK,유진문고,946,37574.13,141751
YWEL,영욱전자,946,85498.43,134029
HDMT,현도자동차,947,160697.45,180172
HLPM,혜린제약,947,62619.25,412994
HRBI,현려바이오,947,133332.91,298180
JCSC,지찬반도체,947,136769.52,475169
JHFD,주현식품,947,57934.49,181779
MHCH,문호화학,947,102550.01,265840
SHEN,수하에너지,947,130090.62,288423
SYTR,성윤물산,947,53051.94,440860
THCT,태호건설,947,75739.34,211469
THTC,태환통신,947,77812.17,247712
YJBK,유진문고,947,36998.84,124943
YWEL,영욱전자,947,83417.62,129630
HDMT,현도자동차,948,159199.48,137013
HLPM,혜린제약,948,64692.65,373583
HRBI,현려바이오,948,133212.19,302932
JCSC,지찬반도체,948,140800.54,358867
JHFD,주현식품,948,58334.13,149325
MHCH,문호화학,948,104065.27,291264
SHEN,수하에너지,948,132506.66,248870
SYTR,성윤물산,948,54424.96,391245
THCT,태호건설,948,76544.74,252526
THTC,태환통신,948,79548.21,337491
YJBK,유진문고,948,36349.82,168427
YWEL,영욱전자,948,81214.78,152488
HDMT,현도자동차,949,157334.37,131435
HLPM,혜린제약,949,66737.14,472953
HRBI,현려바이오,949,132769.53,214042
JCSC,지찬반도체,949,144731.24,374598
JHFD,주현식품,949,58599.35,167623
MHCH,문호화학,949,105359.5,210751
SHEN,수하에너지,949,134641.07,266660
SYTR,성윤물산,949,55733.9,328330
THCT,태호건설,949,77196.41,153931
THTC,태환통신,949,81163.87,260904
YJBK,유진문고,949,35631.56,129415
YWEL,영욱전자,949,78929.87,114745
HDMT,현도자동차,950,155125.35,159794
HLPM,혜린제약,950,68731.98,462136
HRBI,현려바이오,950,131975.65,252359
JCSC,지찬반도체,950,148481.69,408290
JHFD,주현식품,950,58713.43,150840
MHCH,문호화학,950,106400.86,187005
SHEN,수하에너지,950,136532.09,290572
SYTR,성윤물산,950,56967.86,326876
THCT,태호건설,950,77664.96,191955
THTC,태환통신,950,82616.34,230699
YJBK,유진문고,950,34846.72,181744
YWEL,영욱전자,950,76565.87,110553
HDMT,현도자동차,951,152586.43,156448
HLPM,혜린제약,951,70678.84,415305
HRBI,현려바이오,951,130849.78,274269
JCSC,지찬반도체,951,152049.09,358732
JHFD,주현식품,951,58686.26,181857
MHCH,문호화학,951,107181.32,168859
SHEN,수하에너지,951,138139.73,308825
SYTR,성윤물산,951,58102.04,405355
THCT,태호건설,951,77934.8,179063
THTC,태환통신,951,83926.65,349884
YJBK,유진문고,951,34014.06,135532
YWEL,영욱전자,951,74148.6,116675
HDMT,현도자동차,952,149774.14,198716
HLPM,혜린제약,952,72547.7,401428
HRBI,현려바이오,952,129426.61,318297
JCSC,지찬반도체,952,155402.92,332499
JHFD,주현식품,952,58508.36,126829
MHCH,문호화학,952,107704.0,229706
SHEN,수하에너지,952,139392.08,212430
SYTR,성윤물산,952,59134.01,349647
THCT,태호건설,952,78023.24,161935
THTC,태환통신,952,85042.82,290429
YJBK,유진문고,952,33130.63,195700
YWEL,영욱전자,952,71694.08,170929
HDMT,현도자동차,953,146660.21,205667
HLPM,혜린제약,953,74332.8,464344
HRBI,현려바이오,953,127689.68,324760
JCSC,지찬반도체,953,158467.84,418298
JHFD,주현식품,953,58183.75,192627
MHCH,문호화학,953,107969.78,185554
SHEN,수하에너지,953,140348.74,241661
SYTR,성윤물산,953,60045.84,388028
THCT,태호건설,953,77907.42,203144
THTC,태환통신,953,85980.57,254171
YJBK,유진문고,953,32207.1,154585
YWEL,영욱전자,953,69227.06,153750
HDMT,현도자동차,954,143309.98,194610
HLPM,혜린제약,954,76010.62,405907
HRBI,현려바이오,954,125673.89,243122
JCSC,지찬반도체,954,161251.71,416271
JHFD,주현식품,954,57722.73,195818
MHCH,문호화학,954,107978.25,173066
SHEN,수하에너지,954,140948.36,254382
SYTR,성윤물산,954,60819.27,322600
THCT,태호건설,954,77588.74,204730
THTC,태환통신,954,86724.64,309035
YJBK,유진문고,954,31253.0,152939
YWEL,영욱전자,954,66756.32,135555
HDMT,현도자동차,955,139743.84,198609
HLPM,혜린제약,955,77555.65,381061
HRBI,현려바이오,955,123406.53,272877
JCSC,지찬반도체,955,163750.41,282314
JHFD,주현식품,955,57128.47,173740
MHCH,문호화학,955,107720.19,209766
SHEN,수하에너지,955,141194.94,245692
SYTR,성윤물산,955,61463.95,270881
THCT,태호건설,955,77079.19,172586
THTC,태환통신,955,87243.65,275171
YJBK,유진문고,955,30273.7,191893
YWEL,영욱전자,955,64301.03,122676
HDMT,현도자동차,956,135991.5,147395
HLPM,혜린제약,956,78968.81,479695
HRBI,현려바이오,956,120921.26,286151
JCSC,지찬반도체,956,165900.24,277261
JHFD,주현식품,956,56398.09,151474
MHCH,문호화학,956,107193.0,192164
SHEN,수하에너지,956,141096.06,209627
SYTR,성윤물산,956,61970.82,311490
THCT,태호건설,956,76376.18,158983
THTC,태환통신,956,87537.12,283799
YJBK,유진문고,956,29287.04,142212
YWEL,영욱전자,956,61890.65,131829
HDMT,현도자동차,957,132094.71,194471
HLPM,혜린제약,957,80221.65,381013
HRBI,현려바이오,957,118238.99,312737
JCSC,지찬반도체,957,167639.31,405971
JHFD,주현식품,957,55537.81,214143
MHCH,문호화학,957,106401.48,179023
SHEN,수하에너지,957,140637.52,230804
SYTR,성윤물산,957,62310.41,314994
THCT,태호건설,957,75493.64,193508
THTC,태환통신,957,87633.51,273774
YJBK,유진문고,957,28286.99,175854
YWEL,영욱전자,957,59510.2,182245
HDMT,현도자동차,958,128072.27,231683
HLPM,혜린제약,958,81314.13,301015
HRBI,현려바이오,958,115347.03,275606
JCSC,지찬반도체,958,169003.16,281979
JHFD,주현식품,958,54563.41,218104
MHCH,문호화학,958,105340.37,233211
SHEN,수하에너지,958,139834.61,292548
SYTR,성윤물산,958,62505.72,346113
THCT,태호건설,958,74448.14,257229
THTC,태환통신,958,87505.5,246861
YJBK,유진문고,958,27288.99,150264
YWEL,영욱전자,958,57196.43,143658
HDMT,현도자동차,959,123978.66,155265
HLPM,혜린제약,959,82222.66,275165
HRBI,현려바이오,959,112306.2,396492
JCSC,지찬반도체,959,169957.98,379781
JHFD,주현식품,959,53495.86,212552
MHCH,문호화학,959,104041.42,224790
SHEN,수하에너지,959,138687.47,183586
SYTR,성윤물산,959,62556.88,341905
THCT,태호건설,959,73242.53,165622
THTC,태환통신,959,87157.58,277074
YJBK,유진문고,959,26290.28,203599
YWEL,영욱전자,959,54937.53,111112
HDMT,현도자동차,960,119837.58,189436
HLPM,혜린제약,960,82952.15,420156
HRBI,현려바이오,960,109153.9,300584
JCSC,지찬반도체,960,170502.89,362263
JHFD,주현식품,960,52321.97,251611
MHCH,문호화학,960,102520.02,292091
SHEN,수하에너지,960,137188.93,232001
SYTR,성윤물산,960,62437.22,227695
THCT,태호건설,960,71894.86,212570
THTC,태환통신,960,86593.11,305311
YJBK,유진문고,960,25307.26,211515
YWEL,영욱전자,960,52749.31,158042
HDMT,현도자동차,961,115679.08,185355
HLPM,혜린제약,961,83471.0,260771
HRBI,현려바이오,961,105893.25,334814
JCSC,지찬반도체,961,170599.18,257756
JHFD,주현식품,961,51064.5,245197
MHCH,문호화학,961,100783.75,207845
SHEN,수하에너지,961,135382.83,215846
SYTR,성윤물산,961,62168.63,278277
THCT,태호건설,961,70416.12,243384
THTC,태환통신,961,85831.55,201781
YJBK,유진문고,961,24336.71,152445
YWEL,영욱전자,961,50637.12,159177
HDMT,현도자동차,962,111523.26,235796
HLPM,혜린제약,962,83794.21,252366
HRBI,현려바이오,962,102576.9,421984
JCSC,지찬반도체,962,170281.96,302907
JHFD,주현식품,962,49745.23,195965
MHCH,문호화학,962,98858.19,205508
SHEN,수하에너지,962,133279.54,266994
SYTR,성윤물산,962,61732.79,318092
THCT,태호건설,962,68837.93,190539
THTC,태환통신,962,84854.08,252520
YJBK,유진문고,962,23391.52,174837
YWEL,영욱전자,962,48619.34,178265
HDMT,현도자동차,963,107407.61,162548
HLPM,혜린제약,963,83918.63,261576
HRBI,현려바이오,963,99202.88,360118
JCSC,지찬반도체,963,169521.66,283704
JHFD,주현식품,963,48361.1,185334
MHCH,문호화학,963,96752.27,195012
SHEN,수하에너지,963,130907.37,204346
SYTR,성윤물산,963,61164.83,252246
THCT,태호건설,963,67128.81,195770
THTC,태환통신,963,83688.35,346180
YJBK,유진문고,963,22472.73,201098
YWEL,영욱전자,963,46678.99,112930
HDMT,현도자동차,964,103351.67,241117
HLPM,혜린제약,964,83818.44,350354
HRBI,현려바이오,964,95809.66,393900
JCSC,지찬반도체,964,168376.06,284877
JHFD,주현식품,964,46932.76,228465
MHCH,문호화학,964,94470.91,203194
SHEN,수하에너지,964,128279.86,222433
SYTR,성윤물산,964,60455.6,344484
THCT,태호건설,964,65336.37,250771
THTC,태환통신,964,82340.77,215639
YJBK,유진문고,964,21577.05,209302
YWEL,영욱전자,964,44839.81,116269
HDMT,현도자동차,965,99384.44,236368
HLPM,혜린제약,965,83502.44,410900
HRBI,현려바이오,965,92402.14,453845
JCSC,지찬반도체,965,166817.01,335826
JHFD,주현식품,965,45469.17,194050
MHCH,문호화학,965,92054.76,210225
SHEN,수하에너지,965,125455.49,340622
SYTR,성윤물산,965,59604.9,337226
THCT,태호건설,965,63471.95,212527
THTC,태환통신,965,80823.41,308472
YJBK,유진문고,965,20715.59,174947
YWEL,영욱전자,965,43092.49,140285
HDMT,현도자동차,966,95509.99,246077
HLPM,혜린제약,966,82993.82,326736
HRBI,현려바이오,966,89021.42,313921
JCSC,지찬반도체,966,164863.22,379170
JHFD,주현식품,966,43982.41,202884
MHCH,문호화학,966,89538.31,227728
SHEN,수하에너지,966,122441.58,222275
SYTR,성윤물산,966,58626.29,328839
THCT,태호건설,966,61563.05,209113
THTC,태환통신,966,79160.7,266547
YJBK,유진문고,966,19887.85,195499
YWEL,영욱전자,966,41437.94,130649
HDMT,현도자동차,967,91741.8,216591
HLPM,혜린제약,967,82281.73,283378
HRBI,현려바이오,967,85682.31,415546
JCSC,지찬반도체,967,162520.25,401370
JHFD,주현식품,967,42479.17,266471
MHCH,문호화학,967,86923.95,250080
SHEN,수하에너지,967,119236.89,332358
SYTR,성윤물산,967,57537.71,321907
THCT,태호건설,967,59601.29,288554
THTC,태환통신,967,77364.63,348276
YJBK,유진문고,967,19094.25,190449
YWEL,영욱전자,967,39881.78,145923
HDMT,현도자동차,968,88080.6,256502
HLPM,혜린제약,968,81363.05,317059
HRBI,현려바이오,968,82390.29,404573
JCSC,지찬반도체,968,159852.75,394950
JHFD,주현식품,968,40973.71,276977
MHCH,문호화학,968,84242.64,223772
SHEN,수하에너지,968,115903.89,323375
SYTR,성윤물산,968,56336.45,371327
THCT,태호건설,968,57620.02,269826
THTC,태환통신,968,75469.59,310343
YJBK,유진문고,968,18338.44,179344
YWEL,영욱전자,968,38422.64,145864
HDMT,현도자동차,969,84569.89,227691
HLPM,혜린제약,969,80267.44,309789
HRBI,현려바이오,969,79172.91,372472
JCSC,지찬반도체,969,156837.4,435723
JHFD,주현식품,969,39477.05,183299
MHCH,문호화학,969,81522.25,320809
SHEN,수하에너지,969,112441.93,284299
SYTR,성윤물산,969,55039.11,269529
THCT,태호건설,969,55626.51,303293
THTC,태환통신,969,73455.5,254041
YJBK,유진문고,969,17619.12,168452
YWEL,영욱전자,969,37051.0,172131
HDMT,현도자동차,970,81191.53,207105
HLPM,혜린제약,970,79001.58,392226
HRBI,현려바이오,970,76052.07,335641
JCSC,지찬반도체,970,153576.48,315281
JHFD,주현식품,970,37997.89,249094
MHCH,문호화학,970,78766.78,319691
SHEN,수하에너지,970,108921.28,239176
SYTR,성윤물산,970,53667.6,361971
THCT,태호건설,970,53646.52,230494
THTC,태환통신,970,71370.74,301599
YJBK,유진문고,970,16941.41,195342
YWEL,영욱전자,970,35777.72,155798
HDMT,현도자동차,971,77939.93,237446
HLPM,혜린제약,971,77580.07,425745
HRBI,현려바이오,971,73023.44,434789
JCSC,지찬반도체,971,150047.95,356027
JHFD,주현식품,971,36548.85,257843
MHCH,문호화학,971,76003.4,224361
SHEN,수하에너지,971,105366.27,337954
SYTR,성윤물산,971,52228.74,337073
THCT,태호건설,971,51679.95,247200
THTC,태환통신,971,69223.9,278153
YJBK,유진문고,971,16302.77,205891
YWEL,영욱전자,971,34595.68,116448
HDMT,현도자동차,972,74873.92,221092
HLPM,혜린제약,972,75989.1,464805
HRBI,현려바이오,972,70089.59,439271
JCSC,지찬반도체,972,146333.41,447595
JHFD,주현식품,972,35125.84,180006
MHCH,문호화학,972,73263.17,318663
SHEN,수하에너지,972,101770.92,315368
SYTR,성윤물산,972,50735.93,406819
THCT,태호건설,972,49724.82,293406
THTC,태환통신,972,67042.1,259173
YJBK,유진문고,972,15701.43,170235
YWEL,영욱전자,972,33504.14,167855
HDMT,현도자동차,973,71969.11,197729
HLPM,혜린제약,973,74280.88,400277
HRBI,현려바이오,973,67280.51,479848
JCSC,지찬반도체,973,142388.75,465769
JHFD,주현식품,973,33740.1,278950
MHCH,문호화학,973,70544.3,221645
SHEN,수하에너지,973,98173.13,379901
SYTR,성윤물산,973,49196.3,435860
THCT,태호건설,973,47813.35,292037
THTC,태환통신,973,64815.25,365534
YJBK,유진문고,973,15139.76,128862
YWEL,영욱전자,973,32498.73,112219
HDMT,현도자동차,974,69211.58,221594
HLPM,혜린제약,974,72465.55,480987
HRBI,현려바이오,974,64609.09,370312
JCSC,지찬반도체,974,138310.72,490781
JHFD,주현식품,974,32392.67,285750
MHCH,문호화학,974,67858.2,323561
SHEN,수하에너지,974,94593.52,373591
SYTR,성윤물산,974,47615.37,452296
THCT,태호건설,974,45950.17,288530
THTC,태환통신,974,62567.98,257661
YJBK,유진문고,974,14616.88,136007
YWEL,영욱전자,974,31579.17,139630
HDMT,현도자동차,975,66619.87,251169
HLPM,혜린제약,975,70551.49,332086
HRBI,현려바이오,975,62047.93,400662
JCSC,지찬반도체,975,134105.88,446790
JHFD,주현식품,975,31097.78,203816
MHCH,문호화학,975,65243.21,271604
SHEN,수하에너지,975,91064.37,294642
SYTR,성윤물산,975,46021.03,303377
THCT,태호건설,975,44129.86,297395
THTC,태환통신,975,60337.9,369788
YJBK,유진문고,975,14126.98,154311
YWEL,영욱전자,975,30745.73,163786
HDMT,현도자동차,976,64185.47,240749
HLPM,혜린제약,976,68558.39,426319
HRBI,현려바이오,976,59621.46,298843
JCSC,지찬반도체,976,129827.16,508054
JHFD,주현식품,976,29856.39,195256
MHCH,문호화학,976,62681.38,335130
SHEN,수하에너지,976,87572.47,355625
SYTR,성윤물산,976,44413.84,384027
THCT,태호건설,976,42375.71,248505
THTC,태환통신,976,58116.14,397988
YJBK,유진문고,976,13675.56,153020
YWEL,영욱전자,976,29990.7,105475
HDMT,현도자동차,977,61911.68,219286
HLPM,혜린제약,977,66508.53,468114
HRBI,현려바이오,977,57324.84,286529
JCSC,지찬반도체,977,125497.33,372064
JHFD,주현식품,977,28666.77,203168
MHCH,문호화학,977,60187.21,280612
SHEN,수하에너지,977,84159.68,277984
SYTR,성윤물산,977,42815.74,483322
THCT,태호건설,977,40680.84,248974
THTC,태환통신,977,55930.15,335702
YJBK,유진문고,977,13258.45,202531
YWEL,영욱전자,977,29313.32,107538
HDMT,현도자동차,978,59796.85,226247
HLPM,혜린제약,978,64403.28,449029
HRBI,현려바이오,978,55163.3,375247
JCSC,지찬반도체,978,121138.38,396990
JHFD,주현식품,978,27526.89,232954
MHCH,문호화학,978,57781.28,331963
SHEN,수하에너지,978,80854.17,267195
SYTR,성윤물산,978,41233.44,418007
THCT,태호건설,978,39052.36,331028
THTC,태환통신,978,53784.03,434230
YJBK,유진문고,978,12879.59,172742
YWEL,영욱전자,978,28717.38,147193
HDMT,현도자동차,979,57840.79,194921
HLPM,혜린제약,979,62277.67,362165
HRBI,현려바이오,979,53132.34,309063
JCSC,지찬반도체,979,116784.19,502860
JHFD,주현식품,979,26447.39,201668
MHCH,문호화학,979,55470.3,254310
SHEN,수하에너지,979,77640.82,404798
SYTR,성윤물산,979,39677.17,390099
THCT,태호건설,979,37490.06,291086
THTC,태환통신,979,51676.22,401734
YJBK,유진문고,979,12533.96,191096
YWEL,영욱전자,979,28196.91,96481
HDMT,현도자동차,980,56028.19,228660
HLPM,혜린제약,980,60141.85,482820
HRBI,현려바이오,980,51222.48,353423
JCSC,지찬반도체,980,112474.89,433780
JHFD,주현식품,980,25424.62,246341
MHCH,문호화학,980,53251.58,261050
SHEN,수하에너지,980,74537.69,395967
SYTR,성윤물산,980,38146.29,337576
THCT,태호건설,980,36010.09,292018
THTC,태환통신,980,49630.75,389897
YJBK,유진문고,980,12219.51,192885
YWEL,영욱전자,980,27747.42,129957
HDMT,현도자동차,981,54364.21,216101
HLPM,혜린제약,981,57990.49,566553
HRBI,현려바이오,981,49456.25,315983
JCSC,지찬반도체,981,108206.8,430467
JHFD,주현식품,981,24454.17,286417
MHCH,문호화학,981,51133.87,366539
SHEN,수하에너지,981,71562.09,256264
SYTR,성윤물산,981,36652.68,465526
THCT,태호건설,981,34610.57,229598
THTC,태환통신,981,47656.6,419997
YJBK,유진문고,981,11938.28,149656
YWEL,영욱전자,981,27372.95,124271
HDMT,현도자동차,982,52839.73,200466
HLPM,혜린제약,982,55852.77,475547
HRBI,현려바이오,982,47816.79,423095
JCSC,지찬반도체,982,104030.05,382610
JHFD,주현식품,982,23544.52,193178
MHCH,문호화학,982,49120.69,343766
SHEN,수하에너지,982,68714.42,348081
SYTR,성윤물산,982,35203.95,335265
THCT,태호건설,982,33288.55,254583
THTC,태환통신,982,45750.25,288166
YJBK,유진문고,982,11691.31,147940
YWEL,영욱전자,982,27065.58,124291
HDMT,현도자동차,983,51456.73,222740
HLPM,혜린제약,983,53737.25,500112
HRBI,현려바이오,983,46298.9,303539
JCSC,지찬반도체,983,99965.44,361279
JHFD,주현식품,983,22701.8,249066
MHCH,문호화학,983,47222.42,225966
SHEN,수하에너지,983,65991.03,289258
SYTR,성윤물산,983,33807.0,443212
THCT,태호건설,983,32037.9,201847
THTC,태환통신,983,43924.49,420835
YJBK,유진문고,983,11472.16,115457
YWEL,영욱전자,983,26828.17,101457
HDMT,현도자동차,984,50209.4,153822
HLPM,혜린제약,984,51676.19,474712
HRBI,현려바이오,984,44889.46,271786
JCSC,지찬반도체,984,96002.9,372414
JHFD,주현식품,984,21911.55,202604
MHCH,문호화학,984,45413.58,344873
SHEN,수하에너지,984,63406.11,267276
SYTR,성윤물산,984,32456.96,449760
THCT,태호건설,984,30866.42,274892
THTC,태환통신,984,42174.9,281922
YJBK,유진문고,984,11282.71,135033
YWEL,영욱전자,984,26664.81,118370
HDMT,현도자동차,985,49095.71,149999
HLPM,혜린제약,985,49662.52,504954
HRBI,현려바이오,985,43605.72,361087
JCSC,지찬반도체,985,92161.72,477250
JHFD,주현식품,985,21180.6,171500
MHCH,문호화학,985,43720.54,219867
SHEN,수하에너지,985,60957.74,282872
SYTR,성윤물산,985,31162.97,356184
THCT,태호건설,985,29769.63,223323
THTC,태환통신,985,40515.92,428932
YJBK,유진문고,985,11122.12,161870
YWEL,영욱전자,985,26570.66,82305
HDMT,현도자동차,986,48118.17,184800
HLPM,혜린제약,986,47698.56,401097
HRBI,현려바이오,986,42441.34,364307
JCSC,지찬반도체,986,88488.03,445230
JHFD,주현식품,986,20505.67,198246
MHCH,문호화학,986,42142.62,305315
SHEN,수하에너지,986,58649.99,337715
SYTR,성윤물산,986,29921.14,435992
THCT,태호건설,986,28749.48,303299
THTC,태환통신,986,38931.58,412130
YJBK,유진문고,986,10990.58,143261
YWEL,영욱전자,986,26536.52,98789
HDMT,현도자동차,987,47270.02,176507
HLPM,혜린제약,987,45794.79,411998
HRBI,현려바이오,987,41392.47,372722
JCSC,지찬반도체,987,84961.5,386853
JHFD,주현식품,987,19880.76,257156
MHCH,문호화학,987,40667.42,246748
SHEN,수하에너지,987,56482.9,280169
SYTR,성윤물산,987,28744.36,368162
THCT,태호건설,987,27803.53,267896
THTC,태환통신,987,37443.48,394122
YJBK,유진문고,987,10888.86,128907
YWEL,영욱전자,987,26568.16,79303
HDMT,현도자동차,988,46539.84,168888
HLPM,혜린제약,988,43964.25,557759
HRBI,현려바이오,988,40457.16,267151
JCSC,지찬반도체,988,81573.93,479827
JHFD,주현식품,988,19310.55,266139
MHCH,문호화학,988,39290.12,309116
SHEN,수하에너지,988,54455.88,384878
SYTR,성윤물산,988,27629.15,428323
THCT,태호건설,988,26927.23,270465
THTC,태환통신,988,36035.15,323117
YJBK,유진문고,988,10813.41,118887
YWEL,영욱전자,988,26666.9,122994
HDMT,현도자동차,989,45925.74,164260
HLPM,혜린제약,989,42210.43,480328
HRBI,현려바이오,989,39626.68,385972
JCSC,지찬반도체,989,78360.63,481383
JHFD,주현식품,989,18788.28,242546
MHCH,문호화학,989,38018.89,218679
SHEN,수하에너지,989,52570.34,372620
SYTR,성윤물산,989,26573.6,394795
THCT,태호건설,989,26118.03,213573
THTC,태환통신,989,34712.78,385328
YJBK,유진문고,989,10766.33,152780
YWEL,영욱전자,989,26834.29,119492
HDMT,현도자동차,990,45435.72,179460
HLPM,혜린제약,990,40533.34,558631
HRBI,현려바이오,990,38900.53,290711
JCSC,지찬반도체,990,75299.53,394732
JHFD,주현식품,990,18316.95,215427
MHCH,문호화학,990,36843.06,290914
SHEN,수하에너지,990,50817.55,307444
SYTR,성윤물산,990,25577.13,470124
THCT,태호건설,990,25384.44,186752
THTC,태환통신,990,33474.23,349051
YJBK,유진문고,990,10745.97,137968
YWEL,영욱전자,990,27070.48,114521
HDMT,현도자동차,991,45052.57,150502
HLPM,혜린제약,991,38933.21,502709
HRBI,현려바이오,991,38272.64,253720
JCSC,지찬반도체,991,72418.46,476950
JHFD,주현식품,991,17894.7,217130
MHCH,문호화학,991,35761.06,218717
SHEN,수하에너지,991,49202.64,358929
SYTR,성윤물산,991,24642.26,350216
THCT,태호건설,991,24718.86,277159
THTC,태환통신,991,32327.59,368625
YJBK,유진문고,991,10754.47,140530
YWEL,영욱전자,991,27375.0,94228
HDMT,현도자동차,992,44782.83,150510
HLPM,혜린제약,992,37412.41,506361
HRBI,현려바이오,992,37741.57,342100
JCSC,지찬반도체,992,69700.8,489885
JHFD,주현식품,992,17520.21,224523
MHCH,문호화학,992,34778.1,322281
SHEN,수하에너지,992,47712.3,296242
SYTR,성윤물산,992,23775.43,469201
THCT,태호건설,992,24120.47,259933
THTC,태환통신,992,31254.36,397080
YJBK,유진문고,992,10788.49,101259
YWEL,영욱전자,992,27745.83,139992
HDMT,현도자동차,993,44631.14,182073
HLPM,혜린제약,993,35975.12,530269
HRBI,현려바이오,993,37321.18,223108
JCSC,지찬반도체,993,67170.95,525561
JHFD,주현식품,993,17190.0,213368
MHCH,문호화학,993,33891.78,246657
SHEN,수하에너지,993,46343.33,301215
SYTR,성윤물산,993,22969.82,428430
THCT,태호건설,993,23586.58,187456
THTC,태환통신,993,30266.25,299528
YJBK,유진문고,993,10851.03,99559
YWEL,영욱전자,993,28188.26,123357
HDMT,현도자동차,994,44587.69,139301
HLPM,혜린제약,994,34620.91,390616
HRBI,현려바이오,994,36985.34,302967
JCSC,지찬반도체,994,64798.04,449459
JHFD,주현식품,994,16904.12,187217
MHCH,문호화학,994,33099.55,255021
SHEN,수하에너지,994,45103.4,225438
SYTR,성윤물산,994,22216.63,434090
THCT,태호건설,994,23109.98,258810
THTC,태환통신,994,29361.05,267901
YJBK,유진문고,994,10939.08,123615
YWEL,영욱전자,994,28702.44,93196
HDMT,현도자동차,995,44661.71,152783
HLPM,혜린제약,995,33347.71,448634
HRBI,현려바이오,995,36747.07,304983
JCSC,지찬반도체,995,62596.56,486524
JHFD,주현식품,995,16663.15,149935
MHCH,문호화학,995,32386.66,260493
SHEN,수하에너지,995,43985.94,320449
SYTR,성윤물산,995,21521.8,418413
THCT,태호건설,995,22695.95,214445
THTC,태환통신,995,28535.08,270986
YJBK,유진문고,995,11053.82,159380
YWEL,영욱전자,995,29287.28,101645
HDMT,현도자동차,996,44845.15,131353
HLPM,혜린제약,996,32163.42,567623
HRBI,현려바이오,996,36602.26,308469
JCSC,지찬반도체,996,60546.8,506912
JHFD,주현식품,996,16464.75,174310
MHCH,문호화학,996,31757.96,277612
SHEN,수하에너지,996,42979.24,250825
SYTR,성윤물산,996,20884.17,396145
THCT,태호건설,996,22341.24,207779
THTC,태환통신,996,27782.46,239862
YJBK,유진문고,996,11196.94,118829
YWEL,영욱전자,996,29946.49,127327
HDMT,현도자동차,997,45152.75,138458
HLPM,혜린제약,997,31054.11,449716
HRBI,현려바이오,997,36552.26,208577
JCSC,지찬반도체,997,58643.97,414513
JHFD,주현식품,997,16306.41,207157
MHCH,문호화학,997,31219.85,251304
SHEN,수하에너지,997,42085.39,295755
SYTR,성윤물산,997,20307.57,361349
THCT,태호건설,997,22044.22,215302
THTC,태환통신,997,27105.51,292775
YJBK,유진문고,997,11369.69,146918
YWEL,영욱전자,997,30680.36,158934
HDMT,현도자동차,998,45575.89,154178
HLPM,혜린제약,998,30027.03,460806
HRBI,현려바이오,998,36583.29,323469
JCSC,지찬반도체,998,56900.51,409961
JHFD,주현식품,998,16191.92,167850
MHCH,문호화학,998,30754.21,271428
SHEN,수하에너지,998,41305.81,208987
SYTR,성윤물산,998,19781.73,276879
THCT,태호건설,998,21805.04,224281
THTC,태환통신,998,26496.97,249093
YJBK,유진문고,998,11573.62,173129
YWEL,영욱전자,998,31493.18,143239
HDMT,현도자동차,999,46102.81,144816
HLPM,혜린제약,999,29076.65,546796
HRBI,현려바이오,999,36711.5,290987
JCSC,지찬반도체,999,55309.8,407739
JHFD,주현식품,999,16121.23,133175
MHCH,문호화학,999,30373.98,245479
SHEN,수하에너지,999,40633.66,233799
SYTR,성윤물산,999,19306.97,435282
THCT,태호건설,999,21620.09,162427
THTC,태환통신,999,25961.43,334310
YJBK,유진문고,999,11802.62,171704
YWEL,영욱전자,999,32388.87,143873
HDMT,현도자동차,1000,46750.96,150721
HLPM,혜린제약,1000,28205.5,539949
HRBI,현려바이오,1000,36928.54,287227
JCSC,지찬반도체,1000,53860.97,347564
JHFD,주현식품,1000,16089.05,191963
MHCH,문호화학,1000,30065.53,204344
SHEN,수하에너지,1000,40065.64,254600
SYTR,성윤물산,1000,18883.83,375810
THCT,태호건설,1000,21488.83,221052
THTC,태환통신,1000,25493.79,310475
YJBK,유진문고,1000,12062.59,183452
YWEL,영욱전자,1000,33355.02,123663
